ID,First_Name,Last_Name,Email,Phone,Company,Job_Title,City,Country
1,Amelia,Moore,amelia.moore@yahoo.com,+1-747-480-3490,Innovation Labs,Product Manager,Columbus,Brazil
2,Benjamin,Miller,benjamin.miller@company.com,+1-332-616-8650,Innovation Labs,Data Analyst,Chicago,United Kingdom
3,Isabella,Gonzalez,isabella.gonzalez@company.com,+1-244-367-2561,Digital Dynamics,Product Manager,Chicago,India
4,Alexander,Jones,alexander.jones@yahoo.com,+1-991-893-2831,Digital Dynamics,Software Engineer,Philadelphia,France
5,Lucas,Brown,lucas.brown@business.net,+1-558-913-9928,Acme Corp,UX Designer,New York,Japan
6,Lucas,Gonzalez,lucas.gonzalez@company.com,+1-576-343-4075,Digital Dynamics,HR Specialist,San Antonio,Canada
7,Ethan,Anderson,ethan.anderson@company.com,+1-389-939-9316,Acme Corp,Software Engineer,Jacksonville,India
8,William,Garcia,william.garcia@gmail.com,+1-431-472-3826,Future Enterprises,Sales Representative,Houston,Brazil
9,Amelia,Lopez,amelia.lopez@yahoo.com,+1-903-121-2853,DataFlow Systems,DevOps Engineer,Houston,Mexico
10,Benjamin,Anderson,benjamin.anderson@business.net,+1-518-858-8130,Digital Dynamics,Data Analyst,New York,Germany
11,Charlotte,Lopez,charlotte.lopez@work.org,+1-874-459-4418,Innovation Labs,DevOps Engineer,Houston,Mexico
12,Isabella,Anderson,isabella.anderson@work.org,+1-271-530-3366,Innovation Labs,Project Manager,Phoenix,Japan
13,Noah,Hernandez,noah.hernandez@business.net,+1-923-127-7816,Global Solutions,Marketing Manager,New York,France
14,James,Lopez,james.lopez@gmail.com,+1-647-613-9328,Innovation Labs,DevOps Engineer,Phoenix,Germany
15,Mason,Jackson,mason.jackson@hotmail.com,+1-628-721-1707,Global Solutions,Marketing Manager,San Jose,Australia
16,Noah,Garcia,noah.garcia@outlook.com,+1-598-687-4399,Future Enterprises,Financial Analyst,Houston,United States
17,Ava,Brown,ava.brown@work.org,+1-509-376-6452,Future Enterprises,UX Designer,Dallas,Mexico
18,Ethan,Miller,ethan.miller@work.org,+1-484-824-5612,Innovation Labs,Project Manager,San Jose,India
19,Ethan,Hernandez,ethan.hernandez@work.org,+1-792-177-3298,Global Solutions,Sales Representative,Columbus,Canada
20,Alexander,Lopez,alexander.lopez@outlook.com,+1-242-538-4348,Smart Analytics,Marketing Manager,Dallas,India
21,Charlotte,Moore,charlotte.moore@work.org,+1-269-631-6906,TechStart Inc,Sales Representative,Philadelphia,Brazil
22,Mia,Smith,mia.smith@yahoo.com,+1-726-215-7605,CloudTech Pro,Sales Representative,Dallas,Japan
23,Lucas,Wilson,lucas.wilson@work.org,+1-738-994-4040,Digital Dynamics,HR Specialist,Jacksonville,France
24,Oliver,Taylor,oliver.taylor@hotmail.com,+1-659-694-2200,DataFlow Systems,Project Manager,Columbus,Canada
25,Oliver,Davis,oliver.davis@gmail.com,+1-680-688-7932,Smart Analytics,HR Specialist,Dallas,Brazil
26,Emma,Thomas,emma.thomas@business.net,+1-980-310-3876,Acme Corp,UX Designer,Philadelphia,India
27,Ava,Garcia,ava.garcia@hotmail.com,+1-430-723-2253,Acme Corp,HR Specialist,Houston,Brazil
28,Ava,Jackson,ava.jackson@hotmail.com,+1-649-436-9242,Digital Dynamics,HR Specialist,Columbus,India
29,Noah,Brown,noah.brown@hotmail.com,+1-275-922-9608,Digital Dynamics,UX Designer,San Diego,Japan
30,Mia,Williams,mia.williams@gmail.com,+1-281-131-1869,Global Solutions,Project Manager,San Jose,Brazil
31,Ava,Martinez,ava.martinez@gmail.com,+1-549-217-3792,Global Solutions,Marketing Manager,Charlotte,Brazil
32,Charlotte,Martin,charlotte.martin@company.com,+1-563-237-1200,Innovation Labs,Data Analyst,Dallas,France
33,Mia,Moore,mia.moore@business.net,+1-454-968-5280,Future Enterprises,Software Engineer,Austin,France
34,Oliver,Martin,oliver.martin@company.com,+1-473-801-1114,CloudTech Pro,Financial Analyst,Austin,Brazil
35,Liam,Wilson,liam.wilson@hotmail.com,+1-422-207-6056,Digital Dynamics,Marketing Manager,Chicago,Germany
36,Mia,Martinez,mia.martinez@yahoo.com,+1-275-374-7860,TechStart Inc,Marketing Manager,Jacksonville,Brazil
37,Noah,Smith,noah.smith@yahoo.com,+1-561-302-1864,Digital Dynamics,Product Manager,Los Angeles,Japan
38,Ethan,Gonzalez,ethan.gonzalez@work.org,+1-878-362-5217,TechStart Inc,Project Manager,Phoenix,France
39,Evelyn,Martin,evelyn.martin@hotmail.com,+1-889-233-4561,Innovation Labs,Product Manager,Phoenix,India
40,Oliver,Martinez,oliver.martinez@outlook.com,+1-556-686-2525,Future Enterprises,Financial Analyst,Dallas,France
41,Oliver,Jackson,oliver.jackson@business.net,+1-379-627-9884,Acme Corp,Financial Analyst,Charlotte,United Kingdom
42,James,Anderson,james.anderson@hotmail.com,+1-234-329-4322,Smart Analytics,HR Specialist,Philadelphia,Germany
43,Ava,Wilson,ava.wilson@hotmail.com,+1-990-907-3689,CloudTech Pro,Software Engineer,Chicago,France
44,Ethan,Williams,ethan.williams@yahoo.com,+1-394-592-8490,CloudTech Pro,UX Designer,New York,India
45,Mason,Miller,mason.miller@gmail.com,+1-700-214-1790,CloudTech Pro,DevOps Engineer,Chicago,Brazil
46,Oliver,Moore,oliver.moore@company.com,+1-409-253-9450,Future Enterprises,Software Engineer,San Antonio,Brazil
47,Harper,Hernandez,harper.hernandez@hotmail.com,+1-928-242-7446,Smart Analytics,UX Designer,San Diego,United Kingdom
48,Amelia,Gonzalez,amelia.gonzalez@outlook.com,+1-686-915-4820,TechStart Inc,Marketing Manager,Jacksonville,Mexico
49,Benjamin,Gonzalez,benjamin.gonzalez@yahoo.com,+1-374-826-8506,CloudTech Pro,Product Manager,Philadelphia,Japan
50,Sophia,Williams,sophia.williams@gmail.com,+1-447-164-7283,Innovation Labs,Financial Analyst,Columbus,France
51,Oliver,Rodriguez,oliver.rodriguez@work.org,+1-902-596-5419,Smart Analytics,Marketing Manager,Chicago,India
52,Harper,Jones,harper.jones@hotmail.com,+1-247-759-3196,Global Solutions,HR Specialist,Jacksonville,Canada
53,Alexander,Davis,alexander.davis@gmail.com,+1-804-969-7999,Future Enterprises,Project Manager,Austin,United Kingdom
54,Noah,Martinez,noah.martinez@company.com,+1-759-375-6054,Future Enterprises,HR Specialist,Houston,India
55,Liam,Gonzalez,liam.gonzalez@yahoo.com,+1-450-338-5609,Digital Dynamics,Product Manager,San Jose,United States
56,Noah,Miller,noah.miller@business.net,+1-596-170-8860,CloudTech Pro,Financial Analyst,Columbus,Mexico
57,Emma,Jackson,emma.jackson@hotmail.com,+1-220-568-6459,CloudTech Pro,Software Engineer,Los Angeles,United Kingdom
58,Isabella,Rodriguez,isabella.rodriguez@outlook.com,+1-439-221-7520,DataFlow Systems,Product Manager,Los Angeles,India
59,William,Hernandez,william.hernandez@hotmail.com,+1-901-733-4484,Global Solutions,Sales Representative,Dallas,India
60,Olivia,Davis,olivia.davis@work.org,+1-525-427-3716,Digital Dynamics,HR Specialist,Los Angeles,Brazil
61,Harper,Williams,harper.williams@company.com,+1-652-560-1002,Future Enterprises,DevOps Engineer,Los Angeles,Germany
62,Mason,Moore,mason.moore@business.net,+1-935-322-4661,Digital Dynamics,Software Engineer,San Diego,India
63,Mason,Williams,mason.williams@hotmail.com,+1-211-699-1158,Innovation Labs,UX Designer,Jacksonville,Japan
64,Oliver,Lopez,oliver.lopez@business.net,+1-869-820-5186,CloudTech Pro,Marketing Manager,San Diego,United Kingdom
65,Lucas,Brown,lucas.brown@work.org,+1-323-627-5282,DataFlow Systems,HR Specialist,San Jose,Mexico
66,Harper,Martinez,harper.martinez@company.com,+1-740-424-6095,CloudTech Pro,Data Analyst,Charlotte,India
67,Oliver,Gonzalez,oliver.gonzalez@work.org,+1-870-726-1813,CloudTech Pro,UX Designer,Dallas,India
68,Isabella,Thomas,isabella.thomas@outlook.com,+1-759-305-6330,Innovation Labs,Financial Analyst,San Antonio,India
69,Ava,Johnson,ava.johnson@gmail.com,+1-284-497-4164,DataFlow Systems,HR Specialist,Charlotte,Germany
70,Noah,Martin,noah.martin@outlook.com,+1-582-390-9822,DataFlow Systems,Data Analyst,San Antonio,Mexico
71,Benjamin,Miller,benjamin.miller@gmail.com,+1-845-193-1955,NextGen Software,DevOps Engineer,Austin,Canada
72,Amelia,Williams,amelia.williams@work.org,+1-694-931-8717,Acme Corp,Software Engineer,Dallas,India
73,Liam,Brown,liam.brown@gmail.com,+1-212-750-6663,Digital Dynamics,DevOps Engineer,Fort Worth,Canada
74,Ava,Jackson,ava.jackson@gmail.com,+1-369-362-3896,NextGen Software,Software Engineer,Phoenix,Germany
75,Olivia,Anderson,olivia.anderson@gmail.com,+1-613-389-3603,DataFlow Systems,Project Manager,Houston,United States
76,Lucas,Jones,lucas.jones@hotmail.com,+1-237-526-2902,Smart Analytics,DevOps Engineer,Charlotte,France
77,Lucas,Taylor,lucas.taylor@yahoo.com,+1-436-803-2767,NextGen Software,UX Designer,San Diego,Canada
78,Noah,Miller,noah.miller@hotmail.com,+1-811-385-4880,Smart Analytics,Marketing Manager,San Antonio,United States
79,Emma,Jones,emma.jones@business.net,+1-605-500-9177,Acme Corp,UX Designer,Dallas,Mexico
80,Evelyn,Davis,evelyn.davis@business.net,+1-309-763-5709,DataFlow Systems,UX Designer,Los Angeles,Germany
81,James,Rodriguez,james.rodriguez@company.com,+1-303-919-5114,DataFlow Systems,DevOps Engineer,Philadelphia,United States
82,Olivia,Davis,olivia.davis@yahoo.com,+1-918-564-4800,DataFlow Systems,DevOps Engineer,Philadelphia,Germany
83,Noah,Thomas,noah.thomas@yahoo.com,+1-621-673-3375,Future Enterprises,Sales Representative,Philadelphia,Australia
84,Benjamin,Brown,benjamin.brown@company.com,+1-204-547-3830,NextGen Software,HR Specialist,San Antonio,Canada
85,James,Williams,james.williams@hotmail.com,+1-902-850-4763,Global Solutions,Product Manager,Houston,Australia
86,Isabella,Lopez,isabella.lopez@company.com,+1-653-826-7242,CloudTech Pro,Data Analyst,San Antonio,Germany
87,Evelyn,Garcia,evelyn.garcia@business.net,+1-288-381-4014,CloudTech Pro,Software Engineer,San Diego,United Kingdom
88,Liam,Miller,liam.miller@company.com,+1-852-713-1556,Global Solutions,DevOps Engineer,Jacksonville,Japan
89,Amelia,Brown,amelia.brown@company.com,+1-244-738-1925,Digital Dynamics,Software Engineer,San Jose,United States
90,Benjamin,Taylor,benjamin.taylor@company.com,+1-456-748-1803,NextGen Software,Data Analyst,San Jose,Germany
91,Sophia,Garcia,sophia.garcia@work.org,+1-498-194-8511,Global Solutions,Product Manager,Austin,India
92,Harper,Anderson,harper.anderson@yahoo.com,+1-972-477-7444,NextGen Software,Marketing Manager,San Diego,Japan
93,Evelyn,Hernandez,evelyn.hernandez@outlook.com,+1-838-216-5942,Innovation Labs,Product Manager,Los Angeles,Mexico
94,Amelia,Martin,amelia.martin@hotmail.com,+1-545-960-2903,Acme Corp,Sales Representative,Chicago,France
95,Liam,Jones,liam.jones@yahoo.com,+1-749-416-1470,Future Enterprises,DevOps Engineer,Austin,Germany
96,Mason,Johnson,mason.johnson@company.com,+1-296-397-2927,Future Enterprises,Project Manager,Chicago,Mexico
97,Mason,Lopez,mason.lopez@gmail.com,+1-644-502-7339,Digital Dynamics,Financial Analyst,New York,Canada
98,James,Taylor,james.taylor@company.com,+1-935-564-4709,Digital Dynamics,UX Designer,New York,Australia
99,Noah,Jones,noah.jones@gmail.com,+1-462-470-7000,Smart Analytics,Data Analyst,Jacksonville,Mexico
100,Alexander,Martin,alexander.martin@yahoo.com,+1-325-457-1310,NextGen Software,Software Engineer,Dallas,Japan
101,Harper,Moore,harper.moore@hotmail.com,+1-913-656-3685,Future Enterprises,UX Designer,Houston,Japan
102,Noah,Jackson,noah.jackson@gmail.com,+1-404-917-6613,Innovation Labs,Marketing Manager,Houston,France
103,Alexander,Thomas,alexander.thomas@business.net,+1-431-330-1525,TechStart Inc,Software Engineer,Chicago,France
104,Ethan,Davis,ethan.davis@gmail.com,+1-922-451-9633,DataFlow Systems,Data Analyst,San Diego,United States
105,Amelia,Moore,amelia.moore@company.com,+1-810-787-7423,Acme Corp,DevOps Engineer,Chicago,Mexico
106,Harper,Jackson,harper.jackson@hotmail.com,+1-322-581-7445,DataFlow Systems,UX Designer,Los Angeles,Brazil
107,Oliver,Thomas,oliver.thomas@gmail.com,+1-629-814-7181,DataFlow Systems,Product Manager,Dallas,India
108,Ava,Martinez,ava.martinez@work.org,+1-714-163-7644,CloudTech Pro,Marketing Manager,Phoenix,Mexico
109,Olivia,Smith,olivia.smith@work.org,+1-330-380-8163,Future Enterprises,Data Analyst,Houston,Australia
110,Lucas,Smith,lucas.smith@gmail.com,+1-578-752-9165,CloudTech Pro,Project Manager,San Antonio,Canada
111,Isabella,Brown,isabella.brown@gmail.com,+1-216-890-2285,Innovation Labs,Project Manager,Columbus,Japan
112,William,Rodriguez,william.rodriguez@business.net,+1-202-314-9452,Smart Analytics,Software Engineer,New York,India
113,Evelyn,Williams,evelyn.williams@hotmail.com,+1-635-110-4546,Digital Dynamics,Project Manager,Fort Worth,Canada
114,Alexander,Jackson,alexander.jackson@gmail.com,+1-275-765-8042,Smart Analytics,HR Specialist,Fort Worth,Germany
115,Harper,Lopez,harper.lopez@work.org,+1-330-166-7188,DataFlow Systems,DevOps Engineer,Austin,Canada
116,Harper,Brown,harper.brown@company.com,+1-242-868-1928,Global Solutions,Financial Analyst,Philadelphia,France
117,Lucas,Johnson,lucas.johnson@work.org,+1-953-257-5283,Smart Analytics,Marketing Manager,Columbus,Brazil
118,Mia,Smith,mia.smith@hotmail.com,+1-438-635-2522,CloudTech Pro,Data Analyst,Houston,India
119,Ethan,Anderson,ethan.anderson@outlook.com,+1-960-940-1250,Acme Corp,DevOps Engineer,Philadelphia,Brazil
120,Mason,Jones,mason.jones@gmail.com,+1-771-724-9941,NextGen Software,Financial Analyst,Chicago,Japan
121,Emma,Gonzalez,emma.gonzalez@business.net,+1-790-700-6038,Global Solutions,Financial Analyst,Jacksonville,Brazil
122,Mia,Wilson,mia.wilson@business.net,+1-300-928-7249,Innovation Labs,Data Analyst,Columbus,United States
123,Ava,Martin,ava.martin@business.net,+1-355-218-9295,DataFlow Systems,Marketing Manager,Fort Worth,Germany
124,Benjamin,Wilson,benjamin.wilson@hotmail.com,+1-819-332-8897,Acme Corp,Product Manager,Chicago,Germany
125,Charlotte,Wilson,charlotte.wilson@business.net,+1-939-847-5270,NextGen Software,UX Designer,San Antonio,Germany
126,James,Thomas,james.thomas@work.org,+1-811-114-8374,NextGen Software,Marketing Manager,Dallas,United Kingdom
127,Emma,Jackson,emma.jackson@outlook.com,+1-201-819-6207,Smart Analytics,Marketing Manager,Jacksonville,United States
128,Amelia,Jackson,amelia.jackson@outlook.com,+1-733-510-3385,CloudTech Pro,Marketing Manager,San Antonio,United States
129,Oliver,Martin,oliver.martin@yahoo.com,+1-546-142-9254,CloudTech Pro,Marketing Manager,Jacksonville,France
130,Oliver,Smith,oliver.smith@business.net,+1-750-810-6489,Digital Dynamics,Product Manager,Jacksonville,France
131,Isabella,Thomas,isabella.thomas@hotmail.com,+1-271-279-2404,DataFlow Systems,Financial Analyst,Los Angeles,India
132,Ava,Garcia,ava.garcia@gmail.com,+1-658-473-5599,Digital Dynamics,Sales Representative,Phoenix,France
133,Noah,Jones,noah.jones@hotmail.com,+1-901-707-6357,Digital Dynamics,HR Specialist,San Antonio,Mexico
134,Ethan,Jackson,ethan.jackson@outlook.com,+1-571-996-4128,CloudTech Pro,Financial Analyst,Philadelphia,United Kingdom
135,William,Taylor,william.taylor@business.net,+1-406-583-1261,DataFlow Systems,Sales Representative,New York,India
136,Oliver,Wilson,oliver.wilson@yahoo.com,+1-345-685-8812,CloudTech Pro,Product Manager,San Diego,United Kingdom
137,Alexander,Rodriguez,alexander.rodriguez@yahoo.com,+1-959-178-7914,DataFlow Systems,HR Specialist,Fort Worth,France
138,Olivia,Jackson,olivia.jackson@business.net,+1-417-986-1809,Acme Corp,UX Designer,Jacksonville,Japan
139,Mason,Anderson,mason.anderson@work.org,+1-923-536-7099,Future Enterprises,Software Engineer,San Diego,Canada
140,Alexander,Anderson,alexander.anderson@gmail.com,+1-788-782-1578,Smart Analytics,Product Manager,San Diego,United Kingdom
141,Lucas,Brown,lucas.brown@business.net,+1-841-865-8904,TechStart Inc,Product Manager,Phoenix,Brazil
142,Mason,Garcia,mason.garcia@company.com,+1-895-343-5356,Digital Dynamics,Data Analyst,Houston,Brazil
143,Ava,Hernandez,ava.hernandez@hotmail.com,+1-630-592-4900,DataFlow Systems,DevOps Engineer,Dallas,Mexico
144,Ava,Rodriguez,ava.rodriguez@gmail.com,+1-689-444-5453,Digital Dynamics,HR Specialist,Houston,France
145,Lucas,Thomas,lucas.thomas@business.net,+1-702-186-1721,NextGen Software,Marketing Manager,San Diego,Germany
146,Isabella,Davis,isabella.davis@company.com,+1-954-627-7755,Digital Dynamics,Project Manager,Austin,Canada
147,Ava,Gonzalez,ava.gonzalez@yahoo.com,+1-816-288-3738,NextGen Software,Project Manager,Charlotte,United Kingdom
148,Sophia,Martin,sophia.martin@hotmail.com,+1-677-510-1330,Future Enterprises,Project Manager,Austin,Germany
149,Mia,Hernandez,mia.hernandez@company.com,+1-646-234-4473,Future Enterprises,Financial Analyst,Jacksonville,France
150,Liam,Davis,liam.davis@work.org,+1-453-746-2318,Global Solutions,Sales Representative,Austin,Germany
151,Benjamin,Wilson,benjamin.wilson@gmail.com,+1-385-330-6907,NextGen Software,DevOps Engineer,New York,Mexico
152,Mason,Taylor,mason.taylor@work.org,+1-359-892-6732,DataFlow Systems,UX Designer,Los Angeles,Mexico
153,Evelyn,Brown,evelyn.brown@business.net,+1-606-962-9455,TechStart Inc,Financial Analyst,Los Angeles,Canada
154,Isabella,Wilson,isabella.wilson@gmail.com,+1-927-658-1397,Acme Corp,HR Specialist,San Jose,Australia
155,James,Garcia,james.garcia@work.org,+1-225-662-3252,NextGen Software,DevOps Engineer,Austin,United States
156,Charlotte,Jones,charlotte.jones@gmail.com,+1-661-226-5116,Smart Analytics,Sales Representative,San Jose,Canada
157,Oliver,Gonzalez,oliver.gonzalez@work.org,+1-914-794-5746,TechStart Inc,Project Manager,San Antonio,United States
158,Olivia,Johnson,olivia.johnson@gmail.com,+1-522-506-9623,CloudTech Pro,HR Specialist,Columbus,India
159,William,Lopez,william.lopez@company.com,+1-836-899-6664,CloudTech Pro,Sales Representative,Chicago,United Kingdom
160,Mason,Moore,mason.moore@work.org,+1-474-202-5087,Acme Corp,DevOps Engineer,Chicago,Canada
161,Olivia,Wilson,olivia.wilson@yahoo.com,+1-993-862-6610,Innovation Labs,HR Specialist,Fort Worth,Australia
162,Sophia,Williams,sophia.williams@work.org,+1-451-603-8258,Acme Corp,Sales Representative,Charlotte,Japan
163,Emma,Moore,emma.moore@business.net,+1-479-907-9123,DataFlow Systems,Sales Representative,Chicago,France
164,Alexander,Martin,alexander.martin@outlook.com,+1-605-793-8182,DataFlow Systems,Financial Analyst,Phoenix,United States
165,Sophia,Johnson,sophia.johnson@business.net,+1-201-535-5043,Innovation Labs,HR Specialist,New York,United Kingdom
166,Liam,Thomas,liam.thomas@hotmail.com,+1-668-771-3655,Digital Dynamics,UX Designer,Columbus,Brazil
167,Emma,Williams,emma.williams@yahoo.com,+1-992-573-6672,TechStart Inc,Software Engineer,New York,Mexico
168,William,Johnson,william.johnson@hotmail.com,+1-973-975-4120,CloudTech Pro,HR Specialist,Los Angeles,Japan
169,Charlotte,Smith,charlotte.smith@yahoo.com,+1-621-319-9177,CloudTech Pro,UX Designer,San Diego,Brazil
170,Benjamin,Martin,benjamin.martin@company.com,+1-393-661-8505,TechStart Inc,Software Engineer,San Diego,Australia
171,Emma,Taylor,emma.taylor@gmail.com,+1-685-172-1770,Global Solutions,UX Designer,Philadelphia,Japan
172,Harper,Moore,harper.moore@outlook.com,+1-242-444-3890,Smart Analytics,HR Specialist,New York,United States
173,Mason,Anderson,mason.anderson@gmail.com,+1-457-848-7828,DataFlow Systems,Product Manager,Jacksonville,India
174,Ethan,Williams,ethan.williams@work.org,+1-831-851-7043,Future Enterprises,UX Designer,Philadelphia,Mexico
175,Ava,Martin,ava.martin@company.com,+1-497-364-7429,CloudTech Pro,DevOps Engineer,Dallas,Australia
176,Isabella,Martinez,isabella.martinez@yahoo.com,+1-730-987-3425,Digital Dynamics,DevOps Engineer,Los Angeles,Australia
177,Lucas,Jones,lucas.jones@business.net,+1-600-584-4539,Future Enterprises,Product Manager,Columbus,India
178,Sophia,Jackson,sophia.jackson@business.net,+1-739-869-4519,NextGen Software,DevOps Engineer,San Jose,Brazil
179,James,Taylor,james.taylor@work.org,+1-956-763-7504,CloudTech Pro,Marketing Manager,Columbus,United States
180,Mia,Martinez,mia.martinez@business.net,+1-534-559-7397,Acme Corp,Financial Analyst,San Jose,Canada
181,Mason,Martinez,mason.martinez@work.org,+1-532-122-6255,Global Solutions,HR Specialist,San Antonio,India
182,Isabella,Williams,isabella.williams@gmail.com,+1-731-600-9640,TechStart Inc,Sales Representative,Philadelphia,United States
183,Oliver,Miller,oliver.miller@gmail.com,+1-907-652-2776,Acme Corp,Project Manager,New York,Germany
184,Noah,Jackson,noah.jackson@outlook.com,+1-432-614-3867,DataFlow Systems,Data Analyst,Jacksonville,India
185,Harper,Hernandez,harper.hernandez@outlook.com,+1-454-710-5223,Digital Dynamics,Sales Representative,New York,United Kingdom
186,Isabella,Martin,isabella.martin@outlook.com,+1-225-539-4919,Innovation Labs,Product Manager,Charlotte,Germany
187,Benjamin,Martinez,benjamin.martinez@work.org,+1-362-425-4782,Global Solutions,Product Manager,New York,Japan
188,Noah,Gonzalez,noah.gonzalez@work.org,+1-252-540-5972,CloudTech Pro,HR Specialist,Phoenix,Australia
189,Alexander,Wilson,alexander.wilson@business.net,+1-818-945-6889,DataFlow Systems,DevOps Engineer,New York,Brazil
190,William,Thomas,william.thomas@yahoo.com,+1-597-902-9226,Smart Analytics,Marketing Manager,Charlotte,Germany
191,Ethan,Wilson,ethan.wilson@gmail.com,+1-755-796-1363,TechStart Inc,Financial Analyst,San Jose,Japan
192,James,Martin,james.martin@gmail.com,+1-480-203-4623,Global Solutions,HR Specialist,Chicago,Mexico
193,Mia,Williams,mia.williams@business.net,+1-599-478-4968,CloudTech Pro,UX Designer,Jacksonville,Mexico
194,Charlotte,Williams,charlotte.williams@work.org,+1-984-886-5887,Innovation Labs,DevOps Engineer,Phoenix,United Kingdom
195,Liam,Thomas,liam.thomas@hotmail.com,+1-435-596-4530,Innovation Labs,Software Engineer,Los Angeles,India
196,Amelia,Jackson,amelia.jackson@yahoo.com,+1-531-400-1568,CloudTech Pro,Project Manager,Charlotte,Australia
197,Harper,Lopez,harper.lopez@hotmail.com,+1-211-976-3799,Acme Corp,HR Specialist,Charlotte,United States
198,Benjamin,Jackson,benjamin.jackson@hotmail.com,+1-659-431-7409,Digital Dynamics,DevOps Engineer,Dallas,Brazil
199,Alexander,Martinez,alexander.martinez@gmail.com,+1-831-397-5131,Smart Analytics,DevOps Engineer,Jacksonville,India
200,Mia,Jones,mia.jones@yahoo.com,+1-275-121-7017,Global Solutions,Project Manager,New York,India
201,Harper,Jackson,harper.jackson@company.com,+1-449-304-4785,DataFlow Systems,DevOps Engineer,Jacksonville,Australia
202,Amelia,Miller,amelia.miller@gmail.com,+1-400-565-3334,TechStart Inc,Sales Representative,San Antonio,Canada
203,Amelia,Martin,amelia.martin@outlook.com,+1-660-182-5835,Acme Corp,UX Designer,Charlotte,Canada
204,Olivia,Lopez,olivia.lopez@work.org,+1-259-719-2993,Global Solutions,Product Manager,Phoenix,Canada
205,Sophia,Thomas,sophia.thomas@yahoo.com,+1-238-516-5735,TechStart Inc,Software Engineer,Dallas,Australia
206,Harper,Brown,harper.brown@outlook.com,+1-489-476-7735,Acme Corp,Software Engineer,San Antonio,Japan
207,Lucas,Thomas,lucas.thomas@yahoo.com,+1-614-632-8907,Innovation Labs,DevOps Engineer,Jacksonville,France
208,Liam,Garcia,liam.garcia@yahoo.com,+1-641-783-8572,NextGen Software,UX Designer,Austin,India
209,Emma,Gonzalez,emma.gonzalez@company.com,+1-401-798-6622,NextGen Software,Software Engineer,Los Angeles,Brazil
210,Isabella,Garcia,isabella.garcia@gmail.com,+1-484-338-6332,Global Solutions,Product Manager,Houston,United States
211,Olivia,Jones,olivia.jones@company.com,+1-684-403-8854,CloudTech Pro,Financial Analyst,San Diego,India
212,Lucas,Taylor,lucas.taylor@gmail.com,+1-559-295-3873,Acme Corp,DevOps Engineer,San Jose,United States
213,Olivia,Hernandez,olivia.hernandez@work.org,+1-536-575-1539,TechStart Inc,Product Manager,Jacksonville,India
214,Ethan,Gonzalez,ethan.gonzalez@yahoo.com,+1-237-468-2395,TechStart Inc,DevOps Engineer,Austin,United States
215,Sophia,Anderson,sophia.anderson@hotmail.com,+1-968-723-8436,TechStart Inc,Marketing Manager,San Antonio,Germany
216,Emma,Brown,emma.brown@gmail.com,+1-730-546-3469,TechStart Inc,DevOps Engineer,New York,United Kingdom
217,Liam,Wilson,liam.wilson@hotmail.com,+1-730-666-6451,Global Solutions,UX Designer,Philadelphia,Australia
218,Emma,Johnson,emma.johnson@gmail.com,+1-428-223-4747,Global Solutions,DevOps Engineer,Chicago,Japan
219,Oliver,Jones,oliver.jones@hotmail.com,+1-496-418-2026,TechStart Inc,Sales Representative,Philadelphia,Canada
220,James,Johnson,james.johnson@yahoo.com,+1-725-367-2645,Smart Analytics,Project Manager,San Jose,France
221,Amelia,Brown,amelia.brown@gmail.com,+1-820-344-7806,Smart Analytics,Project Manager,Austin,United States
222,Alexander,Jackson,alexander.jackson@work.org,+1-449-906-5661,Global Solutions,Data Analyst,Philadelphia,United Kingdom
223,Mason,Martinez,mason.martinez@hotmail.com,+1-299-707-7282,Global Solutions,Product Manager,Phoenix,Canada
224,Sophia,Garcia,sophia.garcia@company.com,+1-332-143-3793,Acme Corp,Software Engineer,San Diego,Germany
225,Isabella,Smith,isabella.smith@hotmail.com,+1-406-430-2938,Smart Analytics,UX Designer,Philadelphia,United Kingdom
226,Noah,Williams,noah.williams@gmail.com,+1-697-502-7197,TechStart Inc,Marketing Manager,New York,Brazil
227,Lucas,Smith,lucas.smith@business.net,+1-491-668-7282,CloudTech Pro,Financial Analyst,Chicago,Japan
228,Mason,Moore,mason.moore@hotmail.com,+1-251-679-1038,Future Enterprises,Sales Representative,San Antonio,India
229,Mason,Davis,mason.davis@hotmail.com,+1-652-575-6556,Acme Corp,HR Specialist,Phoenix,United States
230,Evelyn,Jones,evelyn.jones@outlook.com,+1-447-467-4302,Smart Analytics,Data Analyst,San Antonio,Japan
231,James,Smith,james.smith@yahoo.com,+1-217-296-8010,CloudTech Pro,Marketing Manager,Charlotte,Brazil
232,Olivia,Anderson,olivia.anderson@work.org,+1-205-914-7233,Innovation Labs,DevOps Engineer,Phoenix,Japan
233,Noah,Moore,noah.moore@outlook.com,+1-820-316-3982,Innovation Labs,Product Manager,Fort Worth,Mexico
234,Charlotte,Martin,charlotte.martin@hotmail.com,+1-460-988-9522,Future Enterprises,UX Designer,Charlotte,Mexico
235,Oliver,Miller,oliver.miller@hotmail.com,+1-728-526-5683,Innovation Labs,Software Engineer,Austin,Australia
236,Olivia,Jones,olivia.jones@work.org,+1-395-891-2809,Innovation Labs,Software Engineer,New York,United Kingdom
237,Ethan,Williams,ethan.williams@yahoo.com,+1-764-700-5289,NextGen Software,Data Analyst,Austin,United States
238,Lucas,Martinez,lucas.martinez@gmail.com,+1-647-848-7830,NextGen Software,Sales Representative,Austin,United Kingdom
239,Ava,Martin,ava.martin@outlook.com,+1-633-165-1184,NextGen Software,Marketing Manager,Charlotte,Canada
240,Amelia,Miller,amelia.miller@outlook.com,+1-892-482-5268,Innovation Labs,Product Manager,San Jose,Mexico
241,Ava,Garcia,ava.garcia@business.net,+1-290-413-7503,Innovation Labs,UX Designer,Fort Worth,Mexico
242,Lucas,Rodriguez,lucas.rodriguez@company.com,+1-811-639-9501,Acme Corp,Product Manager,Chicago,Germany
243,Charlotte,Smith,charlotte.smith@company.com,+1-860-660-9264,Acme Corp,HR Specialist,Columbus,Mexico
244,Olivia,Anderson,olivia.anderson@hotmail.com,+1-738-711-2361,Future Enterprises,Sales Representative,Chicago,United Kingdom
245,Liam,Martin,liam.martin@outlook.com,+1-564-887-1454,Future Enterprises,Product Manager,Los Angeles,India
246,Liam,Martinez,liam.martinez@outlook.com,+1-218-923-6315,Digital Dynamics,Financial Analyst,San Antonio,Brazil
247,Oliver,Garcia,oliver.garcia@hotmail.com,+1-266-644-7681,CloudTech Pro,Sales Representative,Fort Worth,Australia
248,Lucas,Davis,lucas.davis@yahoo.com,+1-710-384-8766,Global Solutions,Financial Analyst,Los Angeles,Australia
249,Alexander,Thomas,alexander.thomas@gmail.com,+1-261-297-2528,TechStart Inc,Marketing Manager,San Diego,Australia
250,Ava,Thomas,ava.thomas@company.com,+1-499-948-7230,Future Enterprises,Data Analyst,Charlotte,Canada
251,Noah,Lopez,noah.lopez@gmail.com,+1-855-776-2546,DataFlow Systems,DevOps Engineer,Los Angeles,Germany
252,Oliver,Davis,oliver.davis@work.org,+1-764-387-8502,Acme Corp,HR Specialist,Dallas,Brazil
253,Oliver,Miller,oliver.miller@yahoo.com,+1-653-723-1785,NextGen Software,Data Analyst,San Antonio,Mexico
254,Oliver,Martinez,oliver.martinez@work.org,+1-352-678-5790,Future Enterprises,Project Manager,New York,France
255,Amelia,Rodriguez,amelia.rodriguez@outlook.com,+1-514-616-1449,Future Enterprises,DevOps Engineer,Philadelphia,Mexico
256,Oliver,Thomas,oliver.thomas@business.net,+1-825-166-6621,TechStart Inc,Project Manager,Philadelphia,United States
257,Mason,Jackson,mason.jackson@business.net,+1-536-564-2200,Digital Dynamics,Software Engineer,Philadelphia,Australia
258,Lucas,Jackson,lucas.jackson@work.org,+1-628-408-5578,NextGen Software,DevOps Engineer,New York,Germany
259,Alexander,Smith,alexander.smith@hotmail.com,+1-699-295-8489,Innovation Labs,DevOps Engineer,Columbus,France
260,Noah,Wilson,noah.wilson@hotmail.com,+1-387-257-2252,Future Enterprises,DevOps Engineer,Jacksonville,Germany
261,Alexander,Thomas,alexander.thomas@outlook.com,+1-827-430-3593,Smart Analytics,Product Manager,San Diego,Mexico
262,Harper,Smith,harper.smith@work.org,+1-615-826-6348,Acme Corp,Product Manager,Columbus,Mexico
263,Ava,Rodriguez,ava.rodriguez@business.net,+1-885-259-7476,Digital Dynamics,Data Analyst,Houston,United States
264,Mia,Jackson,mia.jackson@hotmail.com,+1-410-607-5365,Acme Corp,DevOps Engineer,Columbus,United States
265,Ava,Brown,ava.brown@gmail.com,+1-861-196-7408,Acme Corp,Project Manager,San Antonio,United States
266,Alexander,Miller,alexander.miller@hotmail.com,+1-581-296-9423,NextGen Software,HR Specialist,Houston,Germany
267,Ava,Hernandez,ava.hernandez@outlook.com,+1-427-852-3467,Future Enterprises,Sales Representative,Chicago,India
268,Alexander,Smith,alexander.smith@business.net,+1-643-846-1566,Acme Corp,UX Designer,Los Angeles,Brazil
269,Sophia,Martinez,sophia.martinez@gmail.com,+1-574-633-9247,Future Enterprises,Product Manager,San Diego,United Kingdom
270,William,Jackson,william.jackson@yahoo.com,+1-785-758-3974,Global Solutions,UX Designer,Philadelphia,Canada
271,Alexander,Thomas,alexander.thomas@outlook.com,+1-794-234-1972,DataFlow Systems,Project Manager,Charlotte,United States
272,Lucas,Smith,lucas.smith@work.org,+1-261-571-4973,Future Enterprises,Product Manager,Los Angeles,Australia
273,Isabella,Taylor,isabella.taylor@company.com,+1-208-815-7628,NextGen Software,Sales Representative,Chicago,United States
274,Noah,Garcia,noah.garcia@hotmail.com,+1-855-403-6289,Acme Corp,Project Manager,Dallas,Japan
275,Lucas,Johnson,lucas.johnson@work.org,+1-293-422-7932,TechStart Inc,Financial Analyst,Dallas,Germany
276,Liam,Wilson,liam.wilson@work.org,+1-479-145-5197,DataFlow Systems,Software Engineer,Fort Worth,India
277,Noah,Taylor,noah.taylor@outlook.com,+1-584-268-4272,Smart Analytics,DevOps Engineer,Austin,Mexico
278,Isabella,Martinez,isabella.martinez@yahoo.com,+1-250-522-6493,DataFlow Systems,Marketing Manager,Houston,Canada
279,Olivia,Garcia,olivia.garcia@company.com,+1-355-848-1915,TechStart Inc,Marketing Manager,New York,Japan
280,Oliver,Lopez,oliver.lopez@business.net,+1-781-913-6734,CloudTech Pro,Marketing Manager,Jacksonville,India
281,Charlotte,Thomas,charlotte.thomas@hotmail.com,+1-899-217-9108,Smart Analytics,Sales Representative,San Jose,United States
282,Oliver,Wilson,oliver.wilson@gmail.com,+1-679-547-3138,Acme Corp,Project Manager,Philadelphia,United States
283,Alexander,Jackson,alexander.jackson@gmail.com,+1-612-835-5873,Digital Dynamics,Sales Representative,Philadelphia,Mexico
284,Isabella,Wilson,isabella.wilson@yahoo.com,+1-918-887-5865,Future Enterprises,Project Manager,Los Angeles,United Kingdom
285,Emma,Moore,emma.moore@outlook.com,+1-484-157-3290,CloudTech Pro,DevOps Engineer,Austin,Japan
286,Noah,Johnson,noah.johnson@yahoo.com,+1-992-626-1663,DataFlow Systems,Sales Representative,Fort Worth,Brazil
287,William,Rodriguez,william.rodriguez@gmail.com,+1-211-496-7909,Smart Analytics,Product Manager,Phoenix,France
288,Amelia,Moore,amelia.moore@gmail.com,+1-929-220-5896,NextGen Software,Software Engineer,Phoenix,India
289,Ethan,Miller,ethan.miller@work.org,+1-731-237-4165,NextGen Software,Data Analyst,Philadelphia,Mexico
290,Liam,Anderson,liam.anderson@business.net,+1-212-407-6899,Future Enterprises,DevOps Engineer,Philadelphia,Canada
291,Ava,Wilson,ava.wilson@hotmail.com,+1-568-261-6539,Acme Corp,Data Analyst,Chicago,France
292,Amelia,Garcia,amelia.garcia@gmail.com,+1-538-969-9810,Future Enterprises,Product Manager,San Antonio,Brazil
293,William,Gonzalez,william.gonzalez@yahoo.com,+1-583-437-4353,NextGen Software,Sales Representative,Charlotte,France
294,Mason,Garcia,mason.garcia@outlook.com,+1-693-790-5287,DataFlow Systems,Data Analyst,San Jose,Mexico
295,Lucas,Moore,lucas.moore@gmail.com,+1-279-570-4762,DataFlow Systems,HR Specialist,Jacksonville,Brazil
296,Ethan,Garcia,ethan.garcia@yahoo.com,+1-772-976-5398,Future Enterprises,Financial Analyst,Jacksonville,Canada
297,Emma,Taylor,emma.taylor@hotmail.com,+1-565-248-6505,Acme Corp,Project Manager,Philadelphia,Brazil
298,Harper,Martin,harper.martin@company.com,+1-854-732-9381,Acme Corp,Software Engineer,Jacksonville,United States
299,Charlotte,Wilson,charlotte.wilson@company.com,+1-760-206-5957,DataFlow Systems,Product Manager,San Diego,United Kingdom
300,Sophia,Wilson,sophia.wilson@business.net,+1-739-844-2429,Innovation Labs,Data Analyst,San Antonio,United Kingdom
301,Benjamin,Hernandez,benjamin.hernandez@yahoo.com,+1-811-453-5603,CloudTech Pro,DevOps Engineer,San Antonio,Canada
302,Amelia,Martinez,amelia.martinez@work.org,+1-920-697-8905,NextGen Software,Sales Representative,New York,Australia
303,Olivia,Hernandez,olivia.hernandez@business.net,+1-350-337-6947,DataFlow Systems,Project Manager,Houston,France
304,Isabella,Anderson,isabella.anderson@gmail.com,+1-430-424-8941,Innovation Labs,Sales Representative,San Diego,Japan
305,Ethan,Hernandez,ethan.hernandez@work.org,+1-894-180-4867,CloudTech Pro,Financial Analyst,Fort Worth,Canada
306,Amelia,Thomas,amelia.thomas@outlook.com,+1-829-821-9380,NextGen Software,Data Analyst,New York,India
307,Oliver,Hernandez,oliver.hernandez@hotmail.com,+1-995-744-8779,NextGen Software,Data Analyst,Chicago,Brazil
308,Mia,Wilson,mia.wilson@outlook.com,+1-727-109-9401,Digital Dynamics,Sales Representative,Fort Worth,India
309,William,Brown,william.brown@yahoo.com,+1-492-591-7927,DataFlow Systems,Software Engineer,Dallas,United Kingdom
310,Evelyn,Anderson,evelyn.anderson@yahoo.com,+1-328-870-7488,DataFlow Systems,Sales Representative,Phoenix,Australia
311,James,Taylor,james.taylor@outlook.com,+1-245-593-4441,CloudTech Pro,HR Specialist,San Jose,France
312,Sophia,Gonzalez,sophia.gonzalez@yahoo.com,+1-657-704-1342,Digital Dynamics,Project Manager,Los Angeles,Australia
313,Olivia,Martinez,olivia.martinez@company.com,+1-482-549-3702,Future Enterprises,Data Analyst,Los Angeles,United Kingdom
314,Olivia,Williams,olivia.williams@yahoo.com,+1-528-283-3006,Digital Dynamics,Marketing Manager,Houston,India
315,James,Rodriguez,james.rodriguez@hotmail.com,+1-387-859-2050,Smart Analytics,DevOps Engineer,Philadelphia,Germany
316,Mason,Jackson,mason.jackson@business.net,+1-362-283-1086,Global Solutions,Marketing Manager,Houston,Canada
317,Ethan,Jones,ethan.jones@yahoo.com,+1-281-290-8158,Global Solutions,UX Designer,Columbus,United States
318,James,Hernandez,james.hernandez@gmail.com,+1-488-105-2432,DataFlow Systems,Software Engineer,San Jose,United States
319,Emma,Miller,emma.miller@business.net,+1-700-267-9540,Acme Corp,Financial Analyst,Dallas,United Kingdom
320,Mia,Jones,mia.jones@yahoo.com,+1-224-816-1930,Innovation Labs,Financial Analyst,Columbus,United States
321,Noah,Martin,noah.martin@hotmail.com,+1-954-632-9975,Global Solutions,Sales Representative,Los Angeles,India
322,Mason,Brown,mason.brown@gmail.com,+1-655-980-8995,Acme Corp,Product Manager,Columbus,Canada
323,Sophia,Rodriguez,sophia.rodriguez@gmail.com,+1-290-976-9209,Global Solutions,Financial Analyst,Houston,Mexico
324,Oliver,Taylor,oliver.taylor@business.net,+1-709-771-5292,Acme Corp,Product Manager,San Antonio,Australia
325,Isabella,Wilson,isabella.wilson@outlook.com,+1-780-895-1164,Digital Dynamics,Sales Representative,New York,Japan
326,Lucas,Johnson,lucas.johnson@business.net,+1-705-887-5992,Acme Corp,UX Designer,Philadelphia,Brazil
327,Benjamin,Moore,benjamin.moore@gmail.com,+1-923-946-3386,Global Solutions,Product Manager,Charlotte,Australia
328,Mason,Johnson,mason.johnson@yahoo.com,+1-700-834-1689,Global Solutions,Data Analyst,Phoenix,Japan
329,Mason,Johnson,mason.johnson@yahoo.com,+1-738-713-4577,Acme Corp,DevOps Engineer,Chicago,Japan
330,Ethan,Smith,ethan.smith@hotmail.com,+1-882-230-4583,Innovation Labs,Sales Representative,San Diego,France
331,Sophia,Thomas,sophia.thomas@work.org,+1-719-520-9024,Smart Analytics,DevOps Engineer,Philadelphia,Canada
332,Noah,Martinez,noah.martinez@yahoo.com,+1-435-719-8855,Future Enterprises,Product Manager,Los Angeles,United Kingdom
333,Isabella,Lopez,isabella.lopez@company.com,+1-655-714-3532,CloudTech Pro,Product Manager,Columbus,Brazil
334,Noah,Williams,noah.williams@work.org,+1-774-958-2913,Smart Analytics,DevOps Engineer,Fort Worth,Canada
335,Noah,Hernandez,noah.hernandez@outlook.com,+1-877-841-3563,CloudTech Pro,Financial Analyst,Charlotte,United States
336,Ethan,Moore,ethan.moore@yahoo.com,+1-347-506-4932,Digital Dynamics,Marketing Manager,Austin,Japan
337,Ava,Hernandez,ava.hernandez@yahoo.com,+1-342-299-2960,Acme Corp,HR Specialist,Philadelphia,United Kingdom
338,Mason,Garcia,mason.garcia@outlook.com,+1-822-694-7550,Digital Dynamics,Product Manager,San Antonio,Canada
339,James,Taylor,james.taylor@outlook.com,+1-687-122-8839,TechStart Inc,HR Specialist,Philadelphia,United Kingdom
340,Olivia,Taylor,olivia.taylor@gmail.com,+1-329-847-9966,Innovation Labs,HR Specialist,Jacksonville,France
341,Isabella,Smith,isabella.smith@gmail.com,+1-865-412-4052,Innovation Labs,Project Manager,San Diego,Canada
342,James,Smith,james.smith@work.org,+1-505-147-8383,Digital Dynamics,Marketing Manager,Fort Worth,France
343,Mia,Gonzalez,mia.gonzalez@work.org,+1-826-476-2311,CloudTech Pro,UX Designer,San Diego,Brazil
344,Ava,Wilson,ava.wilson@company.com,+1-421-170-7108,Acme Corp,Marketing Manager,Fort Worth,United Kingdom
345,Oliver,Miller,oliver.miller@business.net,+1-811-369-1597,Acme Corp,Software Engineer,Houston,France
346,Harper,Lopez,harper.lopez@business.net,+1-544-203-5996,Global Solutions,Project Manager,Charlotte,United States
347,James,Thomas,james.thomas@hotmail.com,+1-872-571-3194,Digital Dynamics,DevOps Engineer,Jacksonville,Brazil
348,Evelyn,Thomas,evelyn.thomas@gmail.com,+1-452-609-4309,DataFlow Systems,Product Manager,Chicago,United States
349,Emma,Smith,emma.smith@company.com,+1-420-595-7895,CloudTech Pro,Marketing Manager,New York,Canada
350,Liam,Brown,liam.brown@hotmail.com,+1-648-903-5385,CloudTech Pro,HR Specialist,Jacksonville,Japan
351,Amelia,Martinez,amelia.martinez@yahoo.com,+1-840-621-2644,Acme Corp,HR Specialist,Fort Worth,Germany
352,William,Hernandez,william.hernandez@gmail.com,+1-357-452-3070,TechStart Inc,Data Analyst,Charlotte,United Kingdom
353,Lucas,Martinez,lucas.martinez@outlook.com,+1-218-900-3078,Acme Corp,Marketing Manager,Dallas,Brazil
354,Noah,Jackson,noah.jackson@company.com,+1-748-449-2858,Smart Analytics,Product Manager,Phoenix,United Kingdom
355,Isabella,Gonzalez,isabella.gonzalez@outlook.com,+1-719-232-5096,Future Enterprises,Software Engineer,Dallas,United Kingdom
356,Emma,Anderson,emma.anderson@work.org,+1-366-163-6754,Acme Corp,Sales Representative,New York,Brazil
357,Oliver,Brown,oliver.brown@work.org,+1-812-845-7432,NextGen Software,Marketing Manager,Philadelphia,United Kingdom
358,Mason,Lopez,mason.lopez@yahoo.com,+1-677-257-6173,NextGen Software,Financial Analyst,San Jose,France
359,Mia,Davis,mia.davis@outlook.com,+1-778-578-1608,Innovation Labs,Data Analyst,Dallas,Mexico
360,William,Taylor,william.taylor@yahoo.com,+1-433-722-4409,Global Solutions,HR Specialist,Los Angeles,United States
361,James,Taylor,james.taylor@company.com,+1-378-451-5572,Innovation Labs,Marketing Manager,Chicago,Canada
362,Sophia,Johnson,sophia.johnson@business.net,+1-502-172-5144,Global Solutions,DevOps Engineer,Fort Worth,Australia
363,Sophia,Moore,sophia.moore@outlook.com,+1-679-852-8143,CloudTech Pro,Project Manager,Los Angeles,Germany
364,Benjamin,Williams,benjamin.williams@yahoo.com,+1-363-840-5294,TechStart Inc,Software Engineer,San Antonio,Mexico
365,Olivia,Miller,olivia.miller@outlook.com,+1-224-502-3066,DataFlow Systems,Sales Representative,Fort Worth,Brazil
366,Olivia,Gonzalez,olivia.gonzalez@gmail.com,+1-617-872-1017,Global Solutions,DevOps Engineer,San Diego,France
367,Amelia,Smith,amelia.smith@company.com,+1-625-172-9397,Digital Dynamics,Software Engineer,Jacksonville,Germany
368,Oliver,Martin,oliver.martin@company.com,+1-605-233-3645,Future Enterprises,DevOps Engineer,Charlotte,Mexico
369,Ava,Taylor,ava.taylor@gmail.com,+1-277-487-6654,Global Solutions,Project Manager,Chicago,United Kingdom
370,Sophia,Brown,sophia.brown@company.com,+1-937-750-9919,Smart Analytics,HR Specialist,San Diego,United Kingdom
371,Evelyn,Martin,evelyn.martin@yahoo.com,+1-212-459-4872,NextGen Software,Financial Analyst,Philadelphia,France
372,Sophia,Davis,sophia.davis@work.org,+1-527-836-3662,CloudTech Pro,Marketing Manager,Austin,Germany
373,James,Smith,james.smith@company.com,+1-385-328-9095,Future Enterprises,HR Specialist,New York,India
374,Liam,Brown,liam.brown@business.net,+1-908-253-5234,TechStart Inc,Project Manager,Philadelphia,India
375,Mason,Martinez,mason.martinez@business.net,+1-467-219-9967,Acme Corp,HR Specialist,San Diego,France
376,Emma,Anderson,emma.anderson@gmail.com,+1-498-105-1414,CloudTech Pro,Sales Representative,Jacksonville,United Kingdom
377,Charlotte,Moore,charlotte.moore@company.com,+1-242-936-5783,CloudTech Pro,Financial Analyst,Phoenix,France
378,Emma,Martin,emma.martin@business.net,+1-748-858-9950,Digital Dynamics,Product Manager,Austin,United States
379,William,Wilson,william.wilson@yahoo.com,+1-915-406-9035,TechStart Inc,Data Analyst,Phoenix,Canada
380,Harper,Taylor,harper.taylor@business.net,+1-333-729-8591,Innovation Labs,Data Analyst,San Diego,Mexico
381,James,Thomas,james.thomas@company.com,+1-808-923-4112,Innovation Labs,DevOps Engineer,Los Angeles,Mexico
382,Ethan,Jackson,ethan.jackson@company.com,+1-794-802-2060,CloudTech Pro,Financial Analyst,New York,United Kingdom
383,William,Williams,william.williams@gmail.com,+1-369-642-1773,Innovation Labs,DevOps Engineer,Houston,India
384,Mia,Davis,mia.davis@gmail.com,+1-418-519-4852,Innovation Labs,Marketing Manager,Houston,Mexico
385,Amelia,Garcia,amelia.garcia@company.com,+1-692-625-1081,Future Enterprises,Sales Representative,Chicago,France
386,Ethan,Brown,ethan.brown@hotmail.com,+1-455-706-6825,Innovation Labs,Software Engineer,Charlotte,France
387,Liam,Anderson,liam.anderson@yahoo.com,+1-218-708-3330,CloudTech Pro,Marketing Manager,Columbus,Brazil
388,James,Jackson,james.jackson@work.org,+1-965-111-2528,NextGen Software,Product Manager,San Jose,Brazil
389,Mason,Moore,mason.moore@gmail.com,+1-570-344-4048,Acme Corp,Project Manager,New York,Australia
390,Lucas,Brown,lucas.brown@outlook.com,+1-549-413-3151,TechStart Inc,Financial Analyst,Jacksonville,Germany
391,Noah,Martinez,noah.martinez@outlook.com,+1-604-508-6754,Digital Dynamics,Marketing Manager,San Jose,United Kingdom
392,Harper,Rodriguez,harper.rodriguez@business.net,+1-310-788-3835,Global Solutions,Marketing Manager,Columbus,United States
393,William,Taylor,william.taylor@outlook.com,+1-210-898-9079,Global Solutions,DevOps Engineer,Jacksonville,Australia
394,Sophia,Martin,sophia.martin@company.com,+1-824-356-3272,CloudTech Pro,Sales Representative,San Antonio,United Kingdom
395,Charlotte,Davis,charlotte.davis@company.com,+1-871-798-6942,CloudTech Pro,Project Manager,Dallas,Canada
396,Isabella,Miller,isabella.miller@outlook.com,+1-680-979-5403,TechStart Inc,Software Engineer,Austin,Canada
397,Harper,Anderson,harper.anderson@gmail.com,+1-721-513-2482,TechStart Inc,Sales Representative,Fort Worth,France
398,Benjamin,Anderson,benjamin.anderson@yahoo.com,+1-961-717-1679,CloudTech Pro,Software Engineer,San Diego,Australia
399,Charlotte,Thomas,charlotte.thomas@outlook.com,+1-841-109-2287,Smart Analytics,Marketing Manager,San Diego,India
400,William,Rodriguez,william.rodriguez@business.net,+1-253-880-7152,Smart Analytics,DevOps Engineer,San Antonio,United States
401,Alexander,Smith,alexander.smith@outlook.com,+1-653-799-8715,NextGen Software,Product Manager,Charlotte,United States
402,Harper,Johnson,harper.johnson@business.net,+1-990-686-7393,Global Solutions,HR Specialist,San Diego,Germany
403,Noah,Gonzalez,noah.gonzalez@company.com,+1-712-609-8145,Global Solutions,Sales Representative,Fort Worth,France
404,Evelyn,Martinez,evelyn.martinez@company.com,+1-666-743-8557,CloudTech Pro,Software Engineer,San Diego,India
405,Evelyn,Garcia,evelyn.garcia@gmail.com,+1-692-185-1184,Digital Dynamics,HR Specialist,Philadelphia,United Kingdom
406,William,Brown,william.brown@outlook.com,+1-681-824-1036,Global Solutions,HR Specialist,San Diego,United States
407,Olivia,Martin,olivia.martin@yahoo.com,+1-297-214-4780,Future Enterprises,Data Analyst,San Antonio,United Kingdom
408,Ethan,Garcia,ethan.garcia@yahoo.com,+1-861-727-5896,DataFlow Systems,Data Analyst,New York,United Kingdom
409,Lucas,Johnson,lucas.johnson@business.net,+1-812-332-1281,Smart Analytics,Software Engineer,Houston,Canada
410,William,Davis,william.davis@outlook.com,+1-493-909-5575,CloudTech Pro,Financial Analyst,Columbus,Brazil
411,Amelia,Gonzalez,amelia.gonzalez@work.org,+1-207-555-2275,Digital Dynamics,Product Manager,Dallas,United States
412,Alexander,Thomas,alexander.thomas@outlook.com,+1-394-528-4287,Smart Analytics,HR Specialist,Austin,India
413,William,Taylor,william.taylor@company.com,+1-893-325-4379,TechStart Inc,UX Designer,Fort Worth,Canada
414,Emma,Brown,emma.brown@work.org,+1-361-678-5165,DataFlow Systems,Data Analyst,Phoenix,India
415,Noah,Wilson,noah.wilson@hotmail.com,+1-418-147-2943,CloudTech Pro,HR Specialist,Columbus,Germany
416,Charlotte,Martin,charlotte.martin@outlook.com,+1-805-759-5833,CloudTech Pro,Product Manager,Los Angeles,Japan
417,Isabella,Thomas,isabella.thomas@company.com,+1-694-426-7960,CloudTech Pro,Product Manager,Charlotte,United States
418,Olivia,Smith,olivia.smith@company.com,+1-680-717-4622,Future Enterprises,DevOps Engineer,Los Angeles,Brazil
419,Isabella,Brown,isabella.brown@company.com,+1-402-869-3242,TechStart Inc,Product Manager,Austin,Australia
420,Sophia,Martin,sophia.martin@company.com,+1-752-154-8072,Digital Dynamics,Financial Analyst,San Diego,India
421,Olivia,Jones,olivia.jones@company.com,+1-535-397-2215,Smart Analytics,Marketing Manager,Phoenix,Japan
422,Sophia,Brown,sophia.brown@yahoo.com,+1-641-564-8244,TechStart Inc,Software Engineer,Columbus,United States
423,Harper,Hernandez,harper.hernandez@outlook.com,+1-461-850-6298,Global Solutions,HR Specialist,San Jose,France
424,James,Taylor,james.taylor@business.net,+1-577-570-1271,NextGen Software,Project Manager,Fort Worth,Brazil
425,Emma,Wilson,emma.wilson@business.net,+1-633-501-8861,Future Enterprises,Project Manager,Dallas,Mexico
426,Isabella,Gonzalez,isabella.gonzalez@outlook.com,+1-562-263-5017,Smart Analytics,Financial Analyst,San Antonio,United Kingdom
427,Harper,Thomas,harper.thomas@hotmail.com,+1-337-610-6581,Future Enterprises,Software Engineer,Austin,India
428,Mia,Taylor,mia.taylor@hotmail.com,+1-459-222-3185,NextGen Software,Data Analyst,San Diego,United Kingdom
429,Ethan,Anderson,ethan.anderson@gmail.com,+1-634-386-8188,Global Solutions,DevOps Engineer,Los Angeles,Canada
430,Olivia,Lopez,olivia.lopez@work.org,+1-931-937-1856,Acme Corp,Marketing Manager,Columbus,Australia
431,Alexander,Jackson,alexander.jackson@gmail.com,+1-631-688-3308,DataFlow Systems,Product Manager,Houston,Mexico
432,Oliver,Thomas,oliver.thomas@hotmail.com,+1-339-849-9614,DataFlow Systems,Product Manager,Chicago,Mexico
433,Mason,Hernandez,mason.hernandez@outlook.com,+1-902-454-8420,Global Solutions,Financial Analyst,Fort Worth,Germany
434,Lucas,Wilson,lucas.wilson@gmail.com,+1-215-989-9094,Digital Dynamics,Data Analyst,San Antonio,Germany
435,Mason,Johnson,mason.johnson@gmail.com,+1-912-484-9831,Smart Analytics,Marketing Manager,San Diego,France
436,Oliver,Wilson,oliver.wilson@outlook.com,+1-741-989-2655,NextGen Software,Marketing Manager,San Antonio,Mexico
437,Liam,Miller,liam.miller@company.com,+1-456-673-9066,Innovation Labs,UX Designer,New York,Australia
438,William,Miller,william.miller@gmail.com,+1-966-197-1944,Future Enterprises,Project Manager,Austin,Germany
439,Liam,Smith,liam.smith@gmail.com,+1-914-107-8334,Future Enterprises,Sales Representative,San Diego,Germany
440,Charlotte,Garcia,charlotte.garcia@company.com,+1-230-650-8851,TechStart Inc,Sales Representative,Phoenix,United Kingdom
441,Isabella,Martinez,isabella.martinez@work.org,+1-894-584-8903,DataFlow Systems,Project Manager,Houston,France
442,Emma,Brown,emma.brown@gmail.com,+1-839-717-6688,CloudTech Pro,Sales Representative,Charlotte,United Kingdom
443,Mia,Jones,mia.jones@company.com,+1-609-435-7834,TechStart Inc,Financial Analyst,Dallas,India
444,Harper,Wilson,harper.wilson@gmail.com,+1-504-489-1556,CloudTech Pro,Software Engineer,San Diego,Mexico
445,Evelyn,Taylor,evelyn.taylor@gmail.com,+1-374-842-9730,NextGen Software,DevOps Engineer,San Jose,Japan
446,Benjamin,Jackson,benjamin.jackson@work.org,+1-719-706-1739,Digital Dynamics,Data Analyst,San Jose,United Kingdom
447,Olivia,Smith,olivia.smith@company.com,+1-802-882-7390,Global Solutions,Data Analyst,San Antonio,France
448,Sophia,Jones,sophia.jones@work.org,+1-268-687-5208,Digital Dynamics,Data Analyst,Philadelphia,Brazil
449,Harper,Brown,harper.brown@gmail.com,+1-594-238-1253,TechStart Inc,HR Specialist,Houston,France
450,Mason,Smith,mason.smith@yahoo.com,+1-729-834-7733,NextGen Software,Software Engineer,Jacksonville,Brazil
451,Olivia,Taylor,olivia.taylor@yahoo.com,+1-541-580-8512,Global Solutions,Data Analyst,San Diego,India
452,Olivia,Miller,olivia.miller@business.net,+1-810-514-7853,Innovation Labs,Data Analyst,Los Angeles,Brazil
453,Isabella,Martinez,isabella.martinez@hotmail.com,+1-750-454-3889,Smart Analytics,Project Manager,Houston,Mexico
454,Benjamin,Lopez,benjamin.lopez@outlook.com,+1-526-316-5640,NextGen Software,UX Designer,Dallas,France
455,Ava,Jones,ava.jones@hotmail.com,+1-755-708-5188,TechStart Inc,Marketing Manager,Jacksonville,Canada
456,James,Jackson,james.jackson@hotmail.com,+1-363-160-5583,Innovation Labs,Software Engineer,Fort Worth,Brazil
457,Mason,Smith,mason.smith@outlook.com,+1-679-260-4263,Innovation Labs,Data Analyst,San Antonio,Japan
458,Liam,Miller,liam.miller@yahoo.com,+1-842-633-7313,DataFlow Systems,Product Manager,Fort Worth,Germany
459,Emma,Jackson,emma.jackson@gmail.com,+1-248-696-1914,Innovation Labs,HR Specialist,San Antonio,Brazil
460,Harper,Anderson,harper.anderson@gmail.com,+1-226-858-5177,Innovation Labs,Software Engineer,San Diego,Mexico
461,Ava,Williams,ava.williams@outlook.com,+1-825-313-9488,DataFlow Systems,HR Specialist,Chicago,Germany
462,Mia,Garcia,mia.garcia@hotmail.com,+1-792-939-6872,Future Enterprises,Software Engineer,Dallas,Japan
463,Evelyn,Miller,evelyn.miller@hotmail.com,+1-623-588-6531,NextGen Software,DevOps Engineer,Houston,Brazil
464,Liam,Rodriguez,liam.rodriguez@hotmail.com,+1-637-658-2516,Global Solutions,UX Designer,Jacksonville,Canada
465,Ava,Lopez,ava.lopez@yahoo.com,+1-920-158-7624,Digital Dynamics,Sales Representative,Chicago,India
466,Ethan,Johnson,ethan.johnson@company.com,+1-575-959-7486,TechStart Inc,HR Specialist,San Diego,Germany
467,Alexander,Miller,alexander.miller@work.org,+1-223-664-6467,DataFlow Systems,UX Designer,Columbus,Australia
468,Liam,Lopez,liam.lopez@hotmail.com,+1-413-579-2240,TechStart Inc,UX Designer,Austin,Japan
469,Harper,Thomas,harper.thomas@work.org,+1-211-775-8610,Smart Analytics,Software Engineer,Austin,Germany
470,Liam,Gonzalez,liam.gonzalez@work.org,+1-720-651-4352,CloudTech Pro,DevOps Engineer,Austin,United States
471,Isabella,Brown,isabella.brown@company.com,+1-651-544-6581,Global Solutions,HR Specialist,Charlotte,Japan
472,Ava,Thomas,ava.thomas@gmail.com,+1-600-778-8883,Global Solutions,UX Designer,Dallas,Germany
473,Ava,Gonzalez,ava.gonzalez@hotmail.com,+1-933-734-3723,Global Solutions,Marketing Manager,Charlotte,France
474,Ava,Wilson,ava.wilson@yahoo.com,+1-810-789-5343,Acme Corp,Product Manager,Charlotte,France
475,William,Martinez,william.martinez@gmail.com,+1-952-445-5294,CloudTech Pro,Sales Representative,Los Angeles,Mexico
476,Harper,Garcia,harper.garcia@hotmail.com,+1-679-280-2888,Smart Analytics,Product Manager,San Jose,Canada
477,Liam,Martinez,liam.martinez@hotmail.com,+1-785-742-7603,Innovation Labs,Product Manager,Houston,Germany
478,James,Moore,james.moore@hotmail.com,+1-990-850-1233,TechStart Inc,Marketing Manager,Fort Worth,Germany
479,Noah,Rodriguez,noah.rodriguez@company.com,+1-517-899-6063,CloudTech Pro,Financial Analyst,Jacksonville,Australia
480,Evelyn,Jones,evelyn.jones@business.net,+1-562-919-6848,Global Solutions,Product Manager,Austin,United Kingdom
481,Noah,Jackson,noah.jackson@outlook.com,+1-269-116-3564,Innovation Labs,Project Manager,San Jose,United States
482,Charlotte,Wilson,charlotte.wilson@outlook.com,+1-456-533-9715,Innovation Labs,Project Manager,Chicago,France
483,Amelia,Hernandez,amelia.hernandez@yahoo.com,+1-251-184-6430,Acme Corp,UX Designer,San Diego,France
484,Mia,Smith,mia.smith@hotmail.com,+1-677-746-3408,CloudTech Pro,Marketing Manager,Phoenix,Japan
485,Benjamin,Brown,benjamin.brown@yahoo.com,+1-236-547-2775,CloudTech Pro,Marketing Manager,Los Angeles,France
486,Olivia,Moore,olivia.moore@gmail.com,+1-436-387-6349,TechStart Inc,DevOps Engineer,Austin,Brazil
487,Olivia,Moore,olivia.moore@yahoo.com,+1-221-124-9043,Future Enterprises,Product Manager,San Jose,Mexico
488,Ava,Jackson,ava.jackson@business.net,+1-638-449-7638,Future Enterprises,Software Engineer,Dallas,France
489,Noah,Jackson,noah.jackson@outlook.com,+1-739-135-4923,TechStart Inc,Financial Analyst,Chicago,India
490,Charlotte,Lopez,charlotte.lopez@yahoo.com,+1-372-143-8092,Digital Dynamics,DevOps Engineer,Philadelphia,United States
491,Noah,Wilson,noah.wilson@business.net,+1-828-732-6738,Future Enterprises,Data Analyst,Houston,France
492,Ethan,Gonzalez,ethan.gonzalez@company.com,+1-389-684-1428,NextGen Software,Project Manager,Jacksonville,United States
493,Oliver,Johnson,oliver.johnson@yahoo.com,+1-424-142-9823,Global Solutions,Data Analyst,Dallas,France
494,James,Wilson,james.wilson@hotmail.com,+1-704-624-2211,TechStart Inc,UX Designer,New York,Australia
495,William,Smith,william.smith@hotmail.com,+1-707-438-2837,CloudTech Pro,Product Manager,San Jose,Mexico
496,Charlotte,Lopez,charlotte.lopez@business.net,+1-534-927-6915,CloudTech Pro,Project Manager,Jacksonville,France
497,Mia,Thomas,mia.thomas@work.org,+1-762-256-1246,TechStart Inc,Sales Representative,Houston,United Kingdom
498,Lucas,Brown,lucas.brown@outlook.com,+1-469-838-1394,Future Enterprises,Data Analyst,Charlotte,Brazil
499,James,Jones,james.jones@business.net,+1-506-739-3647,DataFlow Systems,DevOps Engineer,Houston,United Kingdom
500,Sophia,Smith,sophia.smith@yahoo.com,+1-424-300-6830,NextGen Software,HR Specialist,San Jose,Brazil
501,Liam,Rodriguez,liam.rodriguez@yahoo.com,+1-978-839-5264,DataFlow Systems,HR Specialist,San Jose,Mexico
502,Olivia,Wilson,olivia.wilson@gmail.com,+1-387-120-8296,DataFlow Systems,HR Specialist,Phoenix,Canada
503,Ava,Anderson,ava.anderson@work.org,+1-792-643-5558,DataFlow Systems,HR Specialist,San Diego,Australia
504,Emma,Garcia,emma.garcia@company.com,+1-718-464-6551,Global Solutions,Financial Analyst,Philadelphia,India
505,Noah,Anderson,noah.anderson@yahoo.com,+1-677-831-2437,Future Enterprises,Project Manager,Austin,Australia
506,Noah,Moore,noah.moore@work.org,+1-227-686-2359,DataFlow Systems,Product Manager,Philadelphia,Japan
507,James,Gonzalez,james.gonzalez@yahoo.com,+1-552-249-9485,Digital Dynamics,Marketing Manager,Columbus,Japan
508,Ava,Taylor,ava.taylor@work.org,+1-433-669-8572,Digital Dynamics,Sales Representative,Phoenix,Brazil
509,Ava,Miller,ava.miller@yahoo.com,+1-786-529-5451,DataFlow Systems,Marketing Manager,New York,Brazil
510,Mason,Brown,mason.brown@gmail.com,+1-549-649-2123,CloudTech Pro,Marketing Manager,Austin,Mexico
511,Noah,Anderson,noah.anderson@yahoo.com,+1-600-990-5710,Innovation Labs,Project Manager,San Antonio,United Kingdom
512,Alexander,Jones,alexander.jones@yahoo.com,+1-318-794-5196,Future Enterprises,HR Specialist,Jacksonville,United States
513,Olivia,Thomas,olivia.thomas@work.org,+1-871-115-8184,Digital Dynamics,DevOps Engineer,Columbus,United States
514,James,Jackson,james.jackson@gmail.com,+1-683-140-6520,TechStart Inc,Financial Analyst,San Jose,Brazil
515,Mia,Jones,mia.jones@business.net,+1-746-411-7419,DataFlow Systems,Project Manager,Columbus,Brazil
516,Alexander,Williams,alexander.williams@work.org,+1-216-224-4609,TechStart Inc,Product Manager,Phoenix,United Kingdom
517,Amelia,Moore,amelia.moore@hotmail.com,+1-982-694-1938,CloudTech Pro,HR Specialist,San Jose,Germany
518,Amelia,Gonzalez,amelia.gonzalez@company.com,+1-268-655-3461,Future Enterprises,Project Manager,Philadelphia,Germany
519,Olivia,Jackson,olivia.jackson@hotmail.com,+1-820-561-5311,Smart Analytics,Product Manager,San Antonio,Canada
520,Ethan,Miller,ethan.miller@yahoo.com,+1-832-811-7752,DataFlow Systems,Data Analyst,New York,United Kingdom
521,Sophia,Jones,sophia.jones@company.com,+1-818-213-4450,Future Enterprises,Marketing Manager,Chicago,Mexico
522,Oliver,Jones,oliver.jones@work.org,+1-590-188-8970,CloudTech Pro,Project Manager,Austin,Canada
523,Harper,Hernandez,harper.hernandez@outlook.com,+1-810-376-6179,Digital Dynamics,Product Manager,Columbus,Brazil
524,William,Moore,william.moore@work.org,+1-265-406-8201,Smart Analytics,Sales Representative,Jacksonville,Brazil
525,Mia,Rodriguez,mia.rodriguez@gmail.com,+1-471-196-2220,TechStart Inc,Financial Analyst,Phoenix,Japan
526,Mason,Jones,mason.jones@gmail.com,+1-362-727-1154,Acme Corp,HR Specialist,Jacksonville,United States
527,Lucas,Davis,lucas.davis@business.net,+1-717-358-9389,DataFlow Systems,DevOps Engineer,Philadelphia,Mexico
528,Charlotte,Johnson,charlotte.johnson@gmail.com,+1-631-696-1028,Digital Dynamics,Financial Analyst,Charlotte,India
529,Ava,Anderson,ava.anderson@company.com,+1-668-127-6817,Smart Analytics,UX Designer,Philadelphia,United Kingdom
530,Amelia,Jones,amelia.jones@business.net,+1-513-906-3087,Future Enterprises,HR Specialist,San Diego,Canada
531,Evelyn,Miller,evelyn.miller@business.net,+1-942-323-1667,Innovation Labs,Sales Representative,Los Angeles,Japan
532,Harper,Jackson,harper.jackson@yahoo.com,+1-615-787-1331,Global Solutions,HR Specialist,San Diego,Brazil
533,Evelyn,Williams,evelyn.williams@hotmail.com,+1-366-714-5858,Smart Analytics,Marketing Manager,Austin,France
534,Ethan,Moore,ethan.moore@hotmail.com,+1-601-166-3139,Innovation Labs,Marketing Manager,San Diego,Canada
535,Charlotte,Taylor,charlotte.taylor@company.com,+1-596-875-7919,CloudTech Pro,UX Designer,Jacksonville,Japan
536,Evelyn,Jones,evelyn.jones@work.org,+1-826-663-4139,Smart Analytics,HR Specialist,New York,Mexico
537,Isabella,Taylor,isabella.taylor@gmail.com,+1-392-166-4715,Acme Corp,HR Specialist,Austin,Mexico
538,James,Smith,james.smith@outlook.com,+1-716-649-6846,NextGen Software,Project Manager,Philadelphia,India
539,James,Martin,james.martin@hotmail.com,+1-624-590-1291,NextGen Software,Project Manager,Philadelphia,India
540,Mia,Wilson,mia.wilson@company.com,+1-896-866-3031,Acme Corp,Sales Representative,Charlotte,Germany
541,Sophia,Jackson,sophia.jackson@business.net,+1-629-145-9657,Future Enterprises,Data Analyst,Dallas,France
542,Amelia,Miller,amelia.miller@gmail.com,+1-627-250-4241,Digital Dynamics,Product Manager,San Antonio,Australia
543,Olivia,Williams,olivia.williams@yahoo.com,+1-682-426-6405,Global Solutions,DevOps Engineer,Charlotte,France
544,Noah,Moore,noah.moore@business.net,+1-808-489-3091,Acme Corp,Marketing Manager,Los Angeles,France
545,Isabella,Johnson,isabella.johnson@hotmail.com,+1-666-360-3937,Future Enterprises,Product Manager,Austin,Canada
546,Oliver,Taylor,oliver.taylor@gmail.com,+1-822-317-1513,Acme Corp,Marketing Manager,San Diego,Australia
547,Oliver,Smith,oliver.smith@business.net,+1-316-915-7993,Future Enterprises,Product Manager,Fort Worth,Germany
548,Charlotte,Brown,charlotte.brown@work.org,+1-968-539-8707,Future Enterprises,Project Manager,Los Angeles,Brazil
549,Emma,Anderson,emma.anderson@yahoo.com,+1-664-619-2121,Smart Analytics,Software Engineer,Los Angeles,United Kingdom
550,Sophia,Martinez,sophia.martinez@company.com,+1-988-744-5821,TechStart Inc,Sales Representative,Charlotte,Germany
551,Alexander,Smith,alexander.smith@gmail.com,+1-545-935-5974,Smart Analytics,Sales Representative,Columbus,Australia
552,Lucas,Anderson,lucas.anderson@outlook.com,+1-648-698-9531,Innovation Labs,HR Specialist,Charlotte,France
553,Evelyn,Lopez,evelyn.lopez@yahoo.com,+1-494-479-7418,CloudTech Pro,Marketing Manager,San Antonio,Canada
554,Oliver,Jones,oliver.jones@business.net,+1-268-639-3129,CloudTech Pro,Product Manager,New York,Australia
555,Mason,Brown,mason.brown@work.org,+1-405-790-3854,DataFlow Systems,Project Manager,Fort Worth,Japan
556,Alexander,Thomas,alexander.thomas@business.net,+1-900-683-8415,Digital Dynamics,Software Engineer,Fort Worth,United States
557,Mason,Brown,mason.brown@gmail.com,+1-453-637-8520,Future Enterprises,Software Engineer,Fort Worth,Canada
558,Mason,Garcia,mason.garcia@business.net,+1-278-324-3792,NextGen Software,HR Specialist,Philadelphia,United Kingdom
559,Isabella,Johnson,isabella.johnson@company.com,+1-919-875-4530,TechStart Inc,HR Specialist,San Antonio,Mexico
560,Olivia,Martinez,olivia.martinez@outlook.com,+1-946-135-8846,Acme Corp,Marketing Manager,Fort Worth,Mexico
561,Benjamin,Wilson,benjamin.wilson@work.org,+1-302-381-4419,DataFlow Systems,UX Designer,Charlotte,Germany
562,James,Hernandez,james.hernandez@outlook.com,+1-607-729-9373,DataFlow Systems,Project Manager,Los Angeles,Mexico
563,Ava,Davis,ava.davis@gmail.com,+1-773-558-5177,CloudTech Pro,HR Specialist,San Jose,United States
564,Charlotte,Jones,charlotte.jones@work.org,+1-484-378-3969,NextGen Software,Marketing Manager,San Antonio,Japan
565,Lucas,Hernandez,lucas.hernandez@gmail.com,+1-598-702-7585,CloudTech Pro,HR Specialist,San Diego,United Kingdom
566,Ava,Johnson,ava.johnson@outlook.com,+1-355-601-9735,DataFlow Systems,Software Engineer,San Diego,Canada
567,William,Davis,william.davis@yahoo.com,+1-606-419-5641,NextGen Software,Project Manager,San Antonio,Germany
568,William,Brown,william.brown@outlook.com,+1-791-861-7786,Digital Dynamics,Project Manager,Chicago,India
569,Alexander,Martinez,alexander.martinez@work.org,+1-494-101-9688,Future Enterprises,Financial Analyst,San Antonio,Brazil
570,Harper,Jackson,harper.jackson@outlook.com,+1-419-708-4199,DataFlow Systems,HR Specialist,San Diego,India
571,Ava,Martin,ava.martin@company.com,+1-253-107-4781,CloudTech Pro,DevOps Engineer,San Antonio,Brazil
572,Isabella,Davis,isabella.davis@business.net,+1-545-786-1895,TechStart Inc,Data Analyst,Philadelphia,United Kingdom
573,Amelia,Wilson,amelia.wilson@outlook.com,+1-224-991-5852,Smart Analytics,HR Specialist,Philadelphia,France
574,Ava,Wilson,ava.wilson@business.net,+1-276-120-8095,DataFlow Systems,Financial Analyst,San Antonio,Japan
575,Liam,Johnson,liam.johnson@yahoo.com,+1-586-541-1905,DataFlow Systems,Financial Analyst,Columbus,Canada
576,Charlotte,Miller,charlotte.miller@company.com,+1-805-716-1384,Innovation Labs,HR Specialist,San Jose,Germany
577,Liam,Garcia,liam.garcia@company.com,+1-458-540-2319,Innovation Labs,Product Manager,San Jose,United States
578,Sophia,Gonzalez,sophia.gonzalez@gmail.com,+1-336-346-9486,Innovation Labs,Financial Analyst,Philadelphia,Mexico
579,Alexander,Wilson,alexander.wilson@work.org,+1-680-518-7912,Smart Analytics,Data Analyst,Philadelphia,Australia
580,Oliver,Hernandez,oliver.hernandez@work.org,+1-650-479-6782,NextGen Software,Data Analyst,Phoenix,Canada
581,William,Rodriguez,william.rodriguez@work.org,+1-703-947-7738,Future Enterprises,HR Specialist,Charlotte,India
582,Lucas,Lopez,lucas.lopez@hotmail.com,+1-397-992-2537,NextGen Software,HR Specialist,Fort Worth,France
583,Alexander,Gonzalez,alexander.gonzalez@hotmail.com,+1-336-159-1157,Acme Corp,Product Manager,San Jose,Germany
584,Alexander,Anderson,alexander.anderson@hotmail.com,+1-901-115-6438,Digital Dynamics,Data Analyst,Columbus,France
585,Evelyn,Hernandez,evelyn.hernandez@outlook.com,+1-332-502-3166,Future Enterprises,Project Manager,San Jose,Japan
586,Isabella,Thomas,isabella.thomas@outlook.com,+1-365-683-6496,TechStart Inc,Data Analyst,Chicago,Mexico
587,Charlotte,Thomas,charlotte.thomas@yahoo.com,+1-622-374-4682,Future Enterprises,DevOps Engineer,Charlotte,Mexico
588,Benjamin,Johnson,benjamin.johnson@company.com,+1-643-809-8425,Acme Corp,Financial Analyst,Phoenix,Mexico
589,Noah,Smith,noah.smith@yahoo.com,+1-879-790-7640,Acme Corp,Sales Representative,Los Angeles,Germany
590,Benjamin,Gonzalez,benjamin.gonzalez@gmail.com,+1-344-514-7643,Smart Analytics,HR Specialist,Philadelphia,Japan
591,Sophia,Moore,sophia.moore@company.com,+1-444-548-6161,Global Solutions,Financial Analyst,Columbus,United States
592,Sophia,Jones,sophia.jones@business.net,+1-349-117-6462,NextGen Software,DevOps Engineer,Austin,Japan
593,Noah,Anderson,noah.anderson@work.org,+1-400-469-2585,Innovation Labs,Sales Representative,Dallas,Germany
594,Benjamin,Brown,benjamin.brown@gmail.com,+1-873-333-6679,NextGen Software,HR Specialist,New York,India
595,James,Jackson,james.jackson@yahoo.com,+1-918-821-4330,TechStart Inc,Software Engineer,Charlotte,France
596,Liam,Jackson,liam.jackson@yahoo.com,+1-401-314-4552,Global Solutions,Software Engineer,Columbus,France
597,Sophia,Miller,sophia.miller@outlook.com,+1-756-200-5010,Digital Dynamics,DevOps Engineer,San Diego,Australia
598,Mia,Wilson,mia.wilson@yahoo.com,+1-869-202-7203,Smart Analytics,Sales Representative,Phoenix,United Kingdom
599,Amelia,Johnson,amelia.johnson@gmail.com,+1-986-468-1090,Innovation Labs,HR Specialist,Chicago,India
600,Benjamin,Johnson,benjamin.johnson@outlook.com,+1-488-106-6114,NextGen Software,Software Engineer,Chicago,Germany
601,Noah,Johnson,noah.johnson@work.org,+1-959-666-1681,Global Solutions,DevOps Engineer,Chicago,Australia
602,James,Hernandez,james.hernandez@business.net,+1-472-628-5110,Future Enterprises,Financial Analyst,New York,United States
603,Liam,Hernandez,liam.hernandez@outlook.com,+1-873-935-9437,CloudTech Pro,Sales Representative,New York,Japan
604,Noah,Jackson,noah.jackson@company.com,+1-389-595-1816,Digital Dynamics,Data Analyst,Houston,Germany
605,James,Gonzalez,james.gonzalez@company.com,+1-469-303-8649,DataFlow Systems,DevOps Engineer,Fort Worth,Germany
606,Harper,Taylor,harper.taylor@yahoo.com,+1-889-568-2703,CloudTech Pro,Software Engineer,Houston,Brazil
607,Olivia,Rodriguez,olivia.rodriguez@company.com,+1-779-943-7894,Acme Corp,HR Specialist,New York,Brazil
608,Mia,Taylor,mia.taylor@work.org,+1-722-702-2694,Future Enterprises,Sales Representative,Dallas,Mexico
609,Ava,Rodriguez,ava.rodriguez@gmail.com,+1-763-183-6743,Smart Analytics,DevOps Engineer,Los Angeles,Germany
610,Amelia,Jones,amelia.jones@company.com,+1-253-108-7220,NextGen Software,Project Manager,Philadelphia,Canada
611,Harper,Moore,harper.moore@company.com,+1-213-824-6398,Future Enterprises,Data Analyst,Houston,Mexico
612,Ava,Taylor,ava.taylor@outlook.com,+1-751-582-7493,NextGen Software,DevOps Engineer,Dallas,Canada
613,Ava,Martinez,ava.martinez@work.org,+1-342-537-8790,Global Solutions,Sales Representative,San Diego,India
614,Oliver,Brown,oliver.brown@hotmail.com,+1-904-749-9645,Digital Dynamics,HR Specialist,Fort Worth,Australia
615,James,Wilson,james.wilson@business.net,+1-769-835-4218,CloudTech Pro,HR Specialist,Houston,France
616,Amelia,Hernandez,amelia.hernandez@hotmail.com,+1-820-770-4882,Acme Corp,DevOps Engineer,San Antonio,Brazil
617,Amelia,Thomas,amelia.thomas@company.com,+1-362-832-6071,CloudTech Pro,HR Specialist,Charlotte,Brazil
618,Emma,Moore,emma.moore@company.com,+1-603-216-1211,Smart Analytics,Financial Analyst,Phoenix,Japan
619,James,Hernandez,james.hernandez@outlook.com,+1-263-607-6097,Digital Dynamics,Marketing Manager,Los Angeles,United States
620,Harper,Garcia,harper.garcia@outlook.com,+1-479-116-4022,NextGen Software,Sales Representative,San Jose,United Kingdom
621,Isabella,Lopez,isabella.lopez@hotmail.com,+1-750-420-1834,Global Solutions,Sales Representative,Los Angeles,France
622,Harper,Johnson,harper.johnson@outlook.com,+1-297-422-8213,Global Solutions,UX Designer,Columbus,Mexico
623,Isabella,Johnson,isabella.johnson@hotmail.com,+1-548-462-7006,Acme Corp,Sales Representative,New York,Australia
624,Amelia,Williams,amelia.williams@outlook.com,+1-996-621-6957,Future Enterprises,Software Engineer,Phoenix,Japan
625,Amelia,Jones,amelia.jones@hotmail.com,+1-926-857-2914,Global Solutions,Sales Representative,Phoenix,India
626,Emma,Thomas,emma.thomas@outlook.com,+1-711-992-1245,Future Enterprises,Data Analyst,San Jose,Canada
627,Liam,Gonzalez,liam.gonzalez@outlook.com,+1-722-377-2050,DataFlow Systems,Data Analyst,Columbus,France
628,Mason,Garcia,mason.garcia@business.net,+1-803-862-9862,DataFlow Systems,Sales Representative,Fort Worth,Canada
629,Mia,Smith,mia.smith@work.org,+1-284-797-5202,NextGen Software,Data Analyst,Fort Worth,Japan
630,Liam,Thomas,liam.thomas@company.com,+1-483-151-1145,Smart Analytics,HR Specialist,Houston,India
631,Benjamin,Rodriguez,benjamin.rodriguez@gmail.com,+1-359-252-7264,Digital Dynamics,UX Designer,Fort Worth,India
632,Benjamin,Lopez,benjamin.lopez@business.net,+1-484-197-6544,Global Solutions,Marketing Manager,Austin,India
633,Amelia,Miller,amelia.miller@hotmail.com,+1-581-299-1338,CloudTech Pro,UX Designer,San Diego,Canada
634,Mia,Jackson,mia.jackson@outlook.com,+1-321-850-8828,Smart Analytics,HR Specialist,Jacksonville,Brazil
635,Sophia,Williams,sophia.williams@hotmail.com,+1-611-594-4168,Innovation Labs,Marketing Manager,Columbus,Brazil
636,Ethan,Thomas,ethan.thomas@hotmail.com,+1-730-718-1113,DataFlow Systems,Product Manager,Dallas,France
637,Benjamin,Williams,benjamin.williams@gmail.com,+1-371-354-5068,Global Solutions,Data Analyst,San Jose,Germany
638,Liam,Lopez,liam.lopez@work.org,+1-499-957-7206,Future Enterprises,Financial Analyst,Houston,Brazil
639,Amelia,Jones,amelia.jones@business.net,+1-803-186-4018,Future Enterprises,Financial Analyst,Columbus,United Kingdom
640,Ava,Garcia,ava.garcia@yahoo.com,+1-729-118-9729,Global Solutions,Product Manager,Columbus,France
641,Mason,Rodriguez,mason.rodriguez@company.com,+1-650-944-6890,Acme Corp,UX Designer,Philadelphia,Germany
642,Noah,Moore,noah.moore@company.com,+1-691-599-3007,DataFlow Systems,Project Manager,Los Angeles,Germany
643,Charlotte,Wilson,charlotte.wilson@work.org,+1-860-597-6173,Innovation Labs,UX Designer,San Antonio,Japan
644,Isabella,Garcia,isabella.garcia@gmail.com,+1-636-580-4384,CloudTech Pro,Product Manager,Jacksonville,Mexico
645,Harper,Martin,harper.martin@outlook.com,+1-467-633-1336,Digital Dynamics,Financial Analyst,Phoenix,United States
646,Mia,Lopez,mia.lopez@business.net,+1-273-582-5326,TechStart Inc,Marketing Manager,Philadelphia,France
647,James,Davis,james.davis@hotmail.com,+1-221-825-5859,Global Solutions,Sales Representative,Columbus,India
648,Mia,Davis,mia.davis@company.com,+1-365-478-6730,DataFlow Systems,Financial Analyst,New York,Australia
649,Liam,Moore,liam.moore@outlook.com,+1-535-717-2903,Digital Dynamics,HR Specialist,Philadelphia,India
650,William,Anderson,william.anderson@company.com,+1-707-526-1036,Smart Analytics,Data Analyst,San Diego,Japan
651,Olivia,Thomas,olivia.thomas@hotmail.com,+1-301-311-4736,Future Enterprises,Sales Representative,Houston,United States
652,Lucas,Martin,lucas.martin@outlook.com,+1-837-345-7077,NextGen Software,UX Designer,Chicago,United States
653,James,Gonzalez,james.gonzalez@yahoo.com,+1-547-169-1535,Future Enterprises,DevOps Engineer,Phoenix,Canada
654,Charlotte,Martin,charlotte.martin@work.org,+1-448-723-5663,Global Solutions,UX Designer,Charlotte,Japan
655,Harper,Anderson,harper.anderson@hotmail.com,+1-369-316-1290,Acme Corp,Marketing Manager,Houston,Japan
656,Oliver,Smith,oliver.smith@outlook.com,+1-772-232-2881,Acme Corp,Software Engineer,Fort Worth,Canada
657,Noah,Martin,noah.martin@yahoo.com,+1-354-639-9867,CloudTech Pro,Financial Analyst,Philadelphia,Canada
658,Mason,Lopez,mason.lopez@gmail.com,+1-639-945-6537,Innovation Labs,Product Manager,Chicago,Japan
659,William,Rodriguez,william.rodriguez@outlook.com,+1-951-416-9423,Digital Dynamics,Project Manager,Chicago,United Kingdom
660,Emma,Anderson,emma.anderson@yahoo.com,+1-556-929-3880,NextGen Software,Data Analyst,Phoenix,Australia
661,Ava,Taylor,ava.taylor@outlook.com,+1-240-708-2703,Future Enterprises,HR Specialist,Chicago,Australia
662,Ethan,Anderson,ethan.anderson@company.com,+1-269-864-4821,Future Enterprises,Product Manager,San Jose,India
663,Alexander,Thomas,alexander.thomas@business.net,+1-795-189-1974,Digital Dynamics,Sales Representative,San Antonio,India
664,James,Lopez,james.lopez@outlook.com,+1-869-551-1133,TechStart Inc,Marketing Manager,Charlotte,Germany
665,Amelia,Davis,amelia.davis@business.net,+1-624-834-3328,DataFlow Systems,UX Designer,Charlotte,Japan
666,Lucas,Martin,lucas.martin@business.net,+1-959-369-7758,Acme Corp,Project Manager,Charlotte,United States
667,Alexander,Jones,alexander.jones@yahoo.com,+1-203-757-3503,Acme Corp,Sales Representative,Philadelphia,India
668,William,Martin,william.martin@business.net,+1-833-677-7409,Future Enterprises,Data Analyst,Fort Worth,Brazil
669,James,Davis,james.davis@gmail.com,+1-851-670-5428,Global Solutions,UX Designer,Los Angeles,Germany
670,Oliver,Williams,oliver.williams@work.org,+1-321-814-3583,TechStart Inc,Marketing Manager,Houston,Australia
671,James,Garcia,james.garcia@business.net,+1-423-279-4873,Future Enterprises,Data Analyst,Dallas,Canada
672,Amelia,Jackson,amelia.jackson@yahoo.com,+1-927-505-5074,CloudTech Pro,Product Manager,San Diego,India
673,Harper,Taylor,harper.taylor@gmail.com,+1-559-681-4642,Acme Corp,Sales Representative,New York,Japan
674,Mason,Jones,mason.jones@business.net,+1-702-583-5572,Digital Dynamics,Financial Analyst,Phoenix,Australia
675,Sophia,Anderson,sophia.anderson@hotmail.com,+1-373-917-5043,Innovation Labs,Sales Representative,Columbus,India
676,Charlotte,Lopez,charlotte.lopez@business.net,+1-845-329-1074,Innovation Labs,DevOps Engineer,Houston,Australia
677,Lucas,Hernandez,lucas.hernandez@work.org,+1-527-941-8421,Smart Analytics,Product Manager,Houston,India
678,Sophia,Garcia,sophia.garcia@yahoo.com,+1-280-883-6091,Acme Corp,Project Manager,Chicago,India
679,Emma,Lopez,emma.lopez@gmail.com,+1-479-176-9706,TechStart Inc,DevOps Engineer,New York,Mexico
680,William,Martin,william.martin@business.net,+1-869-482-6400,CloudTech Pro,Marketing Manager,Philadelphia,Brazil
681,Benjamin,Davis,benjamin.davis@hotmail.com,+1-376-536-2851,Innovation Labs,Financial Analyst,Phoenix,Germany
682,Lucas,Davis,lucas.davis@outlook.com,+1-488-307-3336,TechStart Inc,Product Manager,New York,India
683,Ethan,Moore,ethan.moore@company.com,+1-414-315-8457,DataFlow Systems,Product Manager,New York,France
684,Evelyn,Rodriguez,evelyn.rodriguez@hotmail.com,+1-397-885-5081,Innovation Labs,Marketing Manager,San Jose,United States
685,Isabella,Smith,isabella.smith@outlook.com,+1-283-787-2415,Global Solutions,Software Engineer,New York,United States
686,Lucas,Thomas,lucas.thomas@outlook.com,+1-601-410-2259,DataFlow Systems,Financial Analyst,New York,United Kingdom
687,Mia,Lopez,mia.lopez@company.com,+1-873-311-4447,Smart Analytics,DevOps Engineer,Chicago,Canada
688,Liam,Anderson,liam.anderson@hotmail.com,+1-504-989-1821,Future Enterprises,Marketing Manager,Fort Worth,Germany
689,Mason,Brown,mason.brown@work.org,+1-722-140-6126,DataFlow Systems,Product Manager,Philadelphia,Mexico
690,Lucas,Thomas,lucas.thomas@gmail.com,+1-439-313-1743,Digital Dynamics,Project Manager,San Antonio,Canada
691,Emma,Martin,emma.martin@work.org,+1-896-340-7897,Future Enterprises,UX Designer,Charlotte,Mexico
692,William,Thomas,william.thomas@outlook.com,+1-397-119-4528,Future Enterprises,Software Engineer,Los Angeles,France
693,Sophia,Anderson,sophia.anderson@outlook.com,+1-237-342-5016,Acme Corp,Marketing Manager,Charlotte,Canada
694,Oliver,Hernandez,oliver.hernandez@outlook.com,+1-793-829-4895,Acme Corp,Data Analyst,Charlotte,United Kingdom
695,Amelia,Rodriguez,amelia.rodriguez@hotmail.com,+1-380-519-7346,Digital Dynamics,UX Designer,Charlotte,Australia
696,Charlotte,Martinez,charlotte.martinez@business.net,+1-930-271-4466,NextGen Software,Financial Analyst,Columbus,France
697,Emma,Moore,emma.moore@business.net,+1-540-566-6956,TechStart Inc,Project Manager,San Diego,United Kingdom
698,Isabella,Taylor,isabella.taylor@outlook.com,+1-641-604-9146,Global Solutions,HR Specialist,Dallas,United Kingdom
699,Lucas,Taylor,lucas.taylor@work.org,+1-821-142-3018,CloudTech Pro,Marketing Manager,Philadelphia,Australia
700,Emma,Smith,emma.smith@yahoo.com,+1-466-863-4460,Acme Corp,Sales Representative,San Antonio,India
701,Ava,Wilson,ava.wilson@hotmail.com,+1-873-261-7606,DataFlow Systems,Financial Analyst,Phoenix,United States
702,Mason,Anderson,mason.anderson@hotmail.com,+1-984-892-9120,DataFlow Systems,Marketing Manager,San Antonio,Germany
703,Evelyn,Gonzalez,evelyn.gonzalez@company.com,+1-848-535-5928,CloudTech Pro,Data Analyst,Fort Worth,Brazil
704,Ethan,Hernandez,ethan.hernandez@business.net,+1-212-159-5757,Future Enterprises,DevOps Engineer,Chicago,Canada
705,Evelyn,Moore,evelyn.moore@outlook.com,+1-392-163-9982,Innovation Labs,HR Specialist,Fort Worth,Canada
706,Isabella,Gonzalez,isabella.gonzalez@gmail.com,+1-297-722-5115,NextGen Software,HR Specialist,Chicago,Japan
707,Isabella,Hernandez,isabella.hernandez@gmail.com,+1-415-139-9275,Global Solutions,UX Designer,San Jose,Brazil
708,Evelyn,Anderson,evelyn.anderson@business.net,+1-788-338-8728,TechStart Inc,Project Manager,Los Angeles,Germany
709,Charlotte,Johnson,charlotte.johnson@company.com,+1-320-905-2190,Acme Corp,Project Manager,Jacksonville,Brazil
710,Ethan,Jones,ethan.jones@work.org,+1-700-642-2188,NextGen Software,HR Specialist,San Jose,United Kingdom
711,Isabella,Rodriguez,isabella.rodriguez@gmail.com,+1-451-383-6569,Digital Dynamics,UX Designer,Fort Worth,France
712,Noah,Gonzalez,noah.gonzalez@company.com,+1-920-200-6597,Future Enterprises,UX Designer,Columbus,Germany
713,Olivia,Anderson,olivia.anderson@gmail.com,+1-530-831-8501,NextGen Software,UX Designer,San Jose,France
714,Liam,Thomas,liam.thomas@yahoo.com,+1-214-385-8591,Global Solutions,Product Manager,Philadelphia,France
715,Sophia,Rodriguez,sophia.rodriguez@hotmail.com,+1-437-357-1148,TechStart Inc,Data Analyst,Austin,Mexico
716,Ava,Jackson,ava.jackson@work.org,+1-559-750-1851,Smart Analytics,DevOps Engineer,Jacksonville,Canada
717,Lucas,Brown,lucas.brown@company.com,+1-532-438-1453,Innovation Labs,Marketing Manager,Philadelphia,United States
718,Mason,Jones,mason.jones@gmail.com,+1-612-916-2968,Digital Dynamics,DevOps Engineer,San Antonio,France
719,Mason,Johnson,mason.johnson@company.com,+1-825-981-8374,Innovation Labs,Sales Representative,San Jose,India
720,Sophia,Gonzalez,sophia.gonzalez@gmail.com,+1-268-221-7373,Acme Corp,Sales Representative,San Jose,Mexico
721,Emma,Hernandez,emma.hernandez@business.net,+1-963-145-2482,Global Solutions,Sales Representative,San Jose,United States
722,Lucas,Rodriguez,lucas.rodriguez@company.com,+1-325-685-1502,CloudTech Pro,DevOps Engineer,Austin,Mexico
723,Isabella,Jones,isabella.jones@outlook.com,+1-715-648-1207,Digital Dynamics,DevOps Engineer,Austin,Japan
724,William,Wilson,william.wilson@outlook.com,+1-984-760-7334,DataFlow Systems,DevOps Engineer,San Jose,France
725,Charlotte,Anderson,charlotte.anderson@hotmail.com,+1-277-649-2109,Global Solutions,UX Designer,San Diego,India
726,Mia,Jones,mia.jones@gmail.com,+1-776-642-3293,TechStart Inc,Software Engineer,Austin,Germany
727,Harper,Miller,harper.miller@outlook.com,+1-877-504-2726,Smart Analytics,Financial Analyst,Philadelphia,Germany
728,Lucas,Johnson,lucas.johnson@work.org,+1-802-971-7416,TechStart Inc,Marketing Manager,Los Angeles,United Kingdom
729,Ethan,Jackson,ethan.jackson@gmail.com,+1-739-184-8372,Digital Dynamics,Software Engineer,Phoenix,United Kingdom
730,Ethan,Moore,ethan.moore@yahoo.com,+1-931-283-1003,Digital Dynamics,UX Designer,Austin,Australia
731,Amelia,Brown,amelia.brown@work.org,+1-595-295-4808,DataFlow Systems,DevOps Engineer,Houston,Mexico
732,Noah,Taylor,noah.taylor@business.net,+1-848-705-7417,CloudTech Pro,UX Designer,Los Angeles,Germany
733,Emma,Rodriguez,emma.rodriguez@outlook.com,+1-501-866-9254,CloudTech Pro,Product Manager,Houston,Japan
734,Liam,Taylor,liam.taylor@gmail.com,+1-362-768-7632,Smart Analytics,Project Manager,Austin,Mexico
735,Liam,Lopez,liam.lopez@business.net,+1-540-582-9241,CloudTech Pro,UX Designer,Dallas,Brazil
736,James,Brown,james.brown@outlook.com,+1-558-118-5930,Global Solutions,DevOps Engineer,Dallas,Japan
737,Mia,Gonzalez,mia.gonzalez@gmail.com,+1-868-972-6227,DataFlow Systems,Product Manager,San Antonio,India
738,Amelia,Miller,amelia.miller@hotmail.com,+1-381-914-8760,NextGen Software,Software Engineer,San Antonio,France
739,James,Martin,james.martin@gmail.com,+1-256-790-1603,Future Enterprises,Software Engineer,Phoenix,Germany
740,Liam,Thomas,liam.thomas@gmail.com,+1-418-479-3030,CloudTech Pro,Project Manager,Columbus,United Kingdom
741,Benjamin,Anderson,benjamin.anderson@hotmail.com,+1-783-455-9223,Acme Corp,HR Specialist,Charlotte,Canada
742,Benjamin,Anderson,benjamin.anderson@gmail.com,+1-277-931-2208,NextGen Software,Project Manager,Charlotte,United Kingdom
743,Olivia,Moore,olivia.moore@hotmail.com,+1-762-472-5926,Acme Corp,DevOps Engineer,Austin,Brazil
744,Mason,Garcia,mason.garcia@work.org,+1-234-652-3255,Smart Analytics,UX Designer,Dallas,Canada
745,Oliver,Smith,oliver.smith@work.org,+1-617-853-4781,Innovation Labs,Software Engineer,Chicago,United Kingdom
746,Charlotte,Gonzalez,charlotte.gonzalez@gmail.com,+1-750-859-3567,Innovation Labs,Marketing Manager,New York,Japan
747,Ethan,Taylor,ethan.taylor@business.net,+1-267-428-5764,TechStart Inc,Marketing Manager,Dallas,Canada
748,Olivia,Wilson,olivia.wilson@business.net,+1-482-872-1833,Innovation Labs,Sales Representative,Fort Worth,France
749,Amelia,Martinez,amelia.martinez@yahoo.com,+1-385-302-5551,CloudTech Pro,Financial Analyst,New York,United Kingdom
750,Benjamin,Brown,benjamin.brown@yahoo.com,+1-569-992-9227,Digital Dynamics,HR Specialist,Dallas,Canada
751,Liam,Johnson,liam.johnson@outlook.com,+1-656-627-5623,TechStart Inc,Data Analyst,Philadelphia,India
752,Mia,Gonzalez,mia.gonzalez@work.org,+1-797-315-6160,CloudTech Pro,Data Analyst,Los Angeles,Brazil
753,Lucas,Williams,lucas.williams@business.net,+1-222-238-6461,Global Solutions,HR Specialist,San Jose,Japan
754,James,Wilson,james.wilson@gmail.com,+1-286-971-1733,TechStart Inc,Software Engineer,Dallas,Australia
755,Liam,Thomas,liam.thomas@work.org,+1-647-122-4836,CloudTech Pro,Sales Representative,San Antonio,Australia
756,Emma,Jackson,emma.jackson@yahoo.com,+1-676-564-8402,Global Solutions,Data Analyst,San Diego,Germany
757,Harper,Johnson,harper.johnson@outlook.com,+1-326-553-4104,Smart Analytics,Software Engineer,Los Angeles,United States
758,Amelia,Williams,amelia.williams@outlook.com,+1-487-231-5041,Global Solutions,HR Specialist,San Antonio,United Kingdom
759,Ethan,Moore,ethan.moore@outlook.com,+1-619-628-1371,Acme Corp,Project Manager,New York,France
760,Charlotte,Garcia,charlotte.garcia@gmail.com,+1-680-109-8638,CloudTech Pro,Software Engineer,Philadelphia,United States
761,Mia,Taylor,mia.taylor@gmail.com,+1-391-444-6842,Global Solutions,Sales Representative,San Antonio,Mexico
762,Evelyn,Hernandez,evelyn.hernandez@work.org,+1-427-609-1385,Acme Corp,UX Designer,San Jose,Germany
763,Liam,Lopez,liam.lopez@yahoo.com,+1-912-128-6956,Future Enterprises,Marketing Manager,Houston,Germany
764,Alexander,Martin,alexander.martin@outlook.com,+1-541-190-6925,Digital Dynamics,DevOps Engineer,Fort Worth,India
765,Alexander,Thomas,alexander.thomas@gmail.com,+1-744-962-6862,Innovation Labs,Data Analyst,Jacksonville,Australia
766,James,Jones,james.jones@hotmail.com,+1-657-596-6670,Future Enterprises,Project Manager,San Jose,Australia
767,William,Brown,william.brown@outlook.com,+1-380-778-7025,Acme Corp,Product Manager,San Diego,Canada
768,Amelia,Hernandez,amelia.hernandez@business.net,+1-394-780-6743,Future Enterprises,Project Manager,New York,France
769,Isabella,Smith,isabella.smith@gmail.com,+1-861-115-3531,Smart Analytics,DevOps Engineer,Chicago,Japan
770,Evelyn,Hernandez,evelyn.hernandez@outlook.com,+1-709-529-4223,CloudTech Pro,Sales Representative,Fort Worth,Germany
771,James,Wilson,james.wilson@hotmail.com,+1-749-616-2529,Global Solutions,HR Specialist,San Antonio,United States
772,Mia,Jones,mia.jones@outlook.com,+1-569-413-2690,Digital Dynamics,Project Manager,Fort Worth,United Kingdom
773,Evelyn,Anderson,evelyn.anderson@company.com,+1-650-700-8205,DataFlow Systems,Product Manager,Houston,United Kingdom
774,Charlotte,Thomas,charlotte.thomas@outlook.com,+1-215-818-8133,Digital Dynamics,Marketing Manager,Jacksonville,United Kingdom
775,James,Johnson,james.johnson@work.org,+1-471-198-8675,Future Enterprises,HR Specialist,Dallas,Japan
776,Noah,Gonzalez,noah.gonzalez@outlook.com,+1-724-903-2344,DataFlow Systems,Software Engineer,Fort Worth,Germany
777,Olivia,Lopez,olivia.lopez@business.net,+1-978-507-8509,Future Enterprises,UX Designer,Chicago,Canada
778,Charlotte,Smith,charlotte.smith@outlook.com,+1-226-409-5852,Innovation Labs,Project Manager,Columbus,Germany
779,Ava,Williams,ava.williams@gmail.com,+1-485-588-2975,CloudTech Pro,Data Analyst,San Antonio,India
780,Mia,Anderson,mia.anderson@work.org,+1-713-558-6393,CloudTech Pro,Product Manager,San Antonio,Australia
781,Lucas,Martin,lucas.martin@company.com,+1-866-231-7384,NextGen Software,Data Analyst,San Antonio,Brazil
782,Charlotte,Martinez,charlotte.martinez@hotmail.com,+1-692-716-6545,NextGen Software,Data Analyst,Philadelphia,Brazil
783,Isabella,Wilson,isabella.wilson@company.com,+1-514-848-2878,Acme Corp,Software Engineer,Los Angeles,Japan
784,Alexander,Thomas,alexander.thomas@hotmail.com,+1-509-109-7980,Digital Dynamics,Project Manager,New York,Australia
785,Alexander,Johnson,alexander.johnson@gmail.com,+1-396-522-4691,TechStart Inc,Financial Analyst,Houston,Mexico
786,Olivia,Williams,olivia.williams@company.com,+1-947-830-7654,Future Enterprises,Software Engineer,Houston,India
787,William,Martin,william.martin@hotmail.com,+1-607-961-2183,Acme Corp,Data Analyst,Phoenix,Japan
788,Alexander,Moore,alexander.moore@outlook.com,+1-460-748-4273,Innovation Labs,DevOps Engineer,New York,Brazil
789,Evelyn,Martin,evelyn.martin@work.org,+1-607-301-2071,Smart Analytics,Product Manager,Columbus,Brazil
790,Ava,Smith,ava.smith@gmail.com,+1-414-159-8552,Innovation Labs,DevOps Engineer,Phoenix,Australia
791,Benjamin,Anderson,benjamin.anderson@business.net,+1-797-862-1614,Innovation Labs,DevOps Engineer,Charlotte,Germany
792,Noah,Brown,noah.brown@company.com,+1-789-496-6062,NextGen Software,UX Designer,Fort Worth,United Kingdom
793,Mia,Miller,mia.miller@yahoo.com,+1-793-144-3425,Smart Analytics,Sales Representative,Houston,Germany
794,Amelia,Moore,amelia.moore@business.net,+1-505-663-3589,Future Enterprises,Sales Representative,Los Angeles,United States
795,Alexander,Martinez,alexander.martinez@yahoo.com,+1-920-240-2553,CloudTech Pro,UX Designer,New York,United Kingdom
796,James,Brown,james.brown@company.com,+1-848-993-2371,Future Enterprises,Data Analyst,Columbus,United States
797,Oliver,Johnson,oliver.johnson@gmail.com,+1-771-507-9301,Acme Corp,Product Manager,Chicago,Mexico
798,Amelia,Thomas,amelia.thomas@yahoo.com,+1-640-650-1011,Digital Dynamics,Sales Representative,Chicago,Mexico
799,Emma,Taylor,emma.taylor@company.com,+1-942-447-5331,NextGen Software,Data Analyst,San Jose,Mexico
800,James,Martinez,james.martinez@yahoo.com,+1-357-238-8625,CloudTech Pro,Data Analyst,Phoenix,Canada
801,Alexander,Lopez,alexander.lopez@hotmail.com,+1-951-954-5695,Acme Corp,Project Manager,Austin,Brazil
802,Emma,Thomas,emma.thomas@gmail.com,+1-897-825-4314,DataFlow Systems,Marketing Manager,San Jose,United States
803,Oliver,Jackson,oliver.jackson@yahoo.com,+1-876-731-9707,Acme Corp,UX Designer,New York,Mexico
804,Ethan,Williams,ethan.williams@outlook.com,+1-788-676-1749,Future Enterprises,Data Analyst,New York,France
805,Oliver,Rodriguez,oliver.rodriguez@business.net,+1-452-137-1647,Smart Analytics,HR Specialist,San Antonio,United States
806,Lucas,Lopez,lucas.lopez@yahoo.com,+1-604-324-9775,NextGen Software,Project Manager,Fort Worth,Brazil
807,Lucas,Thomas,lucas.thomas@work.org,+1-412-173-2125,DataFlow Systems,HR Specialist,Columbus,Brazil
808,Oliver,Anderson,oliver.anderson@hotmail.com,+1-334-202-6313,Innovation Labs,Project Manager,San Jose,France
809,James,Gonzalez,james.gonzalez@gmail.com,+1-356-347-8234,Digital Dynamics,Product Manager,Los Angeles,United Kingdom
810,Benjamin,Hernandez,benjamin.hernandez@company.com,+1-462-312-9460,Innovation Labs,Data Analyst,San Antonio,India
811,Alexander,Miller,alexander.miller@hotmail.com,+1-263-280-7548,CloudTech Pro,Financial Analyst,Jacksonville,France
812,Charlotte,Davis,charlotte.davis@company.com,+1-586-278-8987,Acme Corp,DevOps Engineer,Jacksonville,Australia
813,Emma,Garcia,emma.garcia@gmail.com,+1-685-740-5811,Global Solutions,UX Designer,San Diego,Germany
814,Emma,Thomas,emma.thomas@work.org,+1-261-930-1913,NextGen Software,UX Designer,Dallas,Japan
815,Ava,Johnson,ava.johnson@business.net,+1-979-368-9639,DataFlow Systems,HR Specialist,Chicago,France
816,Amelia,Miller,amelia.miller@company.com,+1-592-712-6443,Digital Dynamics,UX Designer,Houston,France
817,Mia,Jones,mia.jones@gmail.com,+1-997-917-4881,DataFlow Systems,Sales Representative,Los Angeles,France
818,Harper,Brown,harper.brown@outlook.com,+1-353-799-4279,Global Solutions,Financial Analyst,Philadelphia,United States
819,Mason,Davis,mason.davis@gmail.com,+1-317-984-7868,Digital Dynamics,Financial Analyst,Jacksonville,United Kingdom
820,Charlotte,Martinez,charlotte.martinez@company.com,+1-330-106-2240,NextGen Software,Marketing Manager,Houston,United Kingdom
821,Mia,Thomas,mia.thomas@hotmail.com,+1-647-411-8259,NextGen Software,Product Manager,Phoenix,United Kingdom
822,Noah,Taylor,noah.taylor@outlook.com,+1-213-645-8824,Smart Analytics,DevOps Engineer,Phoenix,Brazil
823,Benjamin,Martin,benjamin.martin@outlook.com,+1-327-703-7562,Future Enterprises,Financial Analyst,San Jose,Japan
824,Harper,Moore,harper.moore@company.com,+1-424-832-7893,Smart Analytics,Project Manager,Charlotte,Japan
825,Oliver,Jones,oliver.jones@work.org,+1-606-568-5783,TechStart Inc,HR Specialist,Jacksonville,Brazil
826,Amelia,Smith,amelia.smith@work.org,+1-540-305-2537,Future Enterprises,HR Specialist,Dallas,India
827,Amelia,Williams,amelia.williams@work.org,+1-712-898-3363,Innovation Labs,Product Manager,Los Angeles,Germany
828,William,Thomas,william.thomas@yahoo.com,+1-703-425-2063,Smart Analytics,DevOps Engineer,San Jose,Canada
829,Benjamin,Garcia,benjamin.garcia@work.org,+1-917-362-3729,Innovation Labs,Project Manager,Philadelphia,Mexico
830,Noah,Johnson,noah.johnson@outlook.com,+1-432-256-1255,Digital Dynamics,Product Manager,Jacksonville,France
831,Sophia,Davis,sophia.davis@hotmail.com,+1-383-872-5557,Digital Dynamics,DevOps Engineer,San Diego,Canada
832,Mason,Davis,mason.davis@outlook.com,+1-946-916-4546,CloudTech Pro,Financial Analyst,Jacksonville,Germany
833,Emma,Miller,emma.miller@hotmail.com,+1-642-793-7606,Acme Corp,HR Specialist,Dallas,Australia
834,Lucas,Smith,lucas.smith@gmail.com,+1-274-486-6660,TechStart Inc,Sales Representative,Columbus,Brazil
835,Charlotte,Thomas,charlotte.thomas@company.com,+1-950-534-2912,Digital Dynamics,Project Manager,San Antonio,India
836,Oliver,Moore,oliver.moore@hotmail.com,+1-796-870-4130,Smart Analytics,Software Engineer,Charlotte,United States
837,Noah,Rodriguez,noah.rodriguez@company.com,+1-681-484-8938,Acme Corp,HR Specialist,Austin,Brazil
838,Charlotte,Martin,charlotte.martin@outlook.com,+1-284-574-1433,Smart Analytics,Financial Analyst,Chicago,Japan
839,James,Garcia,james.garcia@company.com,+1-775-734-8337,DataFlow Systems,Product Manager,Phoenix,France
840,Olivia,Garcia,olivia.garcia@yahoo.com,+1-427-793-1947,TechStart Inc,DevOps Engineer,Columbus,Brazil
841,Charlotte,Rodriguez,charlotte.rodriguez@gmail.com,+1-398-411-6016,DataFlow Systems,Data Analyst,Houston,India
842,Mia,Smith,mia.smith@gmail.com,+1-929-356-5141,Digital Dynamics,Marketing Manager,San Antonio,Germany
843,James,Wilson,james.wilson@yahoo.com,+1-686-116-9091,CloudTech Pro,Project Manager,Columbus,United States
844,Ethan,Rodriguez,ethan.rodriguez@hotmail.com,+1-479-395-9999,Smart Analytics,Project Manager,Los Angeles,India
845,Harper,Lopez,harper.lopez@company.com,+1-353-161-7004,Acme Corp,Financial Analyst,Chicago,India
846,Sophia,Anderson,sophia.anderson@yahoo.com,+1-632-940-8737,NextGen Software,Marketing Manager,Fort Worth,United Kingdom
847,Lucas,Gonzalez,lucas.gonzalez@company.com,+1-295-169-9236,Future Enterprises,Product Manager,Jacksonville,Brazil
848,Amelia,Jackson,amelia.jackson@company.com,+1-239-436-4511,Digital Dynamics,DevOps Engineer,Fort Worth,Australia
849,Charlotte,Jackson,charlotte.jackson@gmail.com,+1-757-506-3541,Global Solutions,HR Specialist,Los Angeles,United States
850,Benjamin,Garcia,benjamin.garcia@gmail.com,+1-547-259-3591,TechStart Inc,Marketing Manager,Columbus,Brazil
851,Mia,Davis,mia.davis@gmail.com,+1-650-167-3636,Future Enterprises,HR Specialist,Phoenix,Japan
852,Alexander,Hernandez,alexander.hernandez@yahoo.com,+1-353-363-1791,Global Solutions,Marketing Manager,Houston,Australia
853,Sophia,Rodriguez,sophia.rodriguez@hotmail.com,+1-264-880-9447,TechStart Inc,Sales Representative,Houston,India
854,James,Garcia,james.garcia@company.com,+1-436-324-4021,Smart Analytics,Software Engineer,Los Angeles,Mexico
855,Mia,Garcia,mia.garcia@gmail.com,+1-974-193-8125,CloudTech Pro,Software Engineer,Houston,Australia
856,Ava,Gonzalez,ava.gonzalez@business.net,+1-737-843-2431,Acme Corp,Product Manager,Charlotte,Japan
857,William,Lopez,william.lopez@outlook.com,+1-785-800-9510,NextGen Software,Sales Representative,Austin,Canada
858,Benjamin,Hernandez,benjamin.hernandez@outlook.com,+1-387-482-6217,TechStart Inc,DevOps Engineer,Charlotte,Japan
859,Benjamin,Johnson,benjamin.johnson@gmail.com,+1-431-800-5444,Digital Dynamics,UX Designer,New York,India
860,Ethan,Gonzalez,ethan.gonzalez@yahoo.com,+1-930-835-3449,NextGen Software,Data Analyst,San Antonio,France
861,Mia,Johnson,mia.johnson@outlook.com,+1-408-237-6446,NextGen Software,HR Specialist,San Antonio,Japan
862,Noah,Taylor,noah.taylor@company.com,+1-543-123-4235,Global Solutions,Product Manager,Phoenix,India
863,Alexander,Taylor,alexander.taylor@hotmail.com,+1-795-148-4304,CloudTech Pro,Project Manager,Jacksonville,United Kingdom
864,Noah,Gonzalez,noah.gonzalez@work.org,+1-838-389-4712,NextGen Software,UX Designer,Austin,Mexico
865,Mason,Gonzalez,mason.gonzalez@outlook.com,+1-221-537-6799,Innovation Labs,DevOps Engineer,Dallas,Canada
866,Ava,Lopez,ava.lopez@business.net,+1-890-241-2563,DataFlow Systems,Project Manager,Phoenix,Mexico
867,James,Gonzalez,james.gonzalez@company.com,+1-452-419-7546,Future Enterprises,UX Designer,Charlotte,France
868,Mia,Lopez,mia.lopez@yahoo.com,+1-912-823-8543,Innovation Labs,Financial Analyst,Fort Worth,Japan
869,Liam,Gonzalez,liam.gonzalez@hotmail.com,+1-613-270-2721,Acme Corp,Sales Representative,Dallas,United States
870,Sophia,Martinez,sophia.martinez@work.org,+1-683-502-6854,Digital Dynamics,Product Manager,Dallas,Canada
871,Mia,Thomas,mia.thomas@business.net,+1-617-940-3034,NextGen Software,Sales Representative,San Antonio,France
872,Isabella,Hernandez,isabella.hernandez@yahoo.com,+1-694-914-8959,TechStart Inc,Marketing Manager,Fort Worth,United States
873,Noah,Williams,noah.williams@outlook.com,+1-997-820-3703,CloudTech Pro,Product Manager,Charlotte,Canada
874,Oliver,Martinez,oliver.martinez@business.net,+1-638-408-5065,TechStart Inc,Financial Analyst,Jacksonville,India
875,Oliver,Miller,oliver.miller@outlook.com,+1-334-840-5173,Innovation Labs,Financial Analyst,Chicago,Canada
876,Harper,Lopez,harper.lopez@work.org,+1-511-174-3604,Acme Corp,Product Manager,Chicago,India
877,William,Davis,william.davis@company.com,+1-956-902-7490,NextGen Software,Sales Representative,Los Angeles,United States
878,James,Johnson,james.johnson@outlook.com,+1-277-747-5722,CloudTech Pro,Software Engineer,Dallas,Germany
879,Evelyn,Martinez,evelyn.martinez@gmail.com,+1-569-160-2007,Future Enterprises,UX Designer,Columbus,Brazil
880,Mason,Wilson,mason.wilson@hotmail.com,+1-459-627-7364,TechStart Inc,HR Specialist,Houston,Mexico
881,Alexander,Davis,alexander.davis@hotmail.com,+1-341-324-5523,Future Enterprises,DevOps Engineer,Austin,United States
882,Ava,Anderson,ava.anderson@gmail.com,+1-712-413-9541,CloudTech Pro,Project Manager,Columbus,Germany
883,James,Gonzalez,james.gonzalez@gmail.com,+1-697-753-7234,CloudTech Pro,Data Analyst,Austin,France
884,Emma,Smith,emma.smith@company.com,+1-564-228-9245,Global Solutions,Product Manager,New York,India
885,Emma,Smith,emma.smith@business.net,+1-804-697-5474,DataFlow Systems,Marketing Manager,Austin,Brazil
886,Oliver,Martinez,oliver.martinez@business.net,+1-729-281-6995,Digital Dynamics,Sales Representative,Charlotte,India
887,Harper,Jackson,harper.jackson@company.com,+1-979-453-6024,NextGen Software,Product Manager,Los Angeles,United Kingdom
888,Alexander,Jones,alexander.jones@gmail.com,+1-374-379-5208,Future Enterprises,Project Manager,San Jose,India
889,Lucas,Lopez,lucas.lopez@company.com,+1-388-865-6327,Future Enterprises,Sales Representative,San Jose,France
890,Mia,Davis,mia.davis@business.net,+1-433-850-3541,DataFlow Systems,DevOps Engineer,Jacksonville,United Kingdom
891,Noah,Thomas,noah.thomas@hotmail.com,+1-633-339-6371,Innovation Labs,Data Analyst,San Jose,Japan
892,Isabella,Williams,isabella.williams@business.net,+1-364-592-9737,Global Solutions,Project Manager,San Antonio,France
893,Amelia,Jones,amelia.jones@yahoo.com,+1-545-695-5631,Acme Corp,Sales Representative,Chicago,Australia
894,Evelyn,Jackson,evelyn.jackson@hotmail.com,+1-861-705-1604,DataFlow Systems,UX Designer,San Antonio,United Kingdom
895,William,Rodriguez,william.rodriguez@company.com,+1-612-158-6410,NextGen Software,Marketing Manager,Jacksonville,Canada
896,Ava,Martinez,ava.martinez@outlook.com,+1-391-111-6139,NextGen Software,Product Manager,San Antonio,Australia
897,Oliver,Wilson,oliver.wilson@company.com,+1-750-327-6718,CloudTech Pro,Software Engineer,New York,United States
898,Oliver,Johnson,oliver.johnson@yahoo.com,+1-822-266-7199,Acme Corp,Software Engineer,Jacksonville,Mexico
899,Emma,Garcia,emma.garcia@work.org,+1-560-171-7225,NextGen Software,Sales Representative,Dallas,Germany
900,Ava,Lopez,ava.lopez@work.org,+1-994-686-6413,Global Solutions,Project Manager,Phoenix,Brazil
901,Emma,Martinez,emma.martinez@gmail.com,+1-696-998-5796,Digital Dynamics,Software Engineer,Charlotte,Mexico
902,Benjamin,Taylor,benjamin.taylor@company.com,+1-746-720-7363,Smart Analytics,DevOps Engineer,Dallas,Brazil
903,Mason,Davis,mason.davis@gmail.com,+1-915-686-1073,TechStart Inc,Sales Representative,Phoenix,United Kingdom
904,James,Rodriguez,james.rodriguez@yahoo.com,+1-958-483-9366,TechStart Inc,Project Manager,San Diego,Mexico
905,Alexander,Brown,alexander.brown@work.org,+1-627-695-5863,Digital Dynamics,HR Specialist,Charlotte,Australia
906,Harper,Miller,harper.miller@gmail.com,+1-270-299-7116,Digital Dynamics,Product Manager,Fort Worth,Canada
907,Sophia,Taylor,sophia.taylor@yahoo.com,+1-972-893-3762,NextGen Software,Product Manager,Dallas,United States
908,Ava,Davis,ava.davis@gmail.com,+1-935-647-8414,Digital Dynamics,HR Specialist,Austin,Japan
909,Olivia,Smith,olivia.smith@work.org,+1-678-179-5655,Acme Corp,UX Designer,Los Angeles,Mexico
910,Alexander,Taylor,alexander.taylor@company.com,+1-801-235-2940,Innovation Labs,DevOps Engineer,Phoenix,Germany
911,Harper,Lopez,harper.lopez@outlook.com,+1-962-937-2293,DataFlow Systems,UX Designer,Philadelphia,Japan
912,Liam,Jackson,liam.jackson@company.com,+1-541-707-5317,Acme Corp,Product Manager,San Antonio,France
913,Amelia,Garcia,amelia.garcia@business.net,+1-895-603-4606,Smart Analytics,Project Manager,San Antonio,United States
914,Amelia,Martinez,amelia.martinez@yahoo.com,+1-382-518-6098,Smart Analytics,Product Manager,Columbus,France
915,Emma,Smith,emma.smith@gmail.com,+1-529-804-9339,DataFlow Systems,Product Manager,San Antonio,Mexico
916,Alexander,Taylor,alexander.taylor@company.com,+1-967-355-1846,Acme Corp,Software Engineer,Los Angeles,Mexico
917,Ethan,Lopez,ethan.lopez@yahoo.com,+1-475-573-8166,CloudTech Pro,Sales Representative,Phoenix,United Kingdom
918,Isabella,Thomas,isabella.thomas@yahoo.com,+1-399-866-9380,Global Solutions,HR Specialist,Columbus,Mexico
919,Ava,Hernandez,ava.hernandez@yahoo.com,+1-571-621-4302,Smart Analytics,Project Manager,San Antonio,Brazil
920,Charlotte,Gonzalez,charlotte.gonzalez@company.com,+1-921-604-4218,Digital Dynamics,Data Analyst,San Diego,Germany
921,William,Rodriguez,william.rodriguez@company.com,+1-320-112-4821,Innovation Labs,Project Manager,New York,Canada
922,Mia,Davis,mia.davis@business.net,+1-203-766-1189,CloudTech Pro,Sales Representative,Chicago,United Kingdom
923,Emma,Thomas,emma.thomas@hotmail.com,+1-363-125-1921,DataFlow Systems,Financial Analyst,Austin,India
924,Evelyn,Garcia,evelyn.garcia@work.org,+1-989-891-3820,DataFlow Systems,Financial Analyst,Houston,Germany
925,Charlotte,Miller,charlotte.miller@hotmail.com,+1-381-606-2981,NextGen Software,Financial Analyst,New York,Germany
926,Emma,Garcia,emma.garcia@hotmail.com,+1-586-971-1019,Innovation Labs,Financial Analyst,Houston,Japan
927,Mia,Anderson,mia.anderson@company.com,+1-334-370-7720,Future Enterprises,DevOps Engineer,Chicago,Germany
928,Olivia,Williams,olivia.williams@work.org,+1-615-431-1063,CloudTech Pro,Software Engineer,Austin,United States
929,Charlotte,Garcia,charlotte.garcia@work.org,+1-694-955-9096,CloudTech Pro,Sales Representative,Phoenix,Mexico
930,Evelyn,Lopez,evelyn.lopez@work.org,+1-979-702-6086,Digital Dynamics,Marketing Manager,San Jose,United Kingdom
931,Evelyn,Anderson,evelyn.anderson@business.net,+1-598-410-1635,Future Enterprises,Marketing Manager,New York,Canada
932,Noah,Garcia,noah.garcia@company.com,+1-503-825-5896,TechStart Inc,Data Analyst,Austin,Mexico
933,Isabella,Rodriguez,isabella.rodriguez@work.org,+1-919-345-4968,CloudTech Pro,Financial Analyst,Los Angeles,Canada
934,Mia,Rodriguez,mia.rodriguez@company.com,+1-761-243-2034,Smart Analytics,Project Manager,Fort Worth,Australia
935,Oliver,Martinez,oliver.martinez@yahoo.com,+1-444-620-7970,Digital Dynamics,DevOps Engineer,Chicago,France
936,Ava,Anderson,ava.anderson@outlook.com,+1-296-559-8462,Global Solutions,UX Designer,San Diego,Australia
937,Mason,Gonzalez,mason.gonzalez@company.com,+1-641-120-9558,Innovation Labs,Sales Representative,New York,United Kingdom
938,Lucas,Rodriguez,lucas.rodriguez@outlook.com,+1-427-345-4803,Global Solutions,Financial Analyst,Austin,Brazil
939,Liam,Taylor,liam.taylor@business.net,+1-674-537-2724,DataFlow Systems,Financial Analyst,Fort Worth,Brazil
940,Lucas,Miller,lucas.miller@business.net,+1-881-223-6781,DataFlow Systems,Marketing Manager,Jacksonville,France
941,William,Garcia,william.garcia@yahoo.com,+1-952-549-2035,Acme Corp,UX Designer,Chicago,Germany
942,Amelia,Brown,amelia.brown@work.org,+1-613-267-4048,TechStart Inc,Software Engineer,Los Angeles,France
943,William,Martinez,william.martinez@business.net,+1-776-589-4709,NextGen Software,Sales Representative,Phoenix,Canada
944,Ava,Johnson,ava.johnson@business.net,+1-787-552-9344,Digital Dynamics,Data Analyst,Columbus,Canada
945,Charlotte,Lopez,charlotte.lopez@hotmail.com,+1-734-256-2896,TechStart Inc,Project Manager,Dallas,India
946,Charlotte,Miller,charlotte.miller@business.net,+1-725-214-6752,CloudTech Pro,Financial Analyst,Dallas,Canada
947,Alexander,Gonzalez,alexander.gonzalez@gmail.com,+1-985-173-1439,TechStart Inc,Marketing Manager,Houston,Mexico
948,Mia,Johnson,mia.johnson@work.org,+1-454-121-1697,CloudTech Pro,Marketing Manager,Austin,United States
949,Liam,Gonzalez,liam.gonzalez@outlook.com,+1-555-294-2499,DataFlow Systems,UX Designer,San Diego,Mexico
950,James,Martinez,james.martinez@work.org,+1-929-185-9635,TechStart Inc,Sales Representative,Dallas,United Kingdom
951,Amelia,Jones,amelia.jones@work.org,+1-412-390-8904,Digital Dynamics,Product Manager,Phoenix,United States
952,Emma,Williams,emma.williams@yahoo.com,+1-383-337-9099,Digital Dynamics,Marketing Manager,San Antonio,India
953,Mia,Wilson,mia.wilson@hotmail.com,+1-954-174-4387,Future Enterprises,Sales Representative,Jacksonville,United Kingdom
954,Oliver,Moore,oliver.moore@outlook.com,+1-783-494-5358,TechStart Inc,Sales Representative,Houston,Australia
955,Sophia,Martinez,sophia.martinez@yahoo.com,+1-282-807-7108,DataFlow Systems,Project Manager,Houston,Japan
956,Alexander,Miller,alexander.miller@company.com,+1-237-464-8115,DataFlow Systems,Financial Analyst,Charlotte,Brazil
957,William,Taylor,william.taylor@outlook.com,+1-971-223-8339,Innovation Labs,Software Engineer,Austin,Brazil
958,Lucas,Thomas,lucas.thomas@yahoo.com,+1-435-669-4544,DataFlow Systems,Data Analyst,Dallas,Australia
959,Sophia,Miller,sophia.miller@work.org,+1-371-254-9378,CloudTech Pro,Financial Analyst,Los Angeles,Canada
960,Ethan,Davis,ethan.davis@company.com,+1-256-498-2851,NextGen Software,HR Specialist,Jacksonville,Canada
961,Lucas,Taylor,lucas.taylor@yahoo.com,+1-702-780-6277,Smart Analytics,Marketing Manager,Dallas,Australia
962,Oliver,Jackson,oliver.jackson@company.com,+1-596-228-5074,Innovation Labs,Software Engineer,Charlotte,United Kingdom
963,Oliver,Rodriguez,oliver.rodriguez@hotmail.com,+1-796-654-5832,NextGen Software,UX Designer,Jacksonville,Japan
964,Ava,Davis,ava.davis@business.net,+1-342-995-6722,TechStart Inc,DevOps Engineer,Austin,Mexico
965,Lucas,Anderson,lucas.anderson@yahoo.com,+1-993-667-7881,Innovation Labs,Project Manager,Dallas,United States
966,Olivia,Taylor,olivia.taylor@company.com,+1-533-479-9860,Smart Analytics,Financial Analyst,Fort Worth,Germany
967,Mia,Rodriguez,mia.rodriguez@work.org,+1-838-888-7778,Digital Dynamics,Sales Representative,Houston,Mexico
968,Charlotte,Miller,charlotte.miller@yahoo.com,+1-425-735-3178,CloudTech Pro,Financial Analyst,Dallas,Australia
969,Olivia,Rodriguez,olivia.rodriguez@outlook.com,+1-364-555-7161,CloudTech Pro,DevOps Engineer,Dallas,Germany
970,Benjamin,Johnson,benjamin.johnson@work.org,+1-877-662-7784,DataFlow Systems,Project Manager,Phoenix,United Kingdom
971,Noah,Wilson,noah.wilson@outlook.com,+1-224-916-2964,Acme Corp,Product Manager,Philadelphia,Australia
972,Mia,Gonzalez,mia.gonzalez@hotmail.com,+1-810-904-1688,TechStart Inc,Financial Analyst,San Diego,United States
973,William,Hernandez,william.hernandez@yahoo.com,+1-982-192-4356,NextGen Software,DevOps Engineer,San Diego,India
974,James,Thomas,james.thomas@hotmail.com,+1-865-455-2626,Smart Analytics,UX Designer,Austin,Germany
975,Ethan,Martinez,ethan.martinez@work.org,+1-355-193-5916,DataFlow Systems,Software Engineer,San Jose,United States
976,Evelyn,Taylor,evelyn.taylor@business.net,+1-942-462-2761,Smart Analytics,Data Analyst,Jacksonville,United States
977,Lucas,Johnson,lucas.johnson@gmail.com,+1-509-612-7717,Global Solutions,UX Designer,San Antonio,Brazil
978,Lucas,Taylor,lucas.taylor@gmail.com,+1-797-490-9027,DataFlow Systems,DevOps Engineer,Charlotte,Mexico
979,Ethan,Thomas,ethan.thomas@company.com,+1-419-501-5539,Smart Analytics,Marketing Manager,Phoenix,Japan
980,Harper,Hernandez,harper.hernandez@hotmail.com,+1-927-183-7681,Digital Dynamics,Marketing Manager,Chicago,Mexico
981,Mason,Martinez,mason.martinez@gmail.com,+1-750-936-1871,Innovation Labs,HR Specialist,Dallas,Australia
982,Alexander,Moore,alexander.moore@work.org,+1-493-560-1716,CloudTech Pro,UX Designer,San Diego,Germany
983,Harper,Jackson,harper.jackson@outlook.com,+1-738-762-3296,CloudTech Pro,HR Specialist,San Antonio,Canada
984,Olivia,Garcia,olivia.garcia@outlook.com,+1-775-782-2665,DataFlow Systems,DevOps Engineer,Philadelphia,United States
985,Olivia,Rodriguez,olivia.rodriguez@company.com,+1-252-999-4158,Digital Dynamics,Product Manager,Jacksonville,United Kingdom
986,Ava,Brown,ava.brown@business.net,+1-745-512-9522,CloudTech Pro,Software Engineer,San Antonio,Brazil
987,Charlotte,Hernandez,charlotte.hernandez@gmail.com,+1-365-195-2138,DataFlow Systems,HR Specialist,San Jose,Germany
988,James,Johnson,james.johnson@yahoo.com,+1-730-350-8186,Smart Analytics,HR Specialist,Dallas,United States
989,Mia,Thomas,mia.thomas@hotmail.com,+1-641-843-3648,NextGen Software,Software Engineer,Philadelphia,Japan
990,Ethan,Jackson,ethan.jackson@yahoo.com,+1-300-859-7472,Smart Analytics,Data Analyst,Philadelphia,United States
991,James,Anderson,james.anderson@outlook.com,+1-889-448-3584,Global Solutions,Software Engineer,San Diego,Brazil
992,Noah,Hernandez,noah.hernandez@company.com,+1-507-949-7464,TechStart Inc,DevOps Engineer,Austin,United States
993,Isabella,Williams,isabella.williams@company.com,+1-384-612-3022,DataFlow Systems,UX Designer,San Diego,United States
994,Oliver,Johnson,oliver.johnson@outlook.com,+1-302-112-9479,Smart Analytics,Marketing Manager,Fort Worth,France
995,Benjamin,Johnson,benjamin.johnson@work.org,+1-252-146-2641,Acme Corp,Financial Analyst,New York,India
996,Amelia,Williams,amelia.williams@work.org,+1-923-387-6590,Acme Corp,Sales Representative,Phoenix,Japan
997,Alexander,Miller,alexander.miller@gmail.com,+1-370-750-5901,NextGen Software,Sales Representative,Dallas,United States
998,Lucas,Jones,lucas.jones@outlook.com,+1-217-693-7110,Innovation Labs,Product Manager,Fort Worth,Mexico
999,Mason,Moore,mason.moore@outlook.com,+1-737-870-9627,Global Solutions,HR Specialist,San Antonio,Mexico
1000,Benjamin,Johnson,benjamin.johnson@gmail.com,+1-610-853-1672,Acme Corp,UX Designer,Austin,France
1001,Ava,Lopez,ava.lopez@company.com,+1-378-797-8395,Smart Analytics,Product Manager,Los Angeles,United States
1002,Evelyn,Thomas,evelyn.thomas@gmail.com,+1-626-517-6847,TechStart Inc,Financial Analyst,New York,Australia
1003,Liam,Jones,liam.jones@hotmail.com,+1-864-659-2357,Smart Analytics,Software Engineer,Dallas,Australia
1004,Harper,Rodriguez,harper.rodriguez@yahoo.com,+1-633-324-9075,DataFlow Systems,Data Analyst,Chicago,France
1005,Charlotte,Anderson,charlotte.anderson@business.net,+1-437-814-4073,Smart Analytics,HR Specialist,Jacksonville,India
1006,Benjamin,Martin,benjamin.martin@hotmail.com,+1-219-754-4441,Smart Analytics,Marketing Manager,San Antonio,Germany
1007,Alexander,Jackson,alexander.jackson@yahoo.com,+1-808-275-9865,NextGen Software,Financial Analyst,Phoenix,United Kingdom
1008,Evelyn,Martinez,evelyn.martinez@hotmail.com,+1-508-890-6634,Innovation Labs,UX Designer,Jacksonville,Canada
1009,Harper,Anderson,harper.anderson@company.com,+1-269-994-9829,NextGen Software,Financial Analyst,Fort Worth,Brazil
1010,Amelia,Johnson,amelia.johnson@work.org,+1-937-710-6962,CloudTech Pro,Software Engineer,Phoenix,France
1011,Liam,Moore,liam.moore@business.net,+1-212-576-5368,Global Solutions,UX Designer,San Antonio,Mexico
1012,Amelia,Thomas,amelia.thomas@company.com,+1-619-832-9735,DataFlow Systems,Marketing Manager,Chicago,Mexico
1013,Harper,Jones,harper.jones@yahoo.com,+1-878-301-4749,Global Solutions,Product Manager,Columbus,Japan
1014,Emma,Smith,emma.smith@work.org,+1-365-563-5928,Digital Dynamics,Sales Representative,Philadelphia,India
1015,Ethan,Davis,ethan.davis@company.com,+1-217-159-7976,CloudTech Pro,DevOps Engineer,Jacksonville,Canada
1016,Noah,Smith,noah.smith@yahoo.com,+1-936-355-8641,Smart Analytics,Sales Representative,Los Angeles,Japan
1017,Ethan,Miller,ethan.miller@work.org,+1-569-475-6803,CloudTech Pro,HR Specialist,Los Angeles,India
1018,Lucas,Miller,lucas.miller@business.net,+1-591-848-7833,Global Solutions,Data Analyst,Phoenix,Germany
1019,Emma,Moore,emma.moore@business.net,+1-960-941-3458,DataFlow Systems,Software Engineer,Jacksonville,Mexico
1020,Harper,Gonzalez,harper.gonzalez@company.com,+1-244-903-1765,CloudTech Pro,Sales Representative,Los Angeles,France
1021,Sophia,Brown,sophia.brown@outlook.com,+1-565-843-3820,TechStart Inc,Marketing Manager,San Diego,Germany
1022,Benjamin,Martin,benjamin.martin@business.net,+1-570-923-8018,Innovation Labs,Marketing Manager,New York,United States
1023,William,Lopez,william.lopez@gmail.com,+1-686-594-3891,Global Solutions,Software Engineer,Austin,United States
1024,Ava,Lopez,ava.lopez@hotmail.com,+1-731-477-8642,Acme Corp,UX Designer,Los Angeles,Japan
1025,Sophia,Lopez,sophia.lopez@outlook.com,+1-286-561-8989,DataFlow Systems,Sales Representative,Charlotte,France
1026,Noah,Rodriguez,noah.rodriguez@hotmail.com,+1-840-667-8918,Global Solutions,Marketing Manager,Philadelphia,India
1027,Alexander,Moore,alexander.moore@business.net,+1-724-767-8275,TechStart Inc,Financial Analyst,Houston,Mexico
1028,Sophia,Johnson,sophia.johnson@hotmail.com,+1-243-855-7513,NextGen Software,Financial Analyst,Houston,Australia
1029,Olivia,Rodriguez,olivia.rodriguez@business.net,+1-392-848-1400,TechStart Inc,Data Analyst,Columbus,India
1030,Isabella,Miller,isabella.miller@hotmail.com,+1-654-212-6136,Global Solutions,Financial Analyst,Houston,Germany
1031,Harper,Moore,harper.moore@gmail.com,+1-745-885-5991,Innovation Labs,Sales Representative,Charlotte,United States
1032,Liam,Thomas,liam.thomas@yahoo.com,+1-735-960-5352,Smart Analytics,Data Analyst,New York,Germany
1033,Alexander,Williams,alexander.williams@gmail.com,+1-592-318-5061,Global Solutions,UX Designer,Fort Worth,Australia
1034,Ava,Rodriguez,ava.rodriguez@outlook.com,+1-266-610-9645,TechStart Inc,DevOps Engineer,Philadelphia,Japan
1035,Isabella,Lopez,isabella.lopez@company.com,+1-477-736-8943,DataFlow Systems,Software Engineer,San Jose,India
1036,Oliver,Martinez,oliver.martinez@gmail.com,+1-532-721-2974,Smart Analytics,Product Manager,Los Angeles,France
1037,Ava,Thomas,ava.thomas@business.net,+1-737-431-4755,TechStart Inc,Financial Analyst,Columbus,Germany
1038,Oliver,Thomas,oliver.thomas@hotmail.com,+1-524-950-7041,Innovation Labs,Product Manager,New York,France
1039,Ethan,Anderson,ethan.anderson@work.org,+1-615-146-4569,CloudTech Pro,Marketing Manager,Chicago,United Kingdom
1040,Evelyn,Taylor,evelyn.taylor@work.org,+1-560-641-3446,DataFlow Systems,DevOps Engineer,Los Angeles,India
1041,Charlotte,Gonzalez,charlotte.gonzalez@gmail.com,+1-669-264-8722,TechStart Inc,HR Specialist,Chicago,India
1042,Noah,Martin,noah.martin@yahoo.com,+1-984-807-8292,Global Solutions,UX Designer,Columbus,United States
1043,Alexander,Martinez,alexander.martinez@hotmail.com,+1-530-781-2525,NextGen Software,UX Designer,Los Angeles,Canada
1044,Olivia,Lopez,olivia.lopez@hotmail.com,+1-473-336-2572,Digital Dynamics,Software Engineer,Columbus,Australia
1045,Ethan,Miller,ethan.miller@company.com,+1-357-613-9656,NextGen Software,Marketing Manager,Philadelphia,France
1046,Isabella,Anderson,isabella.anderson@gmail.com,+1-306-461-8931,Innovation Labs,Software Engineer,Phoenix,Mexico
1047,Evelyn,Garcia,evelyn.garcia@work.org,+1-209-138-4450,DataFlow Systems,Financial Analyst,Charlotte,France
1048,Noah,Hernandez,noah.hernandez@work.org,+1-762-225-9977,Global Solutions,Financial Analyst,Philadelphia,France
1049,Harper,Jackson,harper.jackson@yahoo.com,+1-611-216-4538,Smart Analytics,Marketing Manager,Phoenix,Australia
1050,Lucas,Jones,lucas.jones@yahoo.com,+1-291-451-1668,DataFlow Systems,Product Manager,Fort Worth,Germany
1051,Sophia,Martinez,sophia.martinez@yahoo.com,+1-582-784-8963,DataFlow Systems,Marketing Manager,Austin,India
1052,Isabella,Williams,isabella.williams@hotmail.com,+1-974-483-8673,CloudTech Pro,Data Analyst,San Jose,Canada
1053,Oliver,Lopez,oliver.lopez@company.com,+1-860-550-1830,Future Enterprises,Product Manager,San Diego,Japan
1054,Olivia,Rodriguez,olivia.rodriguez@hotmail.com,+1-564-589-9206,DataFlow Systems,HR Specialist,Dallas,Mexico
1055,Sophia,Jones,sophia.jones@business.net,+1-963-666-4540,Smart Analytics,Project Manager,Philadelphia,Japan
1056,Lucas,Williams,lucas.williams@hotmail.com,+1-691-841-7606,Digital Dynamics,Marketing Manager,San Antonio,France
1057,Isabella,Anderson,isabella.anderson@outlook.com,+1-276-281-4349,NextGen Software,HR Specialist,Philadelphia,Brazil
1058,Noah,Wilson,noah.wilson@hotmail.com,+1-523-438-3654,Digital Dynamics,UX Designer,Houston,Brazil
1059,Olivia,Davis,olivia.davis@outlook.com,+1-245-453-9279,Global Solutions,HR Specialist,Austin,Brazil
1060,Mia,Miller,mia.miller@business.net,+1-815-906-4850,Innovation Labs,Software Engineer,Phoenix,Brazil
1061,Liam,Garcia,liam.garcia@business.net,+1-541-349-7013,Global Solutions,DevOps Engineer,Fort Worth,India
1062,Noah,Thomas,noah.thomas@business.net,+1-769-895-8029,Future Enterprises,UX Designer,Houston,India
1063,Ava,Taylor,ava.taylor@hotmail.com,+1-599-596-4451,DataFlow Systems,Sales Representative,Dallas,Mexico
1064,Olivia,Anderson,olivia.anderson@gmail.com,+1-488-506-9987,Global Solutions,Sales Representative,Fort Worth,Germany
1065,William,Rodriguez,william.rodriguez@business.net,+1-453-879-4777,TechStart Inc,UX Designer,Los Angeles,United States
1066,Liam,Wilson,liam.wilson@business.net,+1-288-185-4750,TechStart Inc,Product Manager,New York,Australia
1067,Isabella,Martinez,isabella.martinez@outlook.com,+1-516-348-7248,CloudTech Pro,Product Manager,Jacksonville,United Kingdom
1068,Benjamin,Johnson,benjamin.johnson@work.org,+1-692-256-8561,TechStart Inc,Software Engineer,Jacksonville,Germany
1069,Emma,Hernandez,emma.hernandez@hotmail.com,+1-640-753-4487,Acme Corp,Project Manager,Jacksonville,Mexico
1070,Oliver,Hernandez,oliver.hernandez@work.org,+1-337-359-1892,CloudTech Pro,Project Manager,Austin,Germany
1071,Emma,Anderson,emma.anderson@yahoo.com,+1-436-653-1609,Digital Dynamics,Data Analyst,Los Angeles,Germany
1072,Isabella,Anderson,isabella.anderson@business.net,+1-374-386-2954,NextGen Software,Financial Analyst,Austin,Mexico
1073,Benjamin,Martin,benjamin.martin@yahoo.com,+1-364-838-3018,CloudTech Pro,Marketing Manager,Dallas,Mexico
1074,Benjamin,Lopez,benjamin.lopez@hotmail.com,+1-685-274-5846,CloudTech Pro,Data Analyst,San Antonio,United States
1075,Ava,Thomas,ava.thomas@work.org,+1-297-361-1894,Innovation Labs,Software Engineer,Charlotte,Canada
1076,Sophia,Brown,sophia.brown@business.net,+1-656-394-2575,Innovation Labs,Marketing Manager,Austin,Australia
1077,Olivia,Jones,olivia.jones@work.org,+1-585-126-5722,NextGen Software,Data Analyst,San Diego,United States
1078,Liam,Garcia,liam.garcia@hotmail.com,+1-463-785-6312,Innovation Labs,Software Engineer,San Jose,Australia
1079,Charlotte,Hernandez,charlotte.hernandez@gmail.com,+1-247-521-8082,Digital Dynamics,DevOps Engineer,Jacksonville,United States
1080,Emma,Martin,emma.martin@company.com,+1-385-324-1751,Innovation Labs,Data Analyst,Dallas,Australia
1081,Benjamin,Martinez,benjamin.martinez@outlook.com,+1-517-222-3321,Innovation Labs,Marketing Manager,Jacksonville,United Kingdom
1082,Evelyn,Gonzalez,evelyn.gonzalez@hotmail.com,+1-926-503-3087,Smart Analytics,Sales Representative,Columbus,India
1083,Mason,Taylor,mason.taylor@yahoo.com,+1-441-762-4793,Future Enterprises,Sales Representative,Fort Worth,India
1084,Ethan,Martin,ethan.martin@yahoo.com,+1-619-373-9328,Future Enterprises,Financial Analyst,Los Angeles,United Kingdom
1085,Evelyn,Martinez,evelyn.martinez@company.com,+1-816-300-7719,Acme Corp,Financial Analyst,Fort Worth,Germany
1086,Ethan,Gonzalez,ethan.gonzalez@business.net,+1-946-844-2606,CloudTech Pro,DevOps Engineer,New York,France
1087,Sophia,Davis,sophia.davis@hotmail.com,+1-689-712-2993,Innovation Labs,Sales Representative,Chicago,Australia
1088,William,Gonzalez,william.gonzalez@business.net,+1-275-153-5106,CloudTech Pro,Marketing Manager,Fort Worth,France
1089,Alexander,Williams,alexander.williams@work.org,+1-739-474-1641,Acme Corp,HR Specialist,San Diego,Brazil
1090,Olivia,Lopez,olivia.lopez@hotmail.com,+1-663-733-2583,Future Enterprises,Financial Analyst,New York,India
1091,Harper,Johnson,harper.johnson@company.com,+1-596-903-6365,Smart Analytics,Project Manager,San Jose,Australia
1092,James,Miller,james.miller@business.net,+1-514-485-7008,Innovation Labs,UX Designer,Austin,Mexico
1093,Amelia,Jones,amelia.jones@outlook.com,+1-734-302-9215,Global Solutions,HR Specialist,Columbus,Canada
1094,Isabella,Jackson,isabella.jackson@gmail.com,+1-426-268-7171,Global Solutions,Project Manager,Houston,Canada
1095,Mason,Thomas,mason.thomas@yahoo.com,+1-284-499-5437,TechStart Inc,Software Engineer,Dallas,Canada
1096,Alexander,Davis,alexander.davis@work.org,+1-261-627-5767,Smart Analytics,DevOps Engineer,Philadelphia,Australia
1097,Mason,Lopez,mason.lopez@hotmail.com,+1-491-741-4242,CloudTech Pro,Software Engineer,Jacksonville,Germany
1098,Noah,Gonzalez,noah.gonzalez@company.com,+1-273-413-1959,Smart Analytics,Sales Representative,San Antonio,Germany
1099,Emma,Taylor,emma.taylor@yahoo.com,+1-642-405-5708,Innovation Labs,Data Analyst,Fort Worth,Japan
1100,Noah,Taylor,noah.taylor@hotmail.com,+1-746-210-3863,NextGen Software,Financial Analyst,Fort Worth,France
1101,Harper,Davis,harper.davis@gmail.com,+1-528-609-4281,Innovation Labs,Financial Analyst,Jacksonville,Canada
1102,William,Williams,william.williams@company.com,+1-971-504-8554,Digital Dynamics,HR Specialist,Philadelphia,Australia
1103,Charlotte,Jones,charlotte.jones@gmail.com,+1-799-971-7415,CloudTech Pro,HR Specialist,Phoenix,Canada
1104,Ethan,Garcia,ethan.garcia@yahoo.com,+1-484-729-9939,CloudTech Pro,Data Analyst,Los Angeles,Japan
1105,Amelia,Lopez,amelia.lopez@business.net,+1-268-961-4938,Future Enterprises,Data Analyst,New York,Australia
1106,Noah,Jackson,noah.jackson@outlook.com,+1-479-486-4289,Global Solutions,Marketing Manager,Houston,India
1107,Benjamin,Hernandez,benjamin.hernandez@gmail.com,+1-756-935-9689,CloudTech Pro,Data Analyst,San Antonio,Australia
1108,Ethan,Martin,ethan.martin@hotmail.com,+1-965-160-2624,Future Enterprises,Data Analyst,Jacksonville,India
1109,Lucas,Jackson,lucas.jackson@business.net,+1-939-154-4747,Acme Corp,Product Manager,Chicago,Brazil
1110,Alexander,Martinez,alexander.martinez@outlook.com,+1-321-158-7643,CloudTech Pro,Data Analyst,Los Angeles,United Kingdom
1111,James,Smith,james.smith@gmail.com,+1-844-604-7393,Future Enterprises,Software Engineer,San Antonio,Japan
1112,Charlotte,Martin,charlotte.martin@business.net,+1-436-960-3299,Digital Dynamics,HR Specialist,Los Angeles,Australia
1113,Olivia,Martin,olivia.martin@gmail.com,+1-926-614-9501,Future Enterprises,Marketing Manager,Chicago,Australia
1114,Lucas,Johnson,lucas.johnson@company.com,+1-842-840-5821,CloudTech Pro,Sales Representative,Charlotte,Brazil
1115,Ethan,Thomas,ethan.thomas@hotmail.com,+1-314-182-2492,Acme Corp,Product Manager,Fort Worth,France
1116,Emma,Wilson,emma.wilson@outlook.com,+1-625-801-2708,Innovation Labs,Software Engineer,San Jose,India
1117,Benjamin,Anderson,benjamin.anderson@hotmail.com,+1-348-535-3482,Acme Corp,Financial Analyst,Columbus,India
1118,Isabella,Jones,isabella.jones@business.net,+1-940-370-5772,Innovation Labs,HR Specialist,New York,France
1119,Ava,Miller,ava.miller@outlook.com,+1-300-491-4890,NextGen Software,Product Manager,Phoenix,India
1120,Liam,Martin,liam.martin@hotmail.com,+1-993-816-3753,NextGen Software,Data Analyst,Austin,Brazil
1121,Olivia,Brown,olivia.brown@work.org,+1-907-263-4906,Smart Analytics,Marketing Manager,Charlotte,United States
1122,Benjamin,Martinez,benjamin.martinez@yahoo.com,+1-900-109-8322,Global Solutions,UX Designer,San Diego,Germany
1123,Isabella,Davis,isabella.davis@outlook.com,+1-598-855-1581,Smart Analytics,Sales Representative,Dallas,Japan
1124,Olivia,Martinez,olivia.martinez@hotmail.com,+1-298-771-9428,TechStart Inc,Marketing Manager,San Diego,United Kingdom
1125,Mia,Wilson,mia.wilson@work.org,+1-291-222-1073,Digital Dynamics,Marketing Manager,Austin,Japan
1126,Benjamin,Hernandez,benjamin.hernandez@company.com,+1-220-120-4393,TechStart Inc,Project Manager,San Antonio,United Kingdom
1127,Alexander,Jackson,alexander.jackson@outlook.com,+1-881-416-4632,NextGen Software,Marketing Manager,Chicago,United Kingdom
1128,Mia,Davis,mia.davis@hotmail.com,+1-420-174-7035,Innovation Labs,Software Engineer,San Antonio,Germany
1129,Mia,Thomas,mia.thomas@outlook.com,+1-380-648-4237,Innovation Labs,Software Engineer,Houston,France
1130,Evelyn,Davis,evelyn.davis@outlook.com,+1-334-825-5468,DataFlow Systems,Financial Analyst,Philadelphia,India
1131,Olivia,Johnson,olivia.johnson@gmail.com,+1-757-975-6959,CloudTech Pro,Project Manager,San Antonio,Australia
1132,Noah,Davis,noah.davis@hotmail.com,+1-854-654-3292,Future Enterprises,Financial Analyst,San Antonio,Canada
1133,Amelia,Lopez,amelia.lopez@yahoo.com,+1-917-781-6872,Acme Corp,Project Manager,Philadelphia,Brazil
1134,Harper,Brown,harper.brown@business.net,+1-704-454-2412,DataFlow Systems,Financial Analyst,Columbus,Canada
1135,Charlotte,Williams,charlotte.williams@company.com,+1-365-431-3231,NextGen Software,Data Analyst,San Jose,Canada
1136,Mason,Taylor,mason.taylor@outlook.com,+1-225-924-1426,Smart Analytics,Data Analyst,Dallas,India
1137,Ava,Miller,ava.miller@outlook.com,+1-304-938-7703,Acme Corp,Project Manager,Columbus,Brazil
1138,Mia,Brown,mia.brown@work.org,+1-600-944-7453,Innovation Labs,Software Engineer,Dallas,Canada
1139,Olivia,Brown,olivia.brown@business.net,+1-938-891-8302,Smart Analytics,DevOps Engineer,San Jose,United Kingdom
1140,Noah,Martinez,noah.martinez@business.net,+1-333-657-8439,Acme Corp,Sales Representative,Phoenix,India
1141,Alexander,Rodriguez,alexander.rodriguez@yahoo.com,+1-402-893-7903,Digital Dynamics,HR Specialist,San Antonio,Brazil
1142,Benjamin,Miller,benjamin.miller@business.net,+1-983-897-7927,TechStart Inc,Sales Representative,Jacksonville,Mexico
1143,Mason,Wilson,mason.wilson@outlook.com,+1-924-582-8854,Global Solutions,Sales Representative,Phoenix,Germany
1144,Alexander,Thomas,alexander.thomas@business.net,+1-315-583-5583,Innovation Labs,Product Manager,New York,Australia
1145,Charlotte,Taylor,charlotte.taylor@company.com,+1-984-350-5327,NextGen Software,DevOps Engineer,Chicago,Japan
1146,Ethan,Brown,ethan.brown@work.org,+1-298-195-4757,Future Enterprises,DevOps Engineer,Charlotte,United Kingdom
1147,Liam,Martin,liam.martin@business.net,+1-761-684-7856,DataFlow Systems,Financial Analyst,Los Angeles,Mexico
1148,Harper,Smith,harper.smith@yahoo.com,+1-201-490-5535,DataFlow Systems,UX Designer,Jacksonville,Japan
1149,James,Davis,james.davis@yahoo.com,+1-611-565-7203,Innovation Labs,Sales Representative,New York,Germany
1150,Liam,Anderson,liam.anderson@gmail.com,+1-811-124-5732,Digital Dynamics,HR Specialist,San Diego,India
1151,James,Moore,james.moore@company.com,+1-306-879-6185,Digital Dynamics,HR Specialist,Austin,United Kingdom
1152,Amelia,Moore,amelia.moore@business.net,+1-867-445-8054,Global Solutions,DevOps Engineer,San Diego,Japan
1153,Sophia,Wilson,sophia.wilson@outlook.com,+1-806-434-4647,NextGen Software,DevOps Engineer,San Jose,Japan
1154,Olivia,Jones,olivia.jones@hotmail.com,+1-741-108-4906,Innovation Labs,Project Manager,Jacksonville,Australia
1155,Evelyn,Wilson,evelyn.wilson@business.net,+1-299-140-4449,Future Enterprises,Marketing Manager,Charlotte,Australia
1156,Olivia,Hernandez,olivia.hernandez@yahoo.com,+1-213-959-9557,Digital Dynamics,Financial Analyst,San Diego,United Kingdom
1157,Liam,Thomas,liam.thomas@gmail.com,+1-407-732-5323,TechStart Inc,DevOps Engineer,Chicago,France
1158,Oliver,Wilson,oliver.wilson@company.com,+1-333-638-3828,Innovation Labs,Financial Analyst,Austin,Canada
1159,Mia,Martin,mia.martin@outlook.com,+1-287-252-5164,Digital Dynamics,Project Manager,Houston,Australia
1160,Benjamin,Thomas,benjamin.thomas@work.org,+1-297-195-9839,DataFlow Systems,UX Designer,San Jose,France
1161,Amelia,Hernandez,amelia.hernandez@company.com,+1-954-757-4444,Digital Dynamics,Sales Representative,San Antonio,Germany
1162,Sophia,Williams,sophia.williams@work.org,+1-954-991-4855,Digital Dynamics,Sales Representative,Los Angeles,Germany
1163,Benjamin,Anderson,benjamin.anderson@hotmail.com,+1-725-969-2926,DataFlow Systems,Financial Analyst,Austin,Australia
1164,Liam,Miller,liam.miller@work.org,+1-635-301-3470,CloudTech Pro,Software Engineer,Los Angeles,United States
1165,Alexander,Anderson,alexander.anderson@hotmail.com,+1-479-212-2280,CloudTech Pro,Project Manager,Charlotte,Mexico
1166,Benjamin,Moore,benjamin.moore@work.org,+1-790-113-5202,Acme Corp,HR Specialist,Austin,India
1167,Lucas,Hernandez,lucas.hernandez@gmail.com,+1-649-199-1723,NextGen Software,Software Engineer,Jacksonville,Mexico
1168,Oliver,Hernandez,oliver.hernandez@work.org,+1-627-421-4532,Acme Corp,Marketing Manager,Austin,Canada
1169,William,Martinez,william.martinez@company.com,+1-224-577-4413,Digital Dynamics,Data Analyst,Columbus,France
1170,Liam,Wilson,liam.wilson@outlook.com,+1-712-110-4156,TechStart Inc,Product Manager,Charlotte,Mexico
1171,Harper,Miller,harper.miller@company.com,+1-558-105-2531,CloudTech Pro,UX Designer,Jacksonville,Japan
1172,Charlotte,Martinez,charlotte.martinez@gmail.com,+1-662-792-9868,Global Solutions,Product Manager,Austin,United States
1173,Benjamin,Hernandez,benjamin.hernandez@hotmail.com,+1-429-550-5716,Digital Dynamics,HR Specialist,Los Angeles,United Kingdom
1174,Evelyn,Martin,evelyn.martin@hotmail.com,+1-751-844-4358,Smart Analytics,HR Specialist,San Antonio,Brazil
1175,Ava,Martinez,ava.martinez@business.net,+1-232-933-8418,CloudTech Pro,Project Manager,San Antonio,Mexico
1176,Mia,Williams,mia.williams@gmail.com,+1-384-164-9781,Smart Analytics,Data Analyst,New York,France
1177,Alexander,Lopez,alexander.lopez@work.org,+1-245-968-1421,DataFlow Systems,Marketing Manager,San Diego,Mexico
1178,Mason,Martin,mason.martin@yahoo.com,+1-872-144-2736,Smart Analytics,Sales Representative,San Antonio,Mexico
1179,Olivia,Martinez,olivia.martinez@work.org,+1-832-721-5315,Innovation Labs,UX Designer,Jacksonville,Australia
1180,William,Johnson,william.johnson@business.net,+1-343-509-5340,Digital Dynamics,Data Analyst,Columbus,United States
1181,Liam,Smith,liam.smith@business.net,+1-976-174-7943,TechStart Inc,Sales Representative,Los Angeles,Canada
1182,Charlotte,Taylor,charlotte.taylor@work.org,+1-461-564-5985,Global Solutions,Product Manager,Charlotte,France
1183,Olivia,Brown,olivia.brown@gmail.com,+1-616-910-1460,Future Enterprises,Project Manager,Austin,Brazil
1184,Lucas,Hernandez,lucas.hernandez@yahoo.com,+1-819-963-9210,Global Solutions,Sales Representative,Fort Worth,Canada
1185,Mia,Martin,mia.martin@work.org,+1-430-332-2897,TechStart Inc,DevOps Engineer,Columbus,Brazil
1186,Mia,Garcia,mia.garcia@work.org,+1-416-143-1732,NextGen Software,Data Analyst,San Antonio,United Kingdom
1187,Ava,Lopez,ava.lopez@outlook.com,+1-227-839-7571,Future Enterprises,Product Manager,Fort Worth,Mexico
1188,Olivia,Jones,olivia.jones@work.org,+1-909-420-7684,Innovation Labs,Data Analyst,Columbus,Brazil
1189,Alexander,Smith,alexander.smith@hotmail.com,+1-594-388-8356,Future Enterprises,Financial Analyst,San Jose,Brazil
1190,Liam,Martin,liam.martin@business.net,+1-209-301-3946,NextGen Software,Marketing Manager,Chicago,Brazil
1191,Mason,Martin,mason.martin@work.org,+1-223-239-5845,Digital Dynamics,Sales Representative,San Diego,Brazil
1192,Benjamin,Anderson,benjamin.anderson@yahoo.com,+1-303-951-8077,Innovation Labs,Data Analyst,Jacksonville,Brazil
1193,Alexander,Hernandez,alexander.hernandez@gmail.com,+1-776-612-6843,TechStart Inc,Financial Analyst,Charlotte,Canada
1194,Lucas,Rodriguez,lucas.rodriguez@outlook.com,+1-747-503-1426,Acme Corp,Data Analyst,Austin,Canada
1195,Alexander,Martin,alexander.martin@outlook.com,+1-577-125-2900,CloudTech Pro,Financial Analyst,Houston,Japan
1196,Lucas,Johnson,lucas.johnson@gmail.com,+1-944-813-9906,Smart Analytics,UX Designer,New York,Australia
1197,William,Johnson,william.johnson@work.org,+1-415-497-2642,NextGen Software,Project Manager,San Jose,Brazil
1198,Liam,Jackson,liam.jackson@outlook.com,+1-906-874-9456,Smart Analytics,UX Designer,Dallas,France
1199,Charlotte,Hernandez,charlotte.hernandez@yahoo.com,+1-399-829-7860,Smart Analytics,Product Manager,Los Angeles,Mexico
1200,Benjamin,Moore,benjamin.moore@gmail.com,+1-970-105-6667,Acme Corp,Project Manager,Charlotte,Brazil
1201,Amelia,Lopez,amelia.lopez@work.org,+1-213-823-4987,Acme Corp,Financial Analyst,San Diego,Canada
1202,Noah,Smith,noah.smith@work.org,+1-805-253-9291,CloudTech Pro,HR Specialist,Chicago,Mexico
1203,Evelyn,Rodriguez,evelyn.rodriguez@outlook.com,+1-952-617-6243,NextGen Software,Project Manager,Houston,United States
1204,Evelyn,Martin,evelyn.martin@yahoo.com,+1-791-207-2691,DataFlow Systems,Product Manager,New York,Brazil
1205,Lucas,Moore,lucas.moore@gmail.com,+1-367-136-2732,Digital Dynamics,Sales Representative,Austin,Mexico
1206,Mia,Johnson,mia.johnson@work.org,+1-204-743-8967,Global Solutions,Project Manager,Los Angeles,Germany
1207,Emma,Hernandez,emma.hernandez@hotmail.com,+1-258-330-6204,NextGen Software,Project Manager,San Diego,India
1208,Ava,Martinez,ava.martinez@gmail.com,+1-606-904-6380,Smart Analytics,Project Manager,Columbus,Australia
1209,Alexander,Miller,alexander.miller@company.com,+1-442-704-3675,Digital Dynamics,Project Manager,Columbus,Australia
1210,Emma,Wilson,emma.wilson@hotmail.com,+1-697-436-8733,NextGen Software,Sales Representative,Austin,Brazil
1211,Noah,Miller,noah.miller@business.net,+1-301-769-9545,Future Enterprises,Marketing Manager,San Antonio,India
1212,Noah,Williams,noah.williams@business.net,+1-688-509-7476,Digital Dynamics,Software Engineer,New York,India
1213,William,Wilson,william.wilson@business.net,+1-831-259-9640,Innovation Labs,HR Specialist,Houston,Germany
1214,Mia,Jackson,mia.jackson@business.net,+1-997-319-1058,Global Solutions,Project Manager,Fort Worth,France
1215,Noah,Anderson,noah.anderson@yahoo.com,+1-847-862-8536,CloudTech Pro,Product Manager,Austin,Mexico
1216,Evelyn,Wilson,evelyn.wilson@work.org,+1-635-681-1188,CloudTech Pro,Marketing Manager,Phoenix,Mexico
1217,Evelyn,Moore,evelyn.moore@yahoo.com,+1-743-186-1753,Future Enterprises,HR Specialist,Jacksonville,United Kingdom
1218,Amelia,Anderson,amelia.anderson@hotmail.com,+1-670-222-5966,NextGen Software,Financial Analyst,San Jose,Mexico
1219,Charlotte,Lopez,charlotte.lopez@hotmail.com,+1-398-703-4186,Acme Corp,HR Specialist,New York,Australia
1220,Ethan,Martin,ethan.martin@work.org,+1-736-333-7753,DataFlow Systems,Software Engineer,Fort Worth,Germany
1221,Evelyn,Wilson,evelyn.wilson@work.org,+1-372-535-2706,Global Solutions,Product Manager,Charlotte,Mexico
1222,Amelia,Moore,amelia.moore@business.net,+1-722-452-5834,TechStart Inc,HR Specialist,New York,Japan
1223,Emma,Williams,emma.williams@outlook.com,+1-906-707-9293,Smart Analytics,UX Designer,Dallas,France
1224,James,Moore,james.moore@hotmail.com,+1-809-107-4678,Smart Analytics,Software Engineer,Philadelphia,Brazil
1225,Noah,Williams,noah.williams@gmail.com,+1-651-861-8887,CloudTech Pro,Data Analyst,Philadelphia,Australia
1226,Harper,Rodriguez,harper.rodriguez@work.org,+1-982-880-8661,Global Solutions,Data Analyst,New York,Canada
1227,Ava,Brown,ava.brown@yahoo.com,+1-328-412-5411,Smart Analytics,HR Specialist,San Antonio,Canada
1228,Benjamin,Jones,benjamin.jones@hotmail.com,+1-955-515-8872,Future Enterprises,Project Manager,Los Angeles,France
1229,Harper,Wilson,harper.wilson@company.com,+1-448-723-9422,Innovation Labs,DevOps Engineer,Austin,India
1230,Amelia,Taylor,amelia.taylor@yahoo.com,+1-480-139-9356,CloudTech Pro,Product Manager,Fort Worth,Japan
1231,Ava,Jones,ava.jones@work.org,+1-935-365-7726,Smart Analytics,DevOps Engineer,Chicago,Australia
1232,Olivia,Rodriguez,olivia.rodriguez@yahoo.com,+1-401-611-4059,NextGen Software,Product Manager,San Jose,Brazil
1233,Harper,Hernandez,harper.hernandez@business.net,+1-748-456-8816,Digital Dynamics,UX Designer,Columbus,India
1234,Mason,Hernandez,mason.hernandez@yahoo.com,+1-336-227-9073,Digital Dynamics,Project Manager,San Antonio,France
1235,Alexander,Thomas,alexander.thomas@business.net,+1-701-761-8165,Innovation Labs,DevOps Engineer,Chicago,India
1236,Benjamin,Anderson,benjamin.anderson@work.org,+1-855-370-3148,Innovation Labs,Financial Analyst,Philadelphia,Germany
1237,Benjamin,Wilson,benjamin.wilson@business.net,+1-949-693-5412,NextGen Software,Project Manager,New York,Canada
1238,Mason,Jackson,mason.jackson@gmail.com,+1-516-698-8079,TechStart Inc,Data Analyst,New York,India
1239,Mason,Martinez,mason.martinez@outlook.com,+1-797-665-4886,DataFlow Systems,Sales Representative,Phoenix,Australia
1240,Benjamin,Garcia,benjamin.garcia@work.org,+1-345-877-7165,TechStart Inc,Marketing Manager,Phoenix,United States
1241,Benjamin,Martin,benjamin.martin@business.net,+1-540-741-3033,Digital Dynamics,UX Designer,Phoenix,India
1242,Amelia,Jones,amelia.jones@hotmail.com,+1-500-335-3732,Innovation Labs,Financial Analyst,New York,Japan
1243,Emma,Smith,emma.smith@yahoo.com,+1-868-795-2630,Innovation Labs,Financial Analyst,Chicago,France
1244,Mason,Garcia,mason.garcia@hotmail.com,+1-480-288-2088,CloudTech Pro,Data Analyst,Chicago,Germany
1245,Amelia,Martinez,amelia.martinez@gmail.com,+1-626-620-8630,Innovation Labs,Financial Analyst,San Jose,Canada
1246,William,Miller,william.miller@yahoo.com,+1-983-789-3820,Acme Corp,Financial Analyst,Phoenix,Mexico
1247,Charlotte,Williams,charlotte.williams@yahoo.com,+1-490-793-5331,TechStart Inc,Financial Analyst,Los Angeles,Australia
1248,Isabella,Davis,isabella.davis@gmail.com,+1-662-801-7965,Global Solutions,Financial Analyst,Houston,Brazil
1249,Emma,Hernandez,emma.hernandez@work.org,+1-605-197-3803,Innovation Labs,Product Manager,Dallas,India
1250,Mason,Moore,mason.moore@outlook.com,+1-458-515-7174,Digital Dynamics,Software Engineer,Austin,Germany
1251,Emma,Jones,emma.jones@hotmail.com,+1-472-223-1124,Future Enterprises,Project Manager,Jacksonville,France
1252,Lucas,Thomas,lucas.thomas@outlook.com,+1-604-486-2514,Innovation Labs,Marketing Manager,Dallas,France
1253,Emma,Moore,emma.moore@company.com,+1-955-635-2667,TechStart Inc,DevOps Engineer,Chicago,India
1254,Mia,Taylor,mia.taylor@company.com,+1-549-369-8383,TechStart Inc,UX Designer,Philadelphia,France
1255,James,Martin,james.martin@yahoo.com,+1-782-422-8056,Acme Corp,Project Manager,Chicago,United Kingdom
1256,Olivia,Garcia,olivia.garcia@work.org,+1-940-558-6065,Innovation Labs,Product Manager,Philadelphia,Mexico
1257,Ava,Anderson,ava.anderson@yahoo.com,+1-304-423-5057,TechStart Inc,Software Engineer,Philadelphia,Germany
1258,Alexander,Lopez,alexander.lopez@hotmail.com,+1-501-833-3589,NextGen Software,Sales Representative,San Diego,Germany
1259,Amelia,Taylor,amelia.taylor@hotmail.com,+1-666-327-4320,TechStart Inc,Product Manager,San Diego,United Kingdom
1260,Sophia,Davis,sophia.davis@yahoo.com,+1-218-853-4195,Global Solutions,Marketing Manager,Columbus,France
1261,Harper,Hernandez,harper.hernandez@outlook.com,+1-798-330-8820,Global Solutions,Financial Analyst,Fort Worth,Brazil
1262,Harper,Johnson,harper.johnson@work.org,+1-751-954-6165,Smart Analytics,Product Manager,Dallas,Australia
1263,Ethan,Miller,ethan.miller@work.org,+1-435-409-9669,DataFlow Systems,Marketing Manager,Philadelphia,Brazil
1264,Noah,Martinez,noah.martinez@outlook.com,+1-359-327-6577,Acme Corp,Data Analyst,Chicago,United Kingdom
1265,James,Gonzalez,james.gonzalez@gmail.com,+1-335-276-2848,Acme Corp,Data Analyst,Philadelphia,Australia
1266,Noah,Jackson,noah.jackson@work.org,+1-646-385-2838,Innovation Labs,Financial Analyst,Dallas,Germany
1267,Lucas,Williams,lucas.williams@hotmail.com,+1-756-166-3139,CloudTech Pro,Financial Analyst,Phoenix,United Kingdom
1268,Liam,Rodriguez,liam.rodriguez@business.net,+1-900-979-4745,Global Solutions,HR Specialist,Columbus,Germany
1269,Amelia,Hernandez,amelia.hernandez@gmail.com,+1-234-597-7510,Acme Corp,Product Manager,Dallas,Brazil
1270,Harper,Anderson,harper.anderson@gmail.com,+1-229-308-1812,Smart Analytics,Financial Analyst,Jacksonville,Brazil
1271,Oliver,Lopez,oliver.lopez@hotmail.com,+1-578-312-6086,Innovation Labs,Project Manager,New York,India
1272,Mason,Miller,mason.miller@gmail.com,+1-628-217-9119,NextGen Software,Product Manager,Columbus,United Kingdom
1273,Mia,Anderson,mia.anderson@company.com,+1-877-390-7846,Innovation Labs,Sales Representative,Phoenix,Canada
1274,Alexander,Brown,alexander.brown@company.com,+1-612-455-2583,Future Enterprises,HR Specialist,Jacksonville,France
1275,Noah,Brown,noah.brown@company.com,+1-372-497-7992,Digital Dynamics,HR Specialist,Austin,United Kingdom
1276,Amelia,Gonzalez,amelia.gonzalez@work.org,+1-833-364-4033,Future Enterprises,HR Specialist,New York,United States
1277,Benjamin,Martin,benjamin.martin@hotmail.com,+1-224-244-2581,DataFlow Systems,Data Analyst,Fort Worth,India
1278,Evelyn,Brown,evelyn.brown@business.net,+1-222-794-3251,Global Solutions,Product Manager,Austin,Canada
1279,Harper,Garcia,harper.garcia@outlook.com,+1-848-373-4036,Digital Dynamics,UX Designer,Jacksonville,Japan
1280,William,Martin,william.martin@yahoo.com,+1-970-506-5959,Smart Analytics,HR Specialist,Jacksonville,France
1281,Liam,Jones,liam.jones@business.net,+1-379-710-2133,NextGen Software,Product Manager,New York,Canada
1282,William,Brown,william.brown@company.com,+1-423-693-8104,Innovation Labs,Financial Analyst,Chicago,Germany
1283,Oliver,Hernandez,oliver.hernandez@hotmail.com,+1-666-354-4809,Smart Analytics,DevOps Engineer,Houston,United States
1284,Sophia,Rodriguez,sophia.rodriguez@outlook.com,+1-581-212-3422,Future Enterprises,Software Engineer,New York,Japan
1285,Benjamin,Moore,benjamin.moore@gmail.com,+1-324-730-9486,Innovation Labs,UX Designer,Charlotte,Japan
1286,Benjamin,Martinez,benjamin.martinez@hotmail.com,+1-697-881-3074,Smart Analytics,Product Manager,Charlotte,Canada
1287,Benjamin,Williams,benjamin.williams@business.net,+1-487-141-5832,Global Solutions,Product Manager,Philadelphia,Brazil
1288,Alexander,Johnson,alexander.johnson@outlook.com,+1-801-312-7892,Global Solutions,Software Engineer,Charlotte,United Kingdom
1289,Charlotte,Miller,charlotte.miller@hotmail.com,+1-638-241-9074,Digital Dynamics,Data Analyst,Jacksonville,Japan
1290,Emma,Miller,emma.miller@company.com,+1-506-821-2443,Digital Dynamics,Financial Analyst,San Diego,Germany
1291,Ethan,Gonzalez,ethan.gonzalez@hotmail.com,+1-929-337-5143,Global Solutions,Financial Analyst,Columbus,Germany
1292,Olivia,Rodriguez,olivia.rodriguez@work.org,+1-916-221-3003,CloudTech Pro,Project Manager,Jacksonville,Canada
1293,Olivia,Thomas,olivia.thomas@yahoo.com,+1-448-356-7507,Digital Dynamics,Data Analyst,San Diego,Canada
1294,Liam,Lopez,liam.lopez@yahoo.com,+1-696-790-7893,Digital Dynamics,DevOps Engineer,Phoenix,United States
1295,Liam,Garcia,liam.garcia@company.com,+1-996-638-2423,Smart Analytics,HR Specialist,Phoenix,Australia
1296,Oliver,Lopez,oliver.lopez@yahoo.com,+1-503-737-4459,TechStart Inc,Financial Analyst,Los Angeles,Japan
1297,Sophia,Davis,sophia.davis@hotmail.com,+1-257-522-2927,Innovation Labs,Project Manager,Houston,Germany
1298,William,Jackson,william.jackson@hotmail.com,+1-770-433-5421,Future Enterprises,Marketing Manager,Houston,Canada
1299,Oliver,Martinez,oliver.martinez@hotmail.com,+1-802-163-9282,NextGen Software,DevOps Engineer,Columbus,France
1300,Amelia,Gonzalez,amelia.gonzalez@yahoo.com,+1-991-256-6861,Smart Analytics,Sales Representative,San Diego,Mexico
1301,William,Rodriguez,william.rodriguez@business.net,+1-346-463-9901,Global Solutions,Software Engineer,Los Angeles,Germany
1302,Sophia,Brown,sophia.brown@company.com,+1-704-942-7581,NextGen Software,Marketing Manager,Fort Worth,Germany
1303,Isabella,Johnson,isabella.johnson@hotmail.com,+1-867-932-6329,CloudTech Pro,Project Manager,Los Angeles,United States
1304,William,Jackson,william.jackson@gmail.com,+1-612-390-8284,Smart Analytics,Project Manager,Charlotte,India
1305,William,Jackson,william.jackson@work.org,+1-931-550-9114,CloudTech Pro,Marketing Manager,Austin,Japan
1306,Emma,Martin,emma.martin@yahoo.com,+1-888-647-4338,Future Enterprises,Financial Analyst,San Jose,Canada
1307,Evelyn,Miller,evelyn.miller@hotmail.com,+1-725-555-7746,CloudTech Pro,Marketing Manager,Los Angeles,United States
1308,Mason,Johnson,mason.johnson@hotmail.com,+1-604-909-6420,Innovation Labs,Financial Analyst,Chicago,France
1309,Sophia,Brown,sophia.brown@business.net,+1-584-356-9495,Smart Analytics,UX Designer,Philadelphia,Brazil
1310,Olivia,Moore,olivia.moore@outlook.com,+1-810-826-2735,CloudTech Pro,Product Manager,Houston,United Kingdom
1311,Benjamin,Wilson,benjamin.wilson@outlook.com,+1-229-373-9817,Global Solutions,Sales Representative,New York,Australia
1312,Mason,Taylor,mason.taylor@work.org,+1-613-520-2433,Innovation Labs,Sales Representative,New York,Australia
1313,Evelyn,Taylor,evelyn.taylor@outlook.com,+1-224-379-5833,NextGen Software,Data Analyst,Columbus,United States
1314,Evelyn,Anderson,evelyn.anderson@company.com,+1-282-986-1633,TechStart Inc,DevOps Engineer,Philadelphia,Japan
1315,Lucas,Jones,lucas.jones@work.org,+1-815-401-1398,Innovation Labs,Software Engineer,San Diego,United Kingdom
1316,Amelia,Martin,amelia.martin@hotmail.com,+1-514-198-3808,Global Solutions,Sales Representative,Charlotte,Australia
1317,Noah,Hernandez,noah.hernandez@gmail.com,+1-556-834-1891,CloudTech Pro,Project Manager,Los Angeles,India
1318,Oliver,Rodriguez,oliver.rodriguez@gmail.com,+1-440-307-7411,Future Enterprises,UX Designer,Los Angeles,Mexico
1319,James,Moore,james.moore@hotmail.com,+1-679-730-1957,Innovation Labs,UX Designer,Philadelphia,Australia
1320,Olivia,Lopez,olivia.lopez@yahoo.com,+1-638-325-2476,Acme Corp,Software Engineer,New York,Germany
1321,Olivia,Martinez,olivia.martinez@business.net,+1-806-435-1445,Innovation Labs,Project Manager,Fort Worth,United Kingdom
1322,Harper,Jones,harper.jones@business.net,+1-958-317-6194,Acme Corp,Financial Analyst,New York,Mexico
1323,Harper,Taylor,harper.taylor@company.com,+1-492-787-3132,TechStart Inc,Financial Analyst,Columbus,Brazil
1324,Oliver,Davis,oliver.davis@gmail.com,+1-506-686-7362,Digital Dynamics,UX Designer,San Diego,Australia
1325,Isabella,Jackson,isabella.jackson@company.com,+1-952-878-2759,Digital Dynamics,Project Manager,Phoenix,Brazil
1326,Lucas,Miller,lucas.miller@work.org,+1-896-350-7688,Future Enterprises,Software Engineer,San Antonio,Australia
1327,Isabella,Brown,isabella.brown@work.org,+1-369-566-1207,DataFlow Systems,Product Manager,Fort Worth,France
1328,Lucas,Taylor,lucas.taylor@outlook.com,+1-411-285-9770,Digital Dynamics,HR Specialist,Phoenix,Canada
1329,Amelia,Smith,amelia.smith@company.com,+1-394-604-3039,NextGen Software,Financial Analyst,Phoenix,Australia
1330,Charlotte,Gonzalez,charlotte.gonzalez@work.org,+1-706-562-9329,Innovation Labs,Software Engineer,Houston,Canada
1331,Alexander,Martin,alexander.martin@work.org,+1-507-608-5765,Future Enterprises,Sales Representative,New York,France
1332,Benjamin,Jackson,benjamin.jackson@gmail.com,+1-601-980-3870,TechStart Inc,Product Manager,Philadelphia,United Kingdom
1333,Evelyn,Gonzalez,evelyn.gonzalez@hotmail.com,+1-760-392-3431,Future Enterprises,Marketing Manager,Charlotte,India
1334,Evelyn,Hernandez,evelyn.hernandez@company.com,+1-948-722-7930,DataFlow Systems,DevOps Engineer,Los Angeles,Mexico
1335,William,Rodriguez,william.rodriguez@yahoo.com,+1-276-577-2335,TechStart Inc,HR Specialist,Austin,Canada
1336,Mason,Jackson,mason.jackson@yahoo.com,+1-374-109-5309,Future Enterprises,HR Specialist,Austin,Canada
1337,James,Rodriguez,james.rodriguez@business.net,+1-328-628-8988,Innovation Labs,Marketing Manager,San Jose,Brazil
1338,Olivia,Rodriguez,olivia.rodriguez@yahoo.com,+1-873-415-7422,Smart Analytics,Financial Analyst,San Diego,Canada
1339,Olivia,Smith,olivia.smith@business.net,+1-508-175-8998,CloudTech Pro,Product Manager,Chicago,United Kingdom
1340,Amelia,Hernandez,amelia.hernandez@outlook.com,+1-247-188-4369,CloudTech Pro,Sales Representative,Houston,Japan
1341,Emma,Thomas,emma.thomas@company.com,+1-734-750-4758,Innovation Labs,HR Specialist,Austin,France
1342,James,Williams,james.williams@outlook.com,+1-613-227-5681,Digital Dynamics,Product Manager,San Diego,India
1343,Liam,Rodriguez,liam.rodriguez@work.org,+1-533-214-9047,Innovation Labs,Data Analyst,Houston,Australia
1344,James,Jackson,james.jackson@work.org,+1-320-244-4697,NextGen Software,Sales Representative,Columbus,Japan
1345,William,Jackson,william.jackson@company.com,+1-941-856-8623,Innovation Labs,Data Analyst,San Jose,Mexico
1346,Harper,Brown,harper.brown@company.com,+1-214-553-1946,TechStart Inc,Product Manager,Jacksonville,Australia
1347,Ava,Hernandez,ava.hernandez@hotmail.com,+1-457-106-3233,DataFlow Systems,Financial Analyst,Austin,France
1348,Liam,Anderson,liam.anderson@work.org,+1-316-658-9739,TechStart Inc,Data Analyst,Dallas,India
1349,Mia,Williams,mia.williams@business.net,+1-648-691-7921,NextGen Software,Project Manager,Phoenix,Australia
1350,Ethan,Garcia,ethan.garcia@company.com,+1-364-742-4878,Digital Dynamics,Software Engineer,Jacksonville,Mexico
1351,Benjamin,Jackson,benjamin.jackson@hotmail.com,+1-874-352-1765,DataFlow Systems,Financial Analyst,Dallas,Australia
1352,Benjamin,Davis,benjamin.davis@business.net,+1-728-834-6179,Digital Dynamics,Financial Analyst,San Diego,United Kingdom
1353,Isabella,Gonzalez,isabella.gonzalez@company.com,+1-620-436-9720,TechStart Inc,Marketing Manager,San Antonio,Japan
1354,Ava,Jackson,ava.jackson@outlook.com,+1-815-956-6692,Smart Analytics,UX Designer,Jacksonville,Brazil
1355,Benjamin,Thomas,benjamin.thomas@business.net,+1-723-671-5958,CloudTech Pro,Sales Representative,Phoenix,Brazil
1356,Amelia,Martinez,amelia.martinez@work.org,+1-446-907-8474,DataFlow Systems,Project Manager,San Antonio,Canada
1357,Ethan,Brown,ethan.brown@business.net,+1-818-667-7706,DataFlow Systems,Data Analyst,San Antonio,Australia
1358,Isabella,Smith,isabella.smith@company.com,+1-931-148-3315,Future Enterprises,UX Designer,Charlotte,Brazil
1359,Amelia,Thomas,amelia.thomas@work.org,+1-454-799-5495,Digital Dynamics,Product Manager,New York,Japan
1360,Benjamin,Miller,benjamin.miller@work.org,+1-912-210-2648,DataFlow Systems,UX Designer,San Jose,India
1361,Sophia,Brown,sophia.brown@work.org,+1-206-417-1244,DataFlow Systems,UX Designer,New York,India
1362,Mason,Moore,mason.moore@gmail.com,+1-566-531-9532,Future Enterprises,Software Engineer,San Antonio,Mexico
1363,Charlotte,Martinez,charlotte.martinez@hotmail.com,+1-684-419-8757,TechStart Inc,DevOps Engineer,New York,United Kingdom
1364,Emma,Taylor,emma.taylor@company.com,+1-852-673-9637,Smart Analytics,UX Designer,New York,Canada
1365,Ava,Lopez,ava.lopez@hotmail.com,+1-368-489-3673,Acme Corp,Data Analyst,Philadelphia,Japan
1366,Ethan,Thomas,ethan.thomas@outlook.com,+1-877-268-4623,Digital Dynamics,Product Manager,New York,United Kingdom
1367,Lucas,Wilson,lucas.wilson@outlook.com,+1-462-923-1760,TechStart Inc,Sales Representative,Dallas,United Kingdom
1368,Charlotte,Williams,charlotte.williams@yahoo.com,+1-604-858-6005,Innovation Labs,Marketing Manager,Dallas,United Kingdom
1369,Ethan,Brown,ethan.brown@yahoo.com,+1-344-380-7397,Innovation Labs,Project Manager,Los Angeles,France
1370,Noah,Hernandez,noah.hernandez@work.org,+1-554-575-6008,DataFlow Systems,Software Engineer,Columbus,France
1371,Mason,Moore,mason.moore@business.net,+1-526-493-2077,Future Enterprises,Product Manager,San Diego,Germany
1372,Harper,Miller,harper.miller@outlook.com,+1-788-620-1752,DataFlow Systems,DevOps Engineer,Los Angeles,Japan
1373,Harper,Anderson,harper.anderson@yahoo.com,+1-903-243-7641,Acme Corp,Data Analyst,New York,United States
1374,Isabella,Garcia,isabella.garcia@hotmail.com,+1-625-748-7230,NextGen Software,Sales Representative,Columbus,Mexico
1375,Amelia,Wilson,amelia.wilson@gmail.com,+1-497-298-4362,CloudTech Pro,HR Specialist,New York,United Kingdom
1376,Olivia,Garcia,olivia.garcia@business.net,+1-933-123-3919,Global Solutions,Software Engineer,San Jose,India
1377,Oliver,Hernandez,oliver.hernandez@yahoo.com,+1-305-641-2518,DataFlow Systems,Marketing Manager,Fort Worth,Mexico
1378,Charlotte,Hernandez,charlotte.hernandez@company.com,+1-200-352-8034,CloudTech Pro,Project Manager,Fort Worth,Mexico
1379,James,Moore,james.moore@yahoo.com,+1-790-284-3120,TechStart Inc,Project Manager,San Diego,United Kingdom
1380,Liam,Gonzalez,liam.gonzalez@work.org,+1-509-454-8601,TechStart Inc,Software Engineer,Dallas,Brazil
1381,Liam,Moore,liam.moore@outlook.com,+1-689-350-3849,Digital Dynamics,Product Manager,Dallas,France
1382,Evelyn,Garcia,evelyn.garcia@company.com,+1-360-431-5140,Future Enterprises,UX Designer,Charlotte,India
1383,Amelia,Martinez,amelia.martinez@business.net,+1-753-983-8888,Global Solutions,Data Analyst,Fort Worth,United States
1384,Isabella,Jackson,isabella.jackson@hotmail.com,+1-895-531-6739,Future Enterprises,Marketing Manager,San Antonio,Canada
1385,Evelyn,Miller,evelyn.miller@work.org,+1-858-485-3975,DataFlow Systems,Sales Representative,Philadelphia,Mexico
1386,Oliver,Gonzalez,oliver.gonzalez@company.com,+1-961-268-9326,CloudTech Pro,Data Analyst,Jacksonville,Canada
1387,Noah,Smith,noah.smith@hotmail.com,+1-821-494-2213,Smart Analytics,Software Engineer,Phoenix,Germany
1388,Harper,Garcia,harper.garcia@gmail.com,+1-777-684-2346,DataFlow Systems,Financial Analyst,San Antonio,France
1389,Harper,Miller,harper.miller@yahoo.com,+1-593-823-5734,Future Enterprises,Product Manager,San Diego,Brazil
1390,Lucas,Taylor,lucas.taylor@outlook.com,+1-949-491-6630,CloudTech Pro,DevOps Engineer,Columbus,India
1391,Amelia,Gonzalez,amelia.gonzalez@work.org,+1-634-380-9590,Future Enterprises,HR Specialist,Houston,Japan
1392,William,Wilson,william.wilson@yahoo.com,+1-610-241-6408,Future Enterprises,HR Specialist,Phoenix,India
1393,Alexander,Davis,alexander.davis@yahoo.com,+1-466-202-6115,Future Enterprises,UX Designer,Chicago,India
1394,Oliver,Lopez,oliver.lopez@gmail.com,+1-572-566-4327,NextGen Software,Project Manager,Philadelphia,Mexico
1395,Ava,Williams,ava.williams@business.net,+1-464-227-4481,NextGen Software,Sales Representative,Charlotte,Mexico
1396,Mia,Jones,mia.jones@yahoo.com,+1-632-101-7464,NextGen Software,Marketing Manager,Houston,Canada
1397,James,Jones,james.jones@yahoo.com,+1-386-364-4176,Acme Corp,Software Engineer,Houston,Brazil
1398,Harper,Garcia,harper.garcia@gmail.com,+1-551-161-8500,NextGen Software,Product Manager,Phoenix,United States
1399,Amelia,Wilson,amelia.wilson@outlook.com,+1-554-930-2902,Digital Dynamics,Software Engineer,Houston,Brazil
1400,James,Thomas,james.thomas@business.net,+1-898-697-1633,Future Enterprises,Marketing Manager,Houston,Brazil
1401,Evelyn,Lopez,evelyn.lopez@work.org,+1-285-339-3609,Acme Corp,Financial Analyst,Fort Worth,Australia
1402,Amelia,Williams,amelia.williams@hotmail.com,+1-850-667-5482,DataFlow Systems,Financial Analyst,Dallas,Canada
1403,Isabella,Jackson,isabella.jackson@outlook.com,+1-939-146-4703,NextGen Software,Data Analyst,San Diego,Japan
1404,Noah,Martinez,noah.martinez@work.org,+1-478-752-8373,Acme Corp,Data Analyst,San Diego,United States
1405,Isabella,Garcia,isabella.garcia@hotmail.com,+1-460-476-9263,Global Solutions,Product Manager,Austin,Mexico
1406,Evelyn,Anderson,evelyn.anderson@company.com,+1-561-339-5518,NextGen Software,DevOps Engineer,Philadelphia,United Kingdom
1407,William,Hernandez,william.hernandez@work.org,+1-853-642-8696,DataFlow Systems,Product Manager,Charlotte,Germany
1408,Olivia,Martin,olivia.martin@work.org,+1-530-189-6529,DataFlow Systems,DevOps Engineer,Los Angeles,India
1409,Liam,Johnson,liam.johnson@gmail.com,+1-271-755-6146,Future Enterprises,UX Designer,San Antonio,Mexico
1410,Evelyn,Rodriguez,evelyn.rodriguez@work.org,+1-465-139-3855,Acme Corp,HR Specialist,Columbus,Japan
1411,Benjamin,Williams,benjamin.williams@hotmail.com,+1-769-945-1012,DataFlow Systems,HR Specialist,New York,France
1412,Olivia,Smith,olivia.smith@work.org,+1-408-746-7601,Global Solutions,Product Manager,Charlotte,India
1413,James,Taylor,james.taylor@hotmail.com,+1-255-218-7527,Global Solutions,DevOps Engineer,Chicago,Brazil
1414,James,Brown,james.brown@gmail.com,+1-803-673-5112,CloudTech Pro,Project Manager,Philadelphia,Australia
1415,Emma,Thomas,emma.thomas@work.org,+1-474-557-3358,Smart Analytics,Marketing Manager,Austin,Australia
1416,Lucas,Smith,lucas.smith@gmail.com,+1-260-879-1493,NextGen Software,DevOps Engineer,Charlotte,Australia
1417,Noah,Gonzalez,noah.gonzalez@yahoo.com,+1-460-444-3233,Innovation Labs,Sales Representative,Los Angeles,Japan
1418,Charlotte,Rodriguez,charlotte.rodriguez@work.org,+1-664-715-9715,NextGen Software,Sales Representative,Chicago,India
1419,Mia,Davis,mia.davis@gmail.com,+1-800-285-4456,CloudTech Pro,Product Manager,Charlotte,Mexico
1420,Ava,Johnson,ava.johnson@gmail.com,+1-460-906-9329,DataFlow Systems,DevOps Engineer,New York,Australia
1421,Evelyn,Garcia,evelyn.garcia@work.org,+1-800-925-6351,NextGen Software,Data Analyst,San Jose,France
1422,Alexander,Martinez,alexander.martinez@company.com,+1-988-525-3161,DataFlow Systems,Data Analyst,Jacksonville,United Kingdom
1423,Charlotte,Lopez,charlotte.lopez@company.com,+1-387-754-9829,Acme Corp,Product Manager,Chicago,Australia
1424,William,Williams,william.williams@hotmail.com,+1-784-882-8566,NextGen Software,Software Engineer,San Antonio,Japan
1425,William,Martin,william.martin@work.org,+1-895-219-7950,Smart Analytics,UX Designer,Columbus,Brazil
1426,Oliver,Davis,oliver.davis@outlook.com,+1-359-406-7090,DataFlow Systems,Marketing Manager,Los Angeles,United States
1427,Oliver,Gonzalez,oliver.gonzalez@gmail.com,+1-649-555-8321,DataFlow Systems,DevOps Engineer,Phoenix,India
1428,Charlotte,Anderson,charlotte.anderson@hotmail.com,+1-570-778-1578,NextGen Software,DevOps Engineer,Columbus,Mexico
1429,Isabella,Gonzalez,isabella.gonzalez@business.net,+1-866-222-8279,Acme Corp,UX Designer,Houston,United Kingdom
1430,Evelyn,Rodriguez,evelyn.rodriguez@business.net,+1-816-278-3115,Future Enterprises,Marketing Manager,San Jose,Mexico
1431,Emma,Taylor,emma.taylor@yahoo.com,+1-335-168-7003,TechStart Inc,HR Specialist,Austin,Japan
1432,Benjamin,Taylor,benjamin.taylor@business.net,+1-232-235-7385,NextGen Software,Marketing Manager,Columbus,India
1433,Benjamin,Martin,benjamin.martin@business.net,+1-387-873-8640,DataFlow Systems,Product Manager,New York,France
1434,Oliver,Gonzalez,oliver.gonzalez@yahoo.com,+1-975-627-1675,Smart Analytics,UX Designer,Phoenix,Australia
1435,William,Brown,william.brown@hotmail.com,+1-247-793-8387,Innovation Labs,Product Manager,San Diego,Germany
1436,Benjamin,Hernandez,benjamin.hernandez@company.com,+1-822-968-2121,Innovation Labs,Marketing Manager,Phoenix,Australia
1437,Harper,Jones,harper.jones@hotmail.com,+1-513-935-1819,Smart Analytics,DevOps Engineer,Columbus,Germany
1438,Mia,Jackson,mia.jackson@business.net,+1-309-138-2121,CloudTech Pro,HR Specialist,Los Angeles,Mexico
1439,William,Taylor,william.taylor@outlook.com,+1-931-624-5144,CloudTech Pro,Product Manager,Charlotte,Germany
1440,Oliver,Hernandez,oliver.hernandez@yahoo.com,+1-276-217-9932,CloudTech Pro,Product Manager,Fort Worth,United Kingdom
1441,William,Davis,william.davis@yahoo.com,+1-297-397-6568,NextGen Software,Financial Analyst,Phoenix,Canada
1442,James,Smith,james.smith@company.com,+1-467-166-1315,Future Enterprises,Project Manager,Dallas,Brazil
1443,Evelyn,Gonzalez,evelyn.gonzalez@yahoo.com,+1-392-949-1453,Future Enterprises,Product Manager,Jacksonville,United States
1444,Amelia,Wilson,amelia.wilson@hotmail.com,+1-788-187-3862,Digital Dynamics,Project Manager,Jacksonville,United Kingdom
1445,Noah,Miller,noah.miller@outlook.com,+1-943-121-9399,TechStart Inc,HR Specialist,San Diego,Australia
1446,Oliver,Jones,oliver.jones@company.com,+1-720-578-2946,Innovation Labs,UX Designer,Charlotte,Brazil
1447,Benjamin,Hernandez,benjamin.hernandez@business.net,+1-867-637-8928,CloudTech Pro,Data Analyst,Houston,Mexico
1448,Liam,Taylor,liam.taylor@gmail.com,+1-963-163-5602,Global Solutions,Product Manager,Houston,Australia
1449,Noah,Martinez,noah.martinez@yahoo.com,+1-318-955-3666,NextGen Software,Project Manager,San Diego,Brazil
1450,Olivia,Miller,olivia.miller@gmail.com,+1-388-214-2160,DataFlow Systems,Sales Representative,Fort Worth,Germany
1451,Charlotte,Gonzalez,charlotte.gonzalez@gmail.com,+1-352-600-7966,Future Enterprises,Marketing Manager,Houston,Germany
1452,Amelia,Anderson,amelia.anderson@company.com,+1-833-222-4529,Innovation Labs,Software Engineer,San Jose,Germany
1453,Ethan,Wilson,ethan.wilson@company.com,+1-267-117-4730,Acme Corp,Software Engineer,San Jose,Japan
1454,Oliver,Martin,oliver.martin@hotmail.com,+1-388-448-2280,Future Enterprises,HR Specialist,Charlotte,Brazil
1455,Harper,Smith,harper.smith@business.net,+1-897-722-7404,Digital Dynamics,Project Manager,Charlotte,United Kingdom
1456,Olivia,Jackson,olivia.jackson@gmail.com,+1-583-862-5830,Future Enterprises,Project Manager,Austin,Mexico
1457,Amelia,Johnson,amelia.johnson@business.net,+1-506-909-3752,Digital Dynamics,UX Designer,Fort Worth,Mexico
1458,Benjamin,Miller,benjamin.miller@work.org,+1-604-960-5871,Global Solutions,DevOps Engineer,San Jose,United Kingdom
1459,Ava,Jackson,ava.jackson@gmail.com,+1-379-241-4858,Innovation Labs,HR Specialist,Philadelphia,France
1460,Benjamin,Anderson,benjamin.anderson@gmail.com,+1-640-661-6805,Acme Corp,Financial Analyst,Dallas,India
1461,Isabella,Wilson,isabella.wilson@outlook.com,+1-819-832-7742,DataFlow Systems,Financial Analyst,Chicago,United Kingdom
1462,William,Jackson,william.jackson@yahoo.com,+1-466-295-8030,NextGen Software,Project Manager,San Diego,United Kingdom
1463,Sophia,Jackson,sophia.jackson@work.org,+1-338-774-9440,Global Solutions,Project Manager,New York,Canada
1464,Mia,Moore,mia.moore@gmail.com,+1-304-365-4346,Smart Analytics,Sales Representative,San Antonio,Australia
1465,Olivia,Wilson,olivia.wilson@outlook.com,+1-404-935-3622,TechStart Inc,HR Specialist,Dallas,Canada
1466,Olivia,Rodriguez,olivia.rodriguez@company.com,+1-932-877-2365,Digital Dynamics,Product Manager,San Diego,Australia
1467,Emma,Rodriguez,emma.rodriguez@hotmail.com,+1-692-730-5148,DataFlow Systems,Data Analyst,Fort Worth,Germany
1468,Harper,Hernandez,harper.hernandez@gmail.com,+1-909-303-7048,Innovation Labs,DevOps Engineer,Fort Worth,Japan
1469,Liam,Thomas,liam.thomas@yahoo.com,+1-608-560-5775,Acme Corp,HR Specialist,Austin,Germany
1470,Olivia,Martin,olivia.martin@hotmail.com,+1-779-792-1635,Global Solutions,Product Manager,Chicago,Brazil
1471,Evelyn,Miller,evelyn.miller@company.com,+1-585-398-2493,Acme Corp,Data Analyst,Austin,Brazil
1472,Sophia,Davis,sophia.davis@outlook.com,+1-896-925-5863,Acme Corp,Sales Representative,Philadelphia,Mexico
1473,Oliver,Smith,oliver.smith@company.com,+1-566-328-1789,TechStart Inc,Project Manager,Charlotte,United States
1474,Olivia,Miller,olivia.miller@business.net,+1-704-542-9439,Smart Analytics,DevOps Engineer,Chicago,Australia
1475,Sophia,Martinez,sophia.martinez@yahoo.com,+1-471-478-1100,Digital Dynamics,Software Engineer,Chicago,Japan
1476,Ethan,Moore,ethan.moore@hotmail.com,+1-573-543-6526,TechStart Inc,Sales Representative,San Diego,Germany
1477,William,Jackson,william.jackson@outlook.com,+1-944-138-5634,Acme Corp,Marketing Manager,New York,Mexico
1478,Benjamin,Thomas,benjamin.thomas@outlook.com,+1-920-988-3245,CloudTech Pro,Software Engineer,Chicago,Canada
1479,Ethan,Moore,ethan.moore@business.net,+1-248-535-7574,Global Solutions,Financial Analyst,San Jose,United Kingdom
1480,Ava,Taylor,ava.taylor@hotmail.com,+1-970-277-8317,Global Solutions,HR Specialist,Charlotte,Germany
1481,Emma,Martin,emma.martin@yahoo.com,+1-260-427-2000,Digital Dynamics,Project Manager,Austin,Germany
1482,Noah,Smith,noah.smith@hotmail.com,+1-701-930-7054,Digital Dynamics,HR Specialist,Charlotte,Canada
1483,Mason,Martin,mason.martin@yahoo.com,+1-956-991-1828,NextGen Software,Sales Representative,Los Angeles,Germany
1484,Lucas,Jones,lucas.jones@yahoo.com,+1-842-422-7928,DataFlow Systems,Marketing Manager,San Jose,France
1485,Benjamin,Jones,benjamin.jones@work.org,+1-757-602-7166,NextGen Software,HR Specialist,San Jose,France
1486,Harper,Thomas,harper.thomas@work.org,+1-686-696-9448,Future Enterprises,HR Specialist,Philadelphia,Germany
1487,Oliver,Jackson,oliver.jackson@hotmail.com,+1-777-347-2834,Global Solutions,HR Specialist,Charlotte,Canada
1488,Olivia,Thomas,olivia.thomas@business.net,+1-565-345-1508,Smart Analytics,Software Engineer,Austin,India
1489,Harper,Rodriguez,harper.rodriguez@gmail.com,+1-276-499-9206,TechStart Inc,Product Manager,San Jose,Germany
1490,Isabella,Garcia,isabella.garcia@hotmail.com,+1-502-267-1881,Acme Corp,HR Specialist,Houston,Australia
1491,Lucas,Lopez,lucas.lopez@gmail.com,+1-858-325-4979,DataFlow Systems,Data Analyst,Los Angeles,India
1492,Isabella,Johnson,isabella.johnson@work.org,+1-845-928-4048,Digital Dynamics,Project Manager,Columbus,Canada
1493,Lucas,Miller,lucas.miller@yahoo.com,+1-432-889-7895,Acme Corp,HR Specialist,New York,Canada
1494,Emma,Martin,emma.martin@company.com,+1-552-559-3687,Innovation Labs,Product Manager,San Jose,Brazil
1495,Alexander,Anderson,alexander.anderson@gmail.com,+1-968-346-4240,Global Solutions,Financial Analyst,Austin,Canada
1496,Mason,Martinez,mason.martinez@business.net,+1-999-822-5960,DataFlow Systems,Sales Representative,Charlotte,Mexico
1497,William,Brown,william.brown@outlook.com,+1-506-256-6039,Acme Corp,Project Manager,Dallas,Brazil
1498,Isabella,Anderson,isabella.anderson@gmail.com,+1-828-653-9764,NextGen Software,Data Analyst,Austin,Brazil
1499,Isabella,Jackson,isabella.jackson@hotmail.com,+1-371-908-7139,TechStart Inc,UX Designer,Los Angeles,Brazil
1500,Charlotte,Jackson,charlotte.jackson@yahoo.com,+1-858-172-4062,Global Solutions,Sales Representative,Philadelphia,Australia
1501,Alexander,Hernandez,alexander.hernandez@hotmail.com,+1-491-121-5767,DataFlow Systems,HR Specialist,San Diego,India
1502,Isabella,Martin,isabella.martin@company.com,+1-738-951-1865,Acme Corp,Software Engineer,Dallas,United Kingdom
1503,Olivia,Moore,olivia.moore@company.com,+1-697-133-2129,Digital Dynamics,UX Designer,New York,France
1504,Evelyn,Jones,evelyn.jones@work.org,+1-510-420-6339,Global Solutions,UX Designer,New York,France
1505,Emma,Gonzalez,emma.gonzalez@hotmail.com,+1-491-406-8262,Smart Analytics,Product Manager,San Jose,Canada
1506,Noah,Martin,noah.martin@work.org,+1-621-429-8578,DataFlow Systems,Marketing Manager,Fort Worth,Brazil
1507,Olivia,Johnson,olivia.johnson@business.net,+1-317-631-8283,Innovation Labs,Sales Representative,Philadelphia,Brazil
1508,Liam,Miller,liam.miller@yahoo.com,+1-815-903-1309,NextGen Software,UX Designer,San Jose,Germany
1509,Liam,Rodriguez,liam.rodriguez@business.net,+1-665-486-4435,Smart Analytics,Project Manager,Austin,Germany
1510,Emma,Wilson,emma.wilson@gmail.com,+1-504-688-6650,NextGen Software,Project Manager,Chicago,Japan
1511,Ethan,Moore,ethan.moore@outlook.com,+1-568-925-5748,Acme Corp,Product Manager,Jacksonville,Brazil
1512,Alexander,Jackson,alexander.jackson@hotmail.com,+1-845-750-9646,TechStart Inc,Marketing Manager,Austin,Brazil
1513,Oliver,Lopez,oliver.lopez@hotmail.com,+1-293-192-6614,DataFlow Systems,Marketing Manager,Dallas,United Kingdom
1514,Harper,Brown,harper.brown@gmail.com,+1-448-526-9800,DataFlow Systems,Sales Representative,San Diego,India
1515,Ethan,Davis,ethan.davis@hotmail.com,+1-244-757-1105,Digital Dynamics,Project Manager,Charlotte,United States
1516,Emma,Williams,emma.williams@business.net,+1-621-836-9211,Digital Dynamics,HR Specialist,Columbus,United Kingdom
1517,William,Hernandez,william.hernandez@company.com,+1-437-410-3738,CloudTech Pro,HR Specialist,San Diego,Brazil
1518,Ava,Anderson,ava.anderson@business.net,+1-977-921-5583,Digital Dynamics,Sales Representative,Charlotte,Australia
1519,Alexander,Martinez,alexander.martinez@hotmail.com,+1-458-538-4875,Digital Dynamics,Software Engineer,San Jose,India
1520,James,Hernandez,james.hernandez@outlook.com,+1-321-843-2791,TechStart Inc,Financial Analyst,Columbus,United States
1521,Harper,Johnson,harper.johnson@company.com,+1-530-825-5594,NextGen Software,Project Manager,Austin,Germany
1522,Liam,Brown,liam.brown@work.org,+1-735-903-4702,TechStart Inc,HR Specialist,Fort Worth,Mexico
1523,Lucas,Moore,lucas.moore@business.net,+1-421-232-1149,Smart Analytics,Marketing Manager,Jacksonville,France
1524,Benjamin,Wilson,benjamin.wilson@hotmail.com,+1-570-851-7713,CloudTech Pro,Data Analyst,San Diego,United States
1525,William,Davis,william.davis@gmail.com,+1-562-144-1747,DataFlow Systems,Sales Representative,San Antonio,Japan
1526,Mason,Rodriguez,mason.rodriguez@gmail.com,+1-568-985-8484,Global Solutions,UX Designer,San Diego,Japan
1527,Charlotte,Hernandez,charlotte.hernandez@business.net,+1-227-692-2169,DataFlow Systems,Data Analyst,San Jose,United States
1528,Ethan,Martin,ethan.martin@business.net,+1-780-893-4465,CloudTech Pro,Financial Analyst,Philadelphia,India
1529,Charlotte,Jones,charlotte.jones@outlook.com,+1-948-487-8406,Innovation Labs,Data Analyst,Phoenix,United Kingdom
1530,Liam,Jackson,liam.jackson@company.com,+1-933-655-6572,NextGen Software,Marketing Manager,Austin,France
1531,Benjamin,Davis,benjamin.davis@work.org,+1-671-527-9622,CloudTech Pro,Project Manager,Houston,United Kingdom
1532,Liam,Jones,liam.jones@work.org,+1-622-588-1215,Global Solutions,Project Manager,Austin,Germany
1533,William,Garcia,william.garcia@business.net,+1-216-972-6743,Global Solutions,Software Engineer,Los Angeles,Australia
1534,Amelia,Moore,amelia.moore@business.net,+1-390-512-9987,Global Solutions,UX Designer,Jacksonville,India
1535,Alexander,Garcia,alexander.garcia@company.com,+1-643-305-3474,Digital Dynamics,Project Manager,Philadelphia,Germany
1536,Emma,Williams,emma.williams@yahoo.com,+1-836-245-9356,TechStart Inc,Software Engineer,San Antonio,Japan
1537,James,Williams,james.williams@company.com,+1-857-620-8134,Smart Analytics,HR Specialist,Fort Worth,Mexico
1538,Oliver,Lopez,oliver.lopez@outlook.com,+1-557-346-2814,DataFlow Systems,Product Manager,New York,India
1539,William,Moore,william.moore@business.net,+1-818-677-9809,DataFlow Systems,Project Manager,Austin,Germany
1540,Emma,Lopez,emma.lopez@gmail.com,+1-491-165-1710,Digital Dynamics,UX Designer,Dallas,Brazil
1541,Lucas,Davis,lucas.davis@outlook.com,+1-209-608-8056,DataFlow Systems,Sales Representative,New York,Germany
1542,William,Taylor,william.taylor@business.net,+1-381-318-1168,TechStart Inc,HR Specialist,Los Angeles,India
1543,Charlotte,Garcia,charlotte.garcia@gmail.com,+1-505-758-9612,Digital Dynamics,Financial Analyst,Dallas,Australia
1544,Noah,Jackson,noah.jackson@gmail.com,+1-577-636-2248,Global Solutions,HR Specialist,Houston,United States
1545,Sophia,Lopez,sophia.lopez@gmail.com,+1-982-130-6687,Acme Corp,DevOps Engineer,New York,Japan
1546,Amelia,Smith,amelia.smith@business.net,+1-961-746-8078,DataFlow Systems,HR Specialist,Austin,Brazil
1547,Liam,Taylor,liam.taylor@business.net,+1-590-145-4155,TechStart Inc,Software Engineer,Dallas,Australia
1548,James,Jones,james.jones@business.net,+1-416-793-2640,Innovation Labs,Project Manager,Los Angeles,Brazil
1549,Oliver,Garcia,oliver.garcia@company.com,+1-873-842-9415,Digital Dynamics,Data Analyst,Los Angeles,Brazil
1550,Alexander,Garcia,alexander.garcia@hotmail.com,+1-611-812-3157,Innovation Labs,Product Manager,Fort Worth,Canada
1551,Oliver,Wilson,oliver.wilson@yahoo.com,+1-277-808-4572,CloudTech Pro,DevOps Engineer,Los Angeles,France
1552,Ethan,Thomas,ethan.thomas@gmail.com,+1-436-566-5038,Future Enterprises,HR Specialist,Philadelphia,United States
1553,William,Taylor,william.taylor@outlook.com,+1-803-759-6111,Acme Corp,Software Engineer,San Jose,India
1554,James,Jones,james.jones@business.net,+1-542-759-9589,TechStart Inc,Financial Analyst,Jacksonville,Australia
1555,Benjamin,Johnson,benjamin.johnson@work.org,+1-531-805-3884,Digital Dynamics,UX Designer,Jacksonville,Germany
1556,Oliver,Brown,oliver.brown@business.net,+1-801-289-8336,CloudTech Pro,Software Engineer,New York,France
1557,Oliver,Moore,oliver.moore@outlook.com,+1-675-897-5939,Smart Analytics,Project Manager,Los Angeles,France
1558,Isabella,Wilson,isabella.wilson@yahoo.com,+1-897-657-7892,Global Solutions,Project Manager,Fort Worth,United Kingdom
1559,Amelia,Taylor,amelia.taylor@yahoo.com,+1-466-949-3146,Future Enterprises,Project Manager,Columbus,United Kingdom
1560,Alexander,Garcia,alexander.garcia@outlook.com,+1-998-912-2099,Acme Corp,Financial Analyst,Columbus,Brazil
1561,Oliver,Thomas,oliver.thomas@business.net,+1-334-764-1721,Digital Dynamics,Marketing Manager,Chicago,Japan
1562,Amelia,Garcia,amelia.garcia@work.org,+1-852-793-1521,Innovation Labs,Financial Analyst,Philadelphia,India
1563,William,Miller,william.miller@company.com,+1-254-945-5004,Global Solutions,HR Specialist,Fort Worth,Japan
1564,Ava,Anderson,ava.anderson@yahoo.com,+1-533-999-5121,NextGen Software,UX Designer,Austin,Mexico
1565,Oliver,Jones,oliver.jones@business.net,+1-410-279-3324,Digital Dynamics,Product Manager,Phoenix,United States
1566,Ethan,Hernandez,ethan.hernandez@gmail.com,+1-579-286-5785,CloudTech Pro,Product Manager,San Antonio,Mexico
1567,Emma,Johnson,emma.johnson@business.net,+1-978-949-6272,CloudTech Pro,HR Specialist,Charlotte,United States
1568,Harper,Gonzalez,harper.gonzalez@work.org,+1-675-532-1869,Future Enterprises,HR Specialist,Austin,Brazil
1569,Amelia,Davis,amelia.davis@outlook.com,+1-990-532-2665,Acme Corp,Financial Analyst,Dallas,Brazil
1570,Ava,Jackson,ava.jackson@gmail.com,+1-203-767-8807,TechStart Inc,DevOps Engineer,Phoenix,United States
1571,Emma,Gonzalez,emma.gonzalez@outlook.com,+1-472-846-6201,Future Enterprises,HR Specialist,Fort Worth,United Kingdom
1572,Mia,Davis,mia.davis@hotmail.com,+1-662-407-4844,CloudTech Pro,DevOps Engineer,Austin,Germany
1573,Emma,Lopez,emma.lopez@business.net,+1-807-441-9087,NextGen Software,Software Engineer,Los Angeles,Canada
1574,Lucas,Garcia,lucas.garcia@hotmail.com,+1-537-603-3895,Innovation Labs,Marketing Manager,Fort Worth,Canada
1575,Benjamin,Moore,benjamin.moore@work.org,+1-421-403-3450,NextGen Software,Marketing Manager,Columbus,Germany
1576,Liam,Lopez,liam.lopez@work.org,+1-471-220-9265,Digital Dynamics,Sales Representative,Charlotte,Japan
1577,Sophia,Anderson,sophia.anderson@outlook.com,+1-756-691-1542,DataFlow Systems,Project Manager,San Antonio,Germany
1578,Charlotte,Martinez,charlotte.martinez@business.net,+1-899-206-1264,TechStart Inc,Software Engineer,Fort Worth,Mexico
1579,Evelyn,Lopez,evelyn.lopez@gmail.com,+1-786-619-6657,NextGen Software,Product Manager,Jacksonville,United States
1580,Liam,Davis,liam.davis@business.net,+1-846-919-6456,NextGen Software,Product Manager,Dallas,France
1581,Alexander,Brown,alexander.brown@company.com,+1-975-931-6024,NextGen Software,HR Specialist,Columbus,United Kingdom
1582,Charlotte,Miller,charlotte.miller@gmail.com,+1-714-946-6281,Acme Corp,Financial Analyst,Los Angeles,Mexico
1583,Mia,Jones,mia.jones@gmail.com,+1-238-963-8042,Acme Corp,Product Manager,Houston,Mexico
1584,Emma,Thomas,emma.thomas@company.com,+1-860-842-3257,Smart Analytics,Product Manager,San Jose,Brazil
1585,Mia,Hernandez,mia.hernandez@work.org,+1-336-469-6538,Acme Corp,Product Manager,Philadelphia,India
1586,Amelia,Smith,amelia.smith@company.com,+1-972-695-1485,Acme Corp,Financial Analyst,Phoenix,Australia
1587,William,Taylor,william.taylor@company.com,+1-611-599-9004,DataFlow Systems,Sales Representative,Houston,France
1588,Mia,Anderson,mia.anderson@work.org,+1-487-214-7262,Future Enterprises,Sales Representative,Houston,Brazil
1589,Ava,Smith,ava.smith@yahoo.com,+1-978-824-8692,NextGen Software,Financial Analyst,Phoenix,United Kingdom
1590,Olivia,Wilson,olivia.wilson@gmail.com,+1-724-640-1684,NextGen Software,Financial Analyst,Phoenix,India
1591,Olivia,Jackson,olivia.jackson@gmail.com,+1-472-152-5169,TechStart Inc,DevOps Engineer,San Diego,France
1592,Ethan,Anderson,ethan.anderson@gmail.com,+1-534-442-6513,Innovation Labs,DevOps Engineer,San Diego,Canada
1593,Noah,Gonzalez,noah.gonzalez@gmail.com,+1-991-552-5877,TechStart Inc,DevOps Engineer,San Diego,India
1594,Noah,Hernandez,noah.hernandez@gmail.com,+1-900-402-3538,Innovation Labs,UX Designer,Chicago,France
1595,Harper,Miller,harper.miller@outlook.com,+1-986-161-5171,DataFlow Systems,Software Engineer,Phoenix,Australia
1596,Charlotte,Brown,charlotte.brown@outlook.com,+1-885-864-4435,Global Solutions,Project Manager,San Jose,United States
1597,Benjamin,Jackson,benjamin.jackson@yahoo.com,+1-392-380-3056,Global Solutions,Sales Representative,Philadelphia,United Kingdom
1598,Mason,Thomas,mason.thomas@hotmail.com,+1-829-675-8905,CloudTech Pro,Data Analyst,Austin,France
1599,Amelia,Anderson,amelia.anderson@outlook.com,+1-286-817-5286,NextGen Software,HR Specialist,Chicago,Germany
1600,Emma,Martin,emma.martin@yahoo.com,+1-394-522-7247,Global Solutions,DevOps Engineer,Phoenix,India
1601,Mia,Jones,mia.jones@hotmail.com,+1-611-290-2115,TechStart Inc,Financial Analyst,New York,France
1602,Benjamin,Miller,benjamin.miller@company.com,+1-344-387-1062,Acme Corp,Product Manager,Jacksonville,Australia
1603,Amelia,Lopez,amelia.lopez@company.com,+1-376-525-9658,Global Solutions,HR Specialist,Jacksonville,United Kingdom
1604,Ava,Gonzalez,ava.gonzalez@company.com,+1-476-845-7654,Digital Dynamics,Financial Analyst,Fort Worth,India
1605,Liam,Wilson,liam.wilson@company.com,+1-661-910-3301,Innovation Labs,DevOps Engineer,Chicago,France
1606,Mason,Brown,mason.brown@yahoo.com,+1-235-537-4952,Future Enterprises,Software Engineer,San Antonio,India
1607,Ava,Johnson,ava.johnson@outlook.com,+1-272-219-4660,DataFlow Systems,UX Designer,New York,France
1608,Lucas,Anderson,lucas.anderson@gmail.com,+1-484-513-1108,Future Enterprises,UX Designer,Los Angeles,Japan
1609,Sophia,Johnson,sophia.johnson@company.com,+1-405-807-8914,Future Enterprises,Financial Analyst,Philadelphia,Canada
1610,Noah,Moore,noah.moore@company.com,+1-408-103-2487,Acme Corp,UX Designer,Chicago,Mexico
1611,Benjamin,Davis,benjamin.davis@gmail.com,+1-710-615-6926,Future Enterprises,Marketing Manager,Columbus,Canada
1612,Oliver,Lopez,oliver.lopez@outlook.com,+1-356-543-2739,Smart Analytics,UX Designer,Phoenix,Brazil
1613,Benjamin,Garcia,benjamin.garcia@outlook.com,+1-500-753-8305,NextGen Software,DevOps Engineer,Charlotte,Canada
1614,Charlotte,Gonzalez,charlotte.gonzalez@work.org,+1-558-298-5304,Digital Dynamics,Software Engineer,Philadelphia,Japan
1615,Emma,Martinez,emma.martinez@yahoo.com,+1-324-647-4079,Global Solutions,Marketing Manager,Columbus,United Kingdom
1616,Ava,Johnson,ava.johnson@work.org,+1-663-896-2188,CloudTech Pro,DevOps Engineer,Austin,France
1617,Evelyn,Martinez,evelyn.martinez@outlook.com,+1-504-722-1470,NextGen Software,Data Analyst,Columbus,Germany
1618,Oliver,Taylor,oliver.taylor@company.com,+1-499-973-6900,DataFlow Systems,Sales Representative,Los Angeles,Mexico
1619,Harper,Brown,harper.brown@hotmail.com,+1-546-759-9387,Digital Dynamics,Financial Analyst,San Jose,Germany
1620,Mia,Anderson,mia.anderson@work.org,+1-931-636-7620,Global Solutions,DevOps Engineer,San Diego,India
1621,Emma,Martinez,emma.martinez@gmail.com,+1-702-350-3545,Innovation Labs,Sales Representative,Charlotte,Australia
1622,Alexander,Williams,alexander.williams@business.net,+1-355-858-7359,Global Solutions,HR Specialist,Philadelphia,Australia
1623,Isabella,Davis,isabella.davis@business.net,+1-650-858-7557,Innovation Labs,Sales Representative,Dallas,Australia
1624,Emma,Martinez,emma.martinez@yahoo.com,+1-764-999-5242,Smart Analytics,DevOps Engineer,Philadelphia,Mexico
1625,Benjamin,Lopez,benjamin.lopez@gmail.com,+1-265-758-4887,Acme Corp,DevOps Engineer,Jacksonville,India
1626,Mia,Lopez,mia.lopez@business.net,+1-668-439-6321,Acme Corp,UX Designer,San Jose,United Kingdom
1627,Isabella,Gonzalez,isabella.gonzalez@business.net,+1-663-808-6076,Acme Corp,UX Designer,Phoenix,Germany
1628,Lucas,Davis,lucas.davis@hotmail.com,+1-610-937-1410,Global Solutions,Product Manager,Chicago,Brazil
1629,Harper,Rodriguez,harper.rodriguez@company.com,+1-569-708-3054,CloudTech Pro,Software Engineer,Houston,United States
1630,Oliver,Johnson,oliver.johnson@business.net,+1-232-550-4771,DataFlow Systems,Software Engineer,Charlotte,United Kingdom
1631,Ethan,Smith,ethan.smith@outlook.com,+1-342-643-2986,TechStart Inc,Sales Representative,Jacksonville,Brazil
1632,Benjamin,Smith,benjamin.smith@work.org,+1-807-659-8061,Innovation Labs,Product Manager,Columbus,United States
1633,Oliver,Miller,oliver.miller@work.org,+1-780-535-3667,Digital Dynamics,Financial Analyst,Houston,India
1634,Emma,Smith,emma.smith@hotmail.com,+1-823-104-2112,DataFlow Systems,Project Manager,Austin,United Kingdom
1635,Emma,Martin,emma.martin@yahoo.com,+1-963-989-7242,Acme Corp,Data Analyst,Charlotte,Canada
1636,Benjamin,Johnson,benjamin.johnson@outlook.com,+1-709-479-5588,Acme Corp,Product Manager,San Jose,Mexico
1637,Harper,Thomas,harper.thomas@business.net,+1-368-910-1540,Digital Dynamics,Software Engineer,Jacksonville,Brazil
1638,Ava,Brown,ava.brown@work.org,+1-597-387-8267,Innovation Labs,Financial Analyst,Dallas,France
1639,James,Brown,james.brown@work.org,+1-659-530-8533,NextGen Software,Financial Analyst,Chicago,Japan
1640,Ava,Taylor,ava.taylor@yahoo.com,+1-401-590-9592,Innovation Labs,DevOps Engineer,Charlotte,Germany
1641,Ava,Anderson,ava.anderson@company.com,+1-694-502-9762,Smart Analytics,Software Engineer,Phoenix,Japan
1642,Benjamin,Martin,benjamin.martin@hotmail.com,+1-987-250-2952,Global Solutions,Sales Representative,Houston,Japan
1643,Amelia,Garcia,amelia.garcia@company.com,+1-795-949-3676,NextGen Software,Sales Representative,Fort Worth,Japan
1644,Oliver,Jones,oliver.jones@company.com,+1-871-869-1253,DataFlow Systems,Product Manager,San Diego,France
1645,Harper,Garcia,harper.garcia@business.net,+1-551-144-4139,TechStart Inc,UX Designer,Austin,India
1646,Sophia,Anderson,sophia.anderson@work.org,+1-273-945-5553,TechStart Inc,DevOps Engineer,Philadelphia,Canada
1647,Oliver,Garcia,oliver.garcia@hotmail.com,+1-421-746-3012,Acme Corp,Product Manager,Phoenix,Mexico
1648,Lucas,Lopez,lucas.lopez@outlook.com,+1-335-885-7746,Acme Corp,Product Manager,Los Angeles,Mexico
1649,Ava,Miller,ava.miller@outlook.com,+1-991-128-3662,Smart Analytics,Sales Representative,Columbus,Mexico
1650,Harper,Thomas,harper.thomas@yahoo.com,+1-868-455-5995,Acme Corp,DevOps Engineer,Philadelphia,United States
1651,Harper,Williams,harper.williams@gmail.com,+1-915-887-7311,CloudTech Pro,Data Analyst,San Antonio,Brazil
1652,Harper,Williams,harper.williams@yahoo.com,+1-604-930-6393,Smart Analytics,DevOps Engineer,Jacksonville,United States
1653,Liam,Taylor,liam.taylor@yahoo.com,+1-226-895-3569,TechStart Inc,Sales Representative,Columbus,United Kingdom
1654,Liam,Taylor,liam.taylor@yahoo.com,+1-494-460-7957,CloudTech Pro,Software Engineer,San Antonio,United States
1655,Emma,Johnson,emma.johnson@hotmail.com,+1-955-945-4094,Smart Analytics,Sales Representative,Los Angeles,Australia
1656,Alexander,Smith,alexander.smith@gmail.com,+1-804-384-1593,NextGen Software,Sales Representative,San Diego,Germany
1657,Sophia,Thomas,sophia.thomas@business.net,+1-838-439-3428,Innovation Labs,Product Manager,Fort Worth,France
1658,Sophia,Wilson,sophia.wilson@business.net,+1-373-479-5477,TechStart Inc,Project Manager,Columbus,Canada
1659,Mason,Martinez,mason.martinez@company.com,+1-837-107-5786,Innovation Labs,Financial Analyst,San Diego,Canada
1660,Alexander,Jones,alexander.jones@company.com,+1-597-556-9871,Future Enterprises,DevOps Engineer,Houston,India
1661,Benjamin,Anderson,benjamin.anderson@yahoo.com,+1-865-440-7467,Smart Analytics,HR Specialist,Philadelphia,India
1662,Alexander,Wilson,alexander.wilson@hotmail.com,+1-307-487-9397,TechStart Inc,Financial Analyst,Houston,Mexico
1663,Isabella,Johnson,isabella.johnson@hotmail.com,+1-950-578-7296,Global Solutions,UX Designer,San Diego,Germany
1664,Mason,Smith,mason.smith@gmail.com,+1-511-743-1307,DataFlow Systems,DevOps Engineer,San Jose,India
1665,Evelyn,Rodriguez,evelyn.rodriguez@company.com,+1-866-454-5139,CloudTech Pro,Marketing Manager,Houston,Japan
1666,Alexander,Williams,alexander.williams@outlook.com,+1-548-203-3043,Acme Corp,UX Designer,San Diego,France
1667,Noah,Taylor,noah.taylor@yahoo.com,+1-920-221-4733,NextGen Software,Product Manager,Jacksonville,United Kingdom
1668,Sophia,Thomas,sophia.thomas@company.com,+1-427-732-5169,DataFlow Systems,Financial Analyst,San Diego,Brazil
1669,Isabella,Johnson,isabella.johnson@yahoo.com,+1-805-981-8570,NextGen Software,HR Specialist,Los Angeles,Brazil
1670,Charlotte,Miller,charlotte.miller@gmail.com,+1-743-338-9444,CloudTech Pro,UX Designer,Jacksonville,Brazil
1671,Mia,Martinez,mia.martinez@outlook.com,+1-634-492-3788,Digital Dynamics,Product Manager,Philadelphia,Germany
1672,Isabella,Smith,isabella.smith@company.com,+1-807-755-8401,Future Enterprises,Data Analyst,Austin,Brazil
1673,Lucas,Moore,lucas.moore@gmail.com,+1-361-146-3678,NextGen Software,Marketing Manager,Dallas,Brazil
1674,Isabella,Williams,isabella.williams@yahoo.com,+1-819-366-7384,Innovation Labs,DevOps Engineer,Charlotte,Germany
1675,Amelia,Davis,amelia.davis@yahoo.com,+1-407-557-3905,Global Solutions,UX Designer,Charlotte,Mexico
1676,Liam,Davis,liam.davis@outlook.com,+1-285-790-5114,CloudTech Pro,HR Specialist,San Jose,India
1677,Amelia,Moore,amelia.moore@yahoo.com,+1-917-990-8586,DataFlow Systems,Data Analyst,Austin,India
1678,Benjamin,Jackson,benjamin.jackson@outlook.com,+1-483-577-4649,Acme Corp,DevOps Engineer,Charlotte,Mexico
1679,James,Davis,james.davis@company.com,+1-278-132-2801,NextGen Software,Project Manager,New York,Mexico
1680,Charlotte,Martin,charlotte.martin@business.net,+1-679-858-9605,Acme Corp,Product Manager,Jacksonville,United States
1681,Emma,Lopez,emma.lopez@gmail.com,+1-566-882-1778,CloudTech Pro,Marketing Manager,Los Angeles,Brazil
1682,Harper,Garcia,harper.garcia@gmail.com,+1-529-417-7372,Innovation Labs,Software Engineer,San Diego,Japan
1683,Liam,Miller,liam.miller@gmail.com,+1-432-407-1875,Digital Dynamics,Product Manager,Los Angeles,France
1684,Liam,Johnson,liam.johnson@company.com,+1-226-371-4505,Global Solutions,Software Engineer,San Jose,Germany
1685,Olivia,Rodriguez,olivia.rodriguez@business.net,+1-793-802-1480,TechStart Inc,Product Manager,Houston,Mexico
1686,James,Jones,james.jones@outlook.com,+1-217-508-5395,Global Solutions,Product Manager,Philadelphia,Japan
1687,Harper,Jones,harper.jones@business.net,+1-930-584-7390,Future Enterprises,Product Manager,Los Angeles,Brazil
1688,Noah,Miller,noah.miller@gmail.com,+1-857-263-1713,CloudTech Pro,HR Specialist,New York,Mexico
1689,Isabella,Martinez,isabella.martinez@gmail.com,+1-874-941-6107,CloudTech Pro,Sales Representative,Fort Worth,Australia
1690,Olivia,Taylor,olivia.taylor@work.org,+1-466-956-6780,Global Solutions,Data Analyst,San Jose,Mexico
1691,Liam,Hernandez,liam.hernandez@company.com,+1-527-741-8309,CloudTech Pro,Project Manager,San Jose,Australia
1692,Noah,Martin,noah.martin@yahoo.com,+1-988-168-9241,Smart Analytics,Marketing Manager,San Jose,India
1693,Liam,Smith,liam.smith@gmail.com,+1-843-736-2836,Future Enterprises,Sales Representative,Columbus,Germany
1694,Charlotte,Brown,charlotte.brown@work.org,+1-669-105-3809,Future Enterprises,Software Engineer,New York,India
1695,Isabella,Taylor,isabella.taylor@gmail.com,+1-990-463-9611,NextGen Software,HR Specialist,Phoenix,Canada
1696,Isabella,Thomas,isabella.thomas@business.net,+1-343-237-8804,TechStart Inc,Product Manager,Dallas,United States
1697,Ava,Martin,ava.martin@work.org,+1-403-424-7824,Digital Dynamics,Sales Representative,Phoenix,France
1698,Mia,Taylor,mia.taylor@company.com,+1-356-229-4889,Acme Corp,DevOps Engineer,Columbus,Mexico
1699,Noah,Garcia,noah.garcia@hotmail.com,+1-622-634-1348,Digital Dynamics,DevOps Engineer,Houston,Australia
1700,Sophia,Moore,sophia.moore@company.com,+1-305-757-4023,Future Enterprises,Sales Representative,Jacksonville,Germany
1701,William,Anderson,william.anderson@work.org,+1-953-473-1226,TechStart Inc,Financial Analyst,San Antonio,France
1702,Harper,Lopez,harper.lopez@business.net,+1-338-728-8459,Digital Dynamics,UX Designer,San Jose,Australia
1703,Benjamin,Garcia,benjamin.garcia@hotmail.com,+1-669-251-3012,Acme Corp,Project Manager,Philadelphia,United Kingdom
1704,Sophia,Lopez,sophia.lopez@business.net,+1-345-808-2638,NextGen Software,Marketing Manager,Austin,United Kingdom
1705,Ava,Davis,ava.davis@hotmail.com,+1-930-173-9484,Future Enterprises,DevOps Engineer,Columbus,Australia
1706,Noah,Anderson,noah.anderson@business.net,+1-626-268-1641,Global Solutions,Sales Representative,Chicago,India
1707,Ava,Johnson,ava.johnson@hotmail.com,+1-412-541-2244,Smart Analytics,Sales Representative,Houston,Germany
1708,Alexander,Jackson,alexander.jackson@business.net,+1-258-830-3380,Smart Analytics,DevOps Engineer,Philadelphia,Canada
1709,Lucas,Smith,lucas.smith@yahoo.com,+1-682-755-3297,Innovation Labs,Data Analyst,Fort Worth,Australia
1710,Ava,Martin,ava.martin@business.net,+1-333-457-9018,DataFlow Systems,DevOps Engineer,San Jose,Australia
1711,Ava,Jones,ava.jones@yahoo.com,+1-477-886-4099,Acme Corp,HR Specialist,Chicago,Germany
1712,Alexander,Jackson,alexander.jackson@work.org,+1-380-890-8817,CloudTech Pro,UX Designer,Phoenix,France
1713,Sophia,Martin,sophia.martin@work.org,+1-895-448-5607,Innovation Labs,DevOps Engineer,New York,Japan
1714,Noah,Jones,noah.jones@gmail.com,+1-431-972-9078,Future Enterprises,Software Engineer,Columbus,Japan
1715,Charlotte,Gonzalez,charlotte.gonzalez@company.com,+1-691-381-5595,DataFlow Systems,Project Manager,New York,United Kingdom
1716,Mason,Brown,mason.brown@outlook.com,+1-202-634-3358,Global Solutions,Data Analyst,San Jose,Germany
1717,Ava,Martinez,ava.martinez@company.com,+1-860-556-9655,TechStart Inc,Software Engineer,Fort Worth,Brazil
1718,Olivia,Wilson,olivia.wilson@work.org,+1-351-570-4092,Future Enterprises,UX Designer,San Antonio,Canada
1719,William,Moore,william.moore@business.net,+1-471-179-3583,CloudTech Pro,Software Engineer,Houston,United Kingdom
1720,Ethan,Jones,ethan.jones@outlook.com,+1-288-535-4075,Future Enterprises,Project Manager,Chicago,France
1721,Isabella,Wilson,isabella.wilson@business.net,+1-878-103-5376,CloudTech Pro,DevOps Engineer,San Diego,United Kingdom
1722,James,Smith,james.smith@business.net,+1-317-898-1259,Smart Analytics,HR Specialist,Los Angeles,United Kingdom
1723,Sophia,Davis,sophia.davis@work.org,+1-617-267-6114,DataFlow Systems,Data Analyst,Dallas,Canada
1724,Mia,Moore,mia.moore@company.com,+1-439-824-9561,CloudTech Pro,Financial Analyst,Philadelphia,France
1725,Emma,Hernandez,emma.hernandez@hotmail.com,+1-774-491-5434,Digital Dynamics,Product Manager,Philadelphia,Germany
1726,Liam,Rodriguez,liam.rodriguez@business.net,+1-832-967-7404,Innovation Labs,UX Designer,Austin,United States
1727,Lucas,Martin,lucas.martin@hotmail.com,+1-531-713-9027,DataFlow Systems,UX Designer,Austin,United Kingdom
1728,Evelyn,Brown,evelyn.brown@work.org,+1-414-809-9423,NextGen Software,DevOps Engineer,Philadelphia,Mexico
1729,Amelia,Thomas,amelia.thomas@company.com,+1-211-167-1899,Digital Dynamics,Product Manager,Charlotte,United Kingdom
1730,William,Johnson,william.johnson@company.com,+1-617-118-1033,Future Enterprises,DevOps Engineer,New York,Germany
1731,Emma,Davis,emma.davis@hotmail.com,+1-763-136-2161,Smart Analytics,Financial Analyst,Charlotte,France
1732,Mason,Smith,mason.smith@yahoo.com,+1-440-547-4534,Global Solutions,Financial Analyst,San Antonio,Germany
1733,Olivia,Johnson,olivia.johnson@work.org,+1-365-661-5482,CloudTech Pro,Data Analyst,San Diego,Brazil
1734,Emma,Gonzalez,emma.gonzalez@business.net,+1-353-462-3152,Smart Analytics,Financial Analyst,Los Angeles,United States
1735,Amelia,Johnson,amelia.johnson@hotmail.com,+1-373-892-4555,NextGen Software,DevOps Engineer,Houston,Brazil
1736,Harper,Moore,harper.moore@gmail.com,+1-281-635-5153,TechStart Inc,Marketing Manager,Houston,Canada
1737,Amelia,Johnson,amelia.johnson@work.org,+1-696-659-8663,Future Enterprises,Data Analyst,Chicago,United States
1738,Oliver,Anderson,oliver.anderson@yahoo.com,+1-906-942-4425,CloudTech Pro,HR Specialist,Columbus,Mexico
1739,Lucas,Rodriguez,lucas.rodriguez@outlook.com,+1-422-137-1071,Smart Analytics,DevOps Engineer,Los Angeles,India
1740,Oliver,Jones,oliver.jones@business.net,+1-452-873-2444,CloudTech Pro,Product Manager,Dallas,Australia
1741,Ava,Davis,ava.davis@hotmail.com,+1-535-296-3810,Digital Dynamics,Financial Analyst,Dallas,India
1742,Charlotte,Jackson,charlotte.jackson@hotmail.com,+1-903-232-9036,TechStart Inc,HR Specialist,San Antonio,Germany
1743,Mason,Gonzalez,mason.gonzalez@gmail.com,+1-480-604-3301,Innovation Labs,Marketing Manager,San Diego,Japan
1744,Alexander,Moore,alexander.moore@yahoo.com,+1-666-415-5050,CloudTech Pro,Product Manager,New York,United States
1745,Alexander,Taylor,alexander.taylor@work.org,+1-996-696-8166,Smart Analytics,Product Manager,San Antonio,France
1746,Lucas,Lopez,lucas.lopez@yahoo.com,+1-265-896-7810,Digital Dynamics,DevOps Engineer,Dallas,United Kingdom
1747,Olivia,Jackson,olivia.jackson@hotmail.com,+1-991-423-2272,DataFlow Systems,Project Manager,Phoenix,United States
1748,Isabella,Smith,isabella.smith@yahoo.com,+1-334-572-6734,Smart Analytics,Product Manager,Jacksonville,Australia
1749,James,Thomas,james.thomas@company.com,+1-527-925-2261,Global Solutions,DevOps Engineer,San Antonio,United States
1750,Ethan,Miller,ethan.miller@gmail.com,+1-280-648-7122,Smart Analytics,HR Specialist,Jacksonville,United States
1751,Liam,Davis,liam.davis@yahoo.com,+1-213-687-3884,Global Solutions,HR Specialist,Los Angeles,Brazil
1752,Mia,Smith,mia.smith@yahoo.com,+1-999-928-1941,Innovation Labs,Project Manager,Chicago,Canada
1753,Sophia,Miller,sophia.miller@company.com,+1-967-598-2201,Smart Analytics,Software Engineer,Dallas,Germany
1754,Mia,Gonzalez,mia.gonzalez@company.com,+1-964-520-1493,Global Solutions,Data Analyst,Columbus,United States
1755,Ava,Garcia,ava.garcia@work.org,+1-240-859-2416,Acme Corp,Marketing Manager,Phoenix,United States
1756,Mason,Anderson,mason.anderson@hotmail.com,+1-590-365-8343,NextGen Software,Data Analyst,Houston,Brazil
1757,Ethan,Martin,ethan.martin@company.com,+1-378-406-5788,Digital Dynamics,Data Analyst,Chicago,Australia
1758,Isabella,Martinez,isabella.martinez@outlook.com,+1-781-422-1158,Innovation Labs,Sales Representative,San Diego,Mexico
1759,Liam,Hernandez,liam.hernandez@gmail.com,+1-473-444-9175,Smart Analytics,Marketing Manager,Jacksonville,India
1760,Amelia,Thomas,amelia.thomas@yahoo.com,+1-238-885-2257,Global Solutions,UX Designer,Chicago,Japan
1761,Mia,Martinez,mia.martinez@company.com,+1-591-263-5937,Innovation Labs,DevOps Engineer,Chicago,Brazil
1762,Ethan,Moore,ethan.moore@yahoo.com,+1-717-105-1584,Innovation Labs,Sales Representative,Dallas,Mexico
1763,Liam,Johnson,liam.johnson@gmail.com,+1-530-461-5546,NextGen Software,Data Analyst,Philadelphia,United States
1764,Benjamin,Brown,benjamin.brown@outlook.com,+1-863-853-9634,Future Enterprises,Sales Representative,San Antonio,Brazil
1765,Liam,Jones,liam.jones@yahoo.com,+1-850-341-6880,Global Solutions,Financial Analyst,Austin,United States
1766,Mia,Williams,mia.williams@gmail.com,+1-481-978-6106,Digital Dynamics,Sales Representative,Philadelphia,Mexico
1767,Lucas,Moore,lucas.moore@company.com,+1-737-538-3194,DataFlow Systems,Product Manager,Austin,Brazil
1768,Amelia,Lopez,amelia.lopez@yahoo.com,+1-627-632-9470,TechStart Inc,Marketing Manager,Los Angeles,India
1769,Alexander,Lopez,alexander.lopez@hotmail.com,+1-664-125-2608,Digital Dynamics,Software Engineer,Chicago,France
1770,Isabella,Smith,isabella.smith@company.com,+1-377-944-8199,Acme Corp,UX Designer,San Antonio,Japan
1771,Liam,Garcia,liam.garcia@company.com,+1-599-368-9184,Innovation Labs,Financial Analyst,Dallas,Australia
1772,Amelia,Taylor,amelia.taylor@outlook.com,+1-344-311-2482,Global Solutions,HR Specialist,Los Angeles,Mexico
1773,Benjamin,Garcia,benjamin.garcia@gmail.com,+1-894-105-1846,Future Enterprises,Project Manager,San Jose,Germany
1774,William,Moore,william.moore@company.com,+1-962-895-7755,CloudTech Pro,Project Manager,Columbus,United Kingdom
1775,Evelyn,Wilson,evelyn.wilson@yahoo.com,+1-323-153-6138,Global Solutions,Software Engineer,Los Angeles,United States
1776,Charlotte,Rodriguez,charlotte.rodriguez@outlook.com,+1-455-504-1094,Global Solutions,Product Manager,San Diego,Japan
1777,Alexander,Brown,alexander.brown@yahoo.com,+1-643-868-3703,Future Enterprises,Product Manager,Fort Worth,Mexico
1778,Emma,Lopez,emma.lopez@work.org,+1-654-207-7110,Future Enterprises,Software Engineer,Jacksonville,India
1779,Oliver,Davis,oliver.davis@yahoo.com,+1-250-400-8052,Global Solutions,Product Manager,Philadelphia,Japan
1780,Lucas,Martin,lucas.martin@outlook.com,+1-753-128-2289,Innovation Labs,Software Engineer,Charlotte,United Kingdom
1781,Evelyn,Thomas,evelyn.thomas@company.com,+1-430-528-1647,DataFlow Systems,DevOps Engineer,Jacksonville,Australia
1782,Liam,Thomas,liam.thomas@yahoo.com,+1-895-567-9106,NextGen Software,Software Engineer,Los Angeles,Japan
1783,William,Garcia,william.garcia@yahoo.com,+1-621-707-8227,NextGen Software,HR Specialist,Los Angeles,Mexico
1784,Noah,Brown,noah.brown@business.net,+1-751-914-6717,NextGen Software,DevOps Engineer,San Antonio,Canada
1785,Mia,Smith,mia.smith@work.org,+1-311-326-7988,Global Solutions,HR Specialist,Philadelphia,Brazil
1786,Mia,Brown,mia.brown@work.org,+1-574-679-8222,Smart Analytics,Product Manager,Houston,Japan
1787,William,Rodriguez,william.rodriguez@hotmail.com,+1-837-489-9720,Future Enterprises,Data Analyst,Dallas,France
1788,Mia,Wilson,mia.wilson@work.org,+1-593-500-3185,Digital Dynamics,Financial Analyst,Dallas,United Kingdom
1789,Amelia,Martinez,amelia.martinez@gmail.com,+1-456-502-7809,Smart Analytics,Sales Representative,New York,Canada
1790,Lucas,Jackson,lucas.jackson@company.com,+1-335-741-5309,Innovation Labs,Financial Analyst,Chicago,Canada
1791,James,Martinez,james.martinez@gmail.com,+1-904-359-1507,NextGen Software,HR Specialist,San Antonio,India
1792,Ethan,Moore,ethan.moore@business.net,+1-380-323-6996,DataFlow Systems,Software Engineer,Houston,Canada
1793,James,Jackson,james.jackson@hotmail.com,+1-882-163-8379,Innovation Labs,Marketing Manager,San Diego,Japan
1794,Isabella,Taylor,isabella.taylor@hotmail.com,+1-511-115-1963,TechStart Inc,Sales Representative,Chicago,Brazil
1795,Evelyn,Johnson,evelyn.johnson@business.net,+1-312-117-4805,CloudTech Pro,Marketing Manager,Charlotte,Mexico
1796,Oliver,Martin,oliver.martin@outlook.com,+1-614-505-5995,CloudTech Pro,Sales Representative,San Diego,Germany
1797,Benjamin,Miller,benjamin.miller@business.net,+1-244-883-5829,Future Enterprises,Product Manager,Jacksonville,France
1798,Ava,Martinez,ava.martinez@hotmail.com,+1-932-689-8915,Acme Corp,Financial Analyst,Philadelphia,United States
1799,Alexander,Jackson,alexander.jackson@work.org,+1-548-572-2780,CloudTech Pro,UX Designer,Chicago,United Kingdom
1800,Alexander,Rodriguez,alexander.rodriguez@company.com,+1-661-181-4612,CloudTech Pro,Sales Representative,San Diego,Brazil
1801,Olivia,Rodriguez,olivia.rodriguez@work.org,+1-973-925-3158,Innovation Labs,Data Analyst,Jacksonville,United States
1802,William,Garcia,william.garcia@work.org,+1-304-213-8197,TechStart Inc,Marketing Manager,New York,Brazil
1803,Noah,Miller,noah.miller@yahoo.com,+1-683-265-3964,DataFlow Systems,Project Manager,Houston,Mexico
1804,Ava,Thomas,ava.thomas@business.net,+1-265-843-1555,Digital Dynamics,Project Manager,Austin,Canada
1805,Amelia,Taylor,amelia.taylor@work.org,+1-552-520-5241,Global Solutions,DevOps Engineer,Columbus,United Kingdom
1806,Amelia,Moore,amelia.moore@gmail.com,+1-754-547-7636,Smart Analytics,Data Analyst,Houston,Brazil
1807,Oliver,Jackson,oliver.jackson@company.com,+1-349-776-6827,CloudTech Pro,DevOps Engineer,Austin,United Kingdom
1808,Oliver,Jackson,oliver.jackson@business.net,+1-827-891-9795,NextGen Software,Data Analyst,Columbus,Canada
1809,Oliver,Thomas,oliver.thomas@gmail.com,+1-720-233-4859,NextGen Software,Financial Analyst,Dallas,United States
1810,Ethan,Miller,ethan.miller@outlook.com,+1-989-312-8468,Acme Corp,Financial Analyst,Chicago,United States
1811,Liam,Miller,liam.miller@outlook.com,+1-723-817-3888,Global Solutions,Product Manager,San Diego,Australia
1812,Amelia,Moore,amelia.moore@work.org,+1-780-202-6866,Smart Analytics,Product Manager,San Jose,Australia
1813,William,Brown,william.brown@business.net,+1-211-174-8542,Future Enterprises,Project Manager,Jacksonville,France
1814,Mia,Williams,mia.williams@hotmail.com,+1-288-131-7081,Smart Analytics,HR Specialist,San Diego,Germany
1815,William,Brown,william.brown@yahoo.com,+1-471-345-4230,Innovation Labs,Product Manager,Columbus,United Kingdom
1816,Oliver,Anderson,oliver.anderson@business.net,+1-400-392-6470,NextGen Software,HR Specialist,Dallas,Canada
1817,Mia,Thomas,mia.thomas@outlook.com,+1-625-866-9601,Global Solutions,Financial Analyst,Columbus,Germany
1818,Harper,Lopez,harper.lopez@work.org,+1-638-655-2699,Acme Corp,Sales Representative,San Diego,Mexico
1819,Harper,Anderson,harper.anderson@hotmail.com,+1-969-923-3512,Innovation Labs,HR Specialist,Los Angeles,France
1820,Ethan,Anderson,ethan.anderson@outlook.com,+1-278-300-4274,Acme Corp,DevOps Engineer,San Antonio,Canada
1821,Alexander,Williams,alexander.williams@outlook.com,+1-656-962-4864,Future Enterprises,Product Manager,San Jose,United Kingdom
1822,Harper,Jackson,harper.jackson@company.com,+1-783-527-3008,NextGen Software,UX Designer,Chicago,Canada
1823,Olivia,Hernandez,olivia.hernandez@outlook.com,+1-485-674-6059,Acme Corp,Product Manager,Columbus,Australia
1824,Emma,Martinez,emma.martinez@work.org,+1-921-781-7818,NextGen Software,UX Designer,San Jose,Canada
1825,Olivia,Jones,olivia.jones@work.org,+1-310-689-6649,Digital Dynamics,Marketing Manager,San Jose,Mexico
1826,Amelia,Rodriguez,amelia.rodriguez@yahoo.com,+1-207-930-2892,CloudTech Pro,Marketing Manager,San Jose,India
1827,Amelia,Brown,amelia.brown@work.org,+1-331-614-8392,Innovation Labs,Sales Representative,Phoenix,France
1828,Lucas,Davis,lucas.davis@gmail.com,+1-542-885-7157,Smart Analytics,Software Engineer,San Antonio,France
1829,Sophia,Thomas,sophia.thomas@business.net,+1-494-731-5071,Acme Corp,DevOps Engineer,San Diego,Mexico
1830,Lucas,Martin,lucas.martin@outlook.com,+1-286-580-2474,DataFlow Systems,Financial Analyst,Chicago,United Kingdom
1831,William,Moore,william.moore@yahoo.com,+1-310-763-7372,NextGen Software,UX Designer,Austin,Canada
1832,Charlotte,Jackson,charlotte.jackson@yahoo.com,+1-528-498-6432,NextGen Software,Financial Analyst,Los Angeles,Mexico
1833,Oliver,Anderson,oliver.anderson@work.org,+1-855-829-4211,Global Solutions,Financial Analyst,Phoenix,Japan
1834,Lucas,Jones,lucas.jones@yahoo.com,+1-695-498-6665,Digital Dynamics,Software Engineer,Austin,Canada
1835,Charlotte,Rodriguez,charlotte.rodriguez@outlook.com,+1-861-839-6972,TechStart Inc,DevOps Engineer,Charlotte,Germany
1836,Amelia,Wilson,amelia.wilson@business.net,+1-946-691-2317,Smart Analytics,UX Designer,Houston,Brazil
1837,Liam,Jones,liam.jones@business.net,+1-622-474-5991,TechStart Inc,Data Analyst,Austin,United States
1838,Ethan,Johnson,ethan.johnson@business.net,+1-870-692-8764,Smart Analytics,Project Manager,Columbus,Germany
1839,Harper,Jackson,harper.jackson@yahoo.com,+1-861-556-2931,TechStart Inc,Software Engineer,San Diego,United Kingdom
1840,Noah,Gonzalez,noah.gonzalez@company.com,+1-510-343-9763,CloudTech Pro,HR Specialist,Philadelphia,Mexico
1841,James,Hernandez,james.hernandez@work.org,+1-484-530-7091,CloudTech Pro,Sales Representative,Austin,India
1842,Liam,Anderson,liam.anderson@business.net,+1-567-692-8018,DataFlow Systems,DevOps Engineer,Los Angeles,France
1843,Lucas,Thomas,lucas.thomas@outlook.com,+1-668-591-8366,CloudTech Pro,UX Designer,Austin,France
1844,Olivia,Johnson,olivia.johnson@outlook.com,+1-507-705-4652,Acme Corp,DevOps Engineer,Columbus,Germany
1845,Isabella,Jones,isabella.jones@hotmail.com,+1-417-702-8162,Innovation Labs,UX Designer,Austin,France
1846,Benjamin,Moore,benjamin.moore@outlook.com,+1-599-663-8736,Smart Analytics,HR Specialist,Fort Worth,Germany
1847,Amelia,Wilson,amelia.wilson@hotmail.com,+1-621-140-1080,Smart Analytics,Project Manager,Columbus,United States
1848,Sophia,Jackson,sophia.jackson@work.org,+1-827-642-1103,CloudTech Pro,Sales Representative,Houston,Mexico
1849,Mia,Martin,mia.martin@yahoo.com,+1-882-479-5839,DataFlow Systems,DevOps Engineer,San Antonio,Mexico
1850,Mia,Miller,mia.miller@work.org,+1-373-467-1333,CloudTech Pro,Sales Representative,San Antonio,France
1851,Oliver,Martinez,oliver.martinez@gmail.com,+1-228-307-5078,Global Solutions,Financial Analyst,Jacksonville,Japan
1852,William,Rodriguez,william.rodriguez@outlook.com,+1-965-945-8897,Digital Dynamics,Project Manager,Philadelphia,France
1853,Noah,Davis,noah.davis@hotmail.com,+1-781-812-3601,NextGen Software,Financial Analyst,Fort Worth,United States
1854,Mia,Davis,mia.davis@hotmail.com,+1-284-134-2945,DataFlow Systems,Data Analyst,Dallas,Australia
1855,Evelyn,Moore,evelyn.moore@work.org,+1-886-339-9665,Acme Corp,Sales Representative,Fort Worth,Germany
1856,Emma,Gonzalez,emma.gonzalez@hotmail.com,+1-605-616-7079,CloudTech Pro,Project Manager,Charlotte,United States
1857,Oliver,Gonzalez,oliver.gonzalez@work.org,+1-601-533-8537,DataFlow Systems,UX Designer,Jacksonville,France
1858,James,Martinez,james.martinez@work.org,+1-618-119-9923,Digital Dynamics,Marketing Manager,San Diego,Mexico
1859,Amelia,Smith,amelia.smith@business.net,+1-533-202-5779,Smart Analytics,HR Specialist,San Diego,Brazil
1860,Emma,Rodriguez,emma.rodriguez@work.org,+1-980-833-9646,Innovation Labs,Sales Representative,Philadelphia,Canada
1861,Mia,Williams,mia.williams@company.com,+1-353-552-1339,TechStart Inc,Project Manager,Jacksonville,Germany
1862,Sophia,Jones,sophia.jones@business.net,+1-766-255-7084,Acme Corp,Marketing Manager,Jacksonville,United States
1863,Lucas,Jackson,lucas.jackson@gmail.com,+1-753-146-9743,NextGen Software,Project Manager,Charlotte,United States
1864,Alexander,Brown,alexander.brown@work.org,+1-463-937-7548,Acme Corp,Marketing Manager,Austin,United States
1865,Emma,Jones,emma.jones@yahoo.com,+1-316-853-4136,Global Solutions,Financial Analyst,New York,Brazil
1866,Lucas,Taylor,lucas.taylor@business.net,+1-674-413-3381,TechStart Inc,Product Manager,Austin,United Kingdom
1867,Amelia,Rodriguez,amelia.rodriguez@yahoo.com,+1-326-935-1702,Global Solutions,Marketing Manager,Houston,Canada
1868,Harper,Williams,harper.williams@business.net,+1-714-307-8040,Acme Corp,Marketing Manager,San Diego,Canada
1869,Alexander,Johnson,alexander.johnson@work.org,+1-761-933-8989,Global Solutions,Project Manager,San Jose,United Kingdom
1870,Olivia,Smith,olivia.smith@hotmail.com,+1-302-247-3294,Smart Analytics,Product Manager,San Jose,Australia
1871,Ethan,Gonzalez,ethan.gonzalez@business.net,+1-425-162-1009,Innovation Labs,Data Analyst,Houston,United States
1872,James,Rodriguez,james.rodriguez@hotmail.com,+1-721-868-9852,Digital Dynamics,Project Manager,Fort Worth,Germany
1873,Lucas,Johnson,lucas.johnson@hotmail.com,+1-907-239-4400,DataFlow Systems,Software Engineer,Dallas,United States
1874,Mason,Johnson,mason.johnson@hotmail.com,+1-902-121-4838,Future Enterprises,UX Designer,Philadelphia,France
1875,Amelia,Martin,amelia.martin@work.org,+1-460-982-4125,CloudTech Pro,Data Analyst,Fort Worth,Germany
1876,Mia,Hernandez,mia.hernandez@hotmail.com,+1-315-205-3470,CloudTech Pro,Marketing Manager,Philadelphia,Germany
1877,Olivia,Hernandez,olivia.hernandez@work.org,+1-746-784-5979,DataFlow Systems,HR Specialist,Jacksonville,Japan
1878,Harper,Davis,harper.davis@yahoo.com,+1-392-303-4402,CloudTech Pro,Product Manager,Dallas,Japan
1879,Ethan,Smith,ethan.smith@gmail.com,+1-572-866-8188,Smart Analytics,HR Specialist,Philadelphia,France
1880,Harper,Miller,harper.miller@business.net,+1-404-224-4560,DataFlow Systems,Sales Representative,Jacksonville,Mexico
1881,Oliver,Thomas,oliver.thomas@outlook.com,+1-928-461-7992,DataFlow Systems,HR Specialist,San Antonio,Australia
1882,William,Hernandez,william.hernandez@work.org,+1-216-429-2427,Innovation Labs,Financial Analyst,Charlotte,Brazil
1883,Alexander,Lopez,alexander.lopez@yahoo.com,+1-320-878-2912,Future Enterprises,Project Manager,San Diego,Japan
1884,William,Rodriguez,william.rodriguez@outlook.com,+1-741-936-2150,TechStart Inc,Marketing Manager,Phoenix,Mexico
1885,Charlotte,Williams,charlotte.williams@gmail.com,+1-665-522-5144,Innovation Labs,Marketing Manager,San Diego,Mexico
1886,Harper,Gonzalez,harper.gonzalez@company.com,+1-411-555-5794,Acme Corp,Marketing Manager,San Antonio,United Kingdom
1887,Noah,Anderson,noah.anderson@gmail.com,+1-370-545-1811,CloudTech Pro,DevOps Engineer,Phoenix,France
1888,Mia,Martin,mia.martin@outlook.com,+1-799-310-3790,Future Enterprises,Data Analyst,Charlotte,Germany
1889,Sophia,Lopez,sophia.lopez@gmail.com,+1-685-885-4794,Acme Corp,DevOps Engineer,Charlotte,Japan
1890,Ava,Gonzalez,ava.gonzalez@business.net,+1-284-932-7296,Acme Corp,Product Manager,Fort Worth,India
1891,Amelia,Rodriguez,amelia.rodriguez@company.com,+1-596-622-7611,Future Enterprises,DevOps Engineer,Phoenix,Brazil
1892,Evelyn,Moore,evelyn.moore@gmail.com,+1-807-570-5311,Digital Dynamics,DevOps Engineer,Houston,India
1893,James,Garcia,james.garcia@business.net,+1-317-529-8576,DataFlow Systems,Marketing Manager,San Antonio,France
1894,Sophia,Rodriguez,sophia.rodriguez@gmail.com,+1-244-984-7621,Digital Dynamics,Product Manager,Houston,Japan
1895,Benjamin,Williams,benjamin.williams@hotmail.com,+1-440-154-1466,DataFlow Systems,Project Manager,San Jose,France
1896,Oliver,Jones,oliver.jones@outlook.com,+1-269-116-1317,Digital Dynamics,DevOps Engineer,Houston,Canada
1897,Charlotte,Taylor,charlotte.taylor@company.com,+1-308-404-5453,Smart Analytics,Marketing Manager,Jacksonville,France
1898,Emma,Martin,emma.martin@yahoo.com,+1-662-343-5077,CloudTech Pro,UX Designer,Philadelphia,Japan
1899,Olivia,Jackson,olivia.jackson@work.org,+1-650-692-6972,NextGen Software,Project Manager,Fort Worth,United Kingdom
1900,Ava,Jones,ava.jones@hotmail.com,+1-853-627-1167,Global Solutions,Project Manager,New York,Australia
1901,Sophia,Gonzalez,sophia.gonzalez@business.net,+1-499-773-4417,TechStart Inc,UX Designer,Philadelphia,Germany
1902,Liam,Martinez,liam.martinez@business.net,+1-325-884-8145,Global Solutions,Product Manager,New York,India
1903,Mason,Brown,mason.brown@business.net,+1-647-635-2695,Smart Analytics,Sales Representative,San Antonio,Japan
1904,William,Moore,william.moore@work.org,+1-237-593-6641,Global Solutions,Sales Representative,Columbus,France
1905,James,Anderson,james.anderson@yahoo.com,+1-591-206-9489,TechStart Inc,Data Analyst,San Jose,Canada
1906,Oliver,Taylor,oliver.taylor@gmail.com,+1-689-696-3342,NextGen Software,UX Designer,San Antonio,United Kingdom
1907,Olivia,Hernandez,olivia.hernandez@hotmail.com,+1-969-862-8669,Acme Corp,UX Designer,Dallas,India
1908,Alexander,Garcia,alexander.garcia@hotmail.com,+1-670-849-9407,TechStart Inc,Data Analyst,San Antonio,Australia
1909,Harper,Garcia,harper.garcia@company.com,+1-835-823-8285,TechStart Inc,UX Designer,Jacksonville,Brazil
1910,Mason,Martinez,mason.martinez@company.com,+1-308-335-4968,Smart Analytics,Marketing Manager,Columbus,Japan
1911,Mason,Jackson,mason.jackson@gmail.com,+1-261-331-4187,Smart Analytics,UX Designer,Los Angeles,United States
1912,Emma,Martin,emma.martin@yahoo.com,+1-286-627-6786,Smart Analytics,UX Designer,Chicago,Brazil
1913,James,Wilson,james.wilson@yahoo.com,+1-289-356-4415,CloudTech Pro,Marketing Manager,Jacksonville,India
1914,Ava,Garcia,ava.garcia@yahoo.com,+1-566-640-6999,Future Enterprises,Marketing Manager,Columbus,Australia
1915,Liam,Johnson,liam.johnson@business.net,+1-876-735-6843,Global Solutions,Product Manager,Los Angeles,United States
1916,Evelyn,Davis,evelyn.davis@company.com,+1-397-265-1245,TechStart Inc,Data Analyst,Columbus,United Kingdom
1917,Alexander,Johnson,alexander.johnson@business.net,+1-951-415-9665,DataFlow Systems,DevOps Engineer,Houston,Brazil
1918,Isabella,Thomas,isabella.thomas@business.net,+1-991-997-8759,Smart Analytics,Marketing Manager,San Antonio,France
1919,Mason,Moore,mason.moore@gmail.com,+1-511-262-1736,Innovation Labs,Product Manager,Jacksonville,India
1920,Liam,Lopez,liam.lopez@outlook.com,+1-560-377-2446,Future Enterprises,Product Manager,Austin,Japan
1921,Benjamin,Anderson,benjamin.anderson@outlook.com,+1-240-452-9444,CloudTech Pro,Data Analyst,New York,Mexico
1922,Emma,Davis,emma.davis@outlook.com,+1-618-256-7932,TechStart Inc,Financial Analyst,Phoenix,United Kingdom
1923,Evelyn,Brown,evelyn.brown@yahoo.com,+1-904-211-3026,TechStart Inc,Project Manager,Los Angeles,India
1924,Oliver,Williams,oliver.williams@company.com,+1-629-120-9705,Innovation Labs,Product Manager,Columbus,United Kingdom
1925,Emma,Jones,emma.jones@work.org,+1-386-940-2867,Future Enterprises,Product Manager,Jacksonville,India
1926,Charlotte,Jackson,charlotte.jackson@outlook.com,+1-336-983-5209,Acme Corp,Financial Analyst,New York,Brazil
1927,Isabella,Garcia,isabella.garcia@gmail.com,+1-297-277-7919,CloudTech Pro,Financial Analyst,San Jose,Brazil
1928,Sophia,Brown,sophia.brown@work.org,+1-847-876-4778,Future Enterprises,UX Designer,Columbus,Brazil
1929,Evelyn,Smith,evelyn.smith@work.org,+1-873-805-3043,CloudTech Pro,DevOps Engineer,Fort Worth,Japan
1930,Ethan,Rodriguez,ethan.rodriguez@hotmail.com,+1-654-802-1536,Future Enterprises,Project Manager,New York,Australia
1931,Oliver,Hernandez,oliver.hernandez@work.org,+1-483-773-2292,Digital Dynamics,Sales Representative,Columbus,India
1932,Oliver,Lopez,oliver.lopez@gmail.com,+1-567-616-9836,DataFlow Systems,Project Manager,Los Angeles,Mexico
1933,Mason,Thomas,mason.thomas@yahoo.com,+1-743-710-6150,Innovation Labs,Product Manager,Phoenix,Brazil
1934,Liam,Moore,liam.moore@outlook.com,+1-401-843-7513,CloudTech Pro,Financial Analyst,Los Angeles,Germany
1935,Alexander,Johnson,alexander.johnson@business.net,+1-839-146-3082,Innovation Labs,UX Designer,San Jose,Canada
1936,Oliver,Martinez,oliver.martinez@business.net,+1-319-562-6737,Innovation Labs,Financial Analyst,San Antonio,Canada
1937,William,Davis,william.davis@work.org,+1-619-247-3556,CloudTech Pro,DevOps Engineer,San Diego,United States
1938,Noah,Anderson,noah.anderson@hotmail.com,+1-549-399-4412,Innovation Labs,UX Designer,Philadelphia,Japan
1939,Amelia,Jackson,amelia.jackson@company.com,+1-279-329-9382,Innovation Labs,Sales Representative,Houston,Mexico
1940,Ethan,Davis,ethan.davis@hotmail.com,+1-240-761-8366,Global Solutions,Sales Representative,Dallas,Japan
1941,Emma,Rodriguez,emma.rodriguez@business.net,+1-645-985-1130,Acme Corp,HR Specialist,San Diego,Brazil
1942,Charlotte,Miller,charlotte.miller@gmail.com,+1-533-956-8000,CloudTech Pro,HR Specialist,Los Angeles,India
1943,Alexander,Rodriguez,alexander.rodriguez@business.net,+1-705-573-8459,Smart Analytics,Product Manager,Dallas,Germany
1944,William,Johnson,william.johnson@company.com,+1-297-188-6246,Innovation Labs,Marketing Manager,Chicago,India
1945,Isabella,Gonzalez,isabella.gonzalez@yahoo.com,+1-302-748-6105,Digital Dynamics,Marketing Manager,Chicago,India
1946,Isabella,Jackson,isabella.jackson@yahoo.com,+1-489-498-6255,DataFlow Systems,Sales Representative,Dallas,Japan
1947,Liam,Gonzalez,liam.gonzalez@hotmail.com,+1-326-839-6003,Innovation Labs,DevOps Engineer,New York,Brazil
1948,Oliver,Smith,oliver.smith@hotmail.com,+1-638-136-5934,DataFlow Systems,Data Analyst,San Antonio,Mexico
1949,Mason,Brown,mason.brown@work.org,+1-336-532-1881,CloudTech Pro,UX Designer,San Jose,United Kingdom
1950,Mia,Martinez,mia.martinez@outlook.com,+1-756-541-7242,TechStart Inc,Marketing Manager,San Diego,United States
1951,Harper,Lopez,harper.lopez@hotmail.com,+1-514-998-9603,Acme Corp,Sales Representative,Los Angeles,Canada
1952,Noah,Moore,noah.moore@hotmail.com,+1-979-980-2738,DataFlow Systems,UX Designer,Jacksonville,Canada
1953,Benjamin,Moore,benjamin.moore@outlook.com,+1-636-458-2767,Global Solutions,Financial Analyst,San Antonio,Canada
1954,William,Jones,william.jones@company.com,+1-457-783-6353,Innovation Labs,Financial Analyst,Columbus,United Kingdom
1955,Benjamin,Taylor,benjamin.taylor@yahoo.com,+1-777-255-3059,CloudTech Pro,Marketing Manager,Austin,Japan
1956,Ethan,Gonzalez,ethan.gonzalez@outlook.com,+1-212-939-4409,Digital Dynamics,Data Analyst,Jacksonville,Canada
1957,Evelyn,Moore,evelyn.moore@hotmail.com,+1-655-738-4524,DataFlow Systems,DevOps Engineer,Charlotte,Mexico
1958,Noah,Williams,noah.williams@business.net,+1-416-323-7856,Acme Corp,Financial Analyst,San Jose,United States
1959,Mason,Hernandez,mason.hernandez@outlook.com,+1-478-717-6375,DataFlow Systems,Marketing Manager,Houston,India
1960,Oliver,Smith,oliver.smith@work.org,+1-921-522-5220,Innovation Labs,DevOps Engineer,San Antonio,Australia
1961,Benjamin,Jackson,benjamin.jackson@gmail.com,+1-274-643-5512,Smart Analytics,Project Manager,Charlotte,United States
1962,Oliver,Smith,oliver.smith@business.net,+1-850-581-6222,Innovation Labs,Product Manager,Charlotte,Australia
1963,Ethan,Garcia,ethan.garcia@outlook.com,+1-918-289-1508,Smart Analytics,DevOps Engineer,Fort Worth,Australia
1964,William,Smith,william.smith@yahoo.com,+1-415-967-8244,Global Solutions,Software Engineer,San Jose,Germany
1965,James,Martin,james.martin@work.org,+1-811-415-7944,CloudTech Pro,DevOps Engineer,Charlotte,United States
1966,Lucas,Lopez,lucas.lopez@work.org,+1-672-663-1321,CloudTech Pro,Sales Representative,Fort Worth,India
1967,Noah,Wilson,noah.wilson@company.com,+1-440-561-9858,Innovation Labs,Data Analyst,Columbus,United States
1968,Mason,Brown,mason.brown@business.net,+1-961-533-1050,Future Enterprises,Software Engineer,New York,Brazil
1969,Liam,Brown,liam.brown@business.net,+1-714-318-7758,TechStart Inc,DevOps Engineer,New York,Canada
1970,Mia,Miller,mia.miller@outlook.com,+1-744-756-4531,DataFlow Systems,HR Specialist,San Antonio,Japan
1971,Ethan,Anderson,ethan.anderson@gmail.com,+1-251-921-1195,Future Enterprises,UX Designer,Dallas,Brazil
1972,Mason,Jackson,mason.jackson@company.com,+1-445-530-5473,NextGen Software,DevOps Engineer,Chicago,France
1973,Liam,Jones,liam.jones@gmail.com,+1-438-500-8717,Global Solutions,Marketing Manager,San Antonio,India
1974,Emma,Hernandez,emma.hernandez@business.net,+1-838-244-3049,TechStart Inc,DevOps Engineer,Phoenix,Australia
1975,Ava,Johnson,ava.johnson@company.com,+1-647-542-3840,Future Enterprises,Financial Analyst,Houston,Mexico
1976,Lucas,Miller,lucas.miller@work.org,+1-705-951-3199,Global Solutions,Financial Analyst,San Antonio,Mexico
1977,Oliver,Hernandez,oliver.hernandez@yahoo.com,+1-417-504-6071,Digital Dynamics,Data Analyst,Columbus,Mexico
1978,Harper,Davis,harper.davis@yahoo.com,+1-218-709-2924,CloudTech Pro,Financial Analyst,Jacksonville,United Kingdom
1979,Emma,Rodriguez,emma.rodriguez@gmail.com,+1-525-782-7477,Innovation Labs,Product Manager,Phoenix,Mexico
1980,Ava,Thomas,ava.thomas@yahoo.com,+1-386-755-6360,Digital Dynamics,Financial Analyst,San Jose,Canada
1981,Emma,Taylor,emma.taylor@gmail.com,+1-462-904-5809,Smart Analytics,Data Analyst,Fort Worth,United Kingdom
1982,Sophia,Anderson,sophia.anderson@outlook.com,+1-411-460-2938,DataFlow Systems,DevOps Engineer,San Diego,United Kingdom
1983,Harper,Wilson,harper.wilson@outlook.com,+1-816-305-6656,Future Enterprises,DevOps Engineer,San Diego,Japan
1984,William,Williams,william.williams@company.com,+1-245-544-7520,Acme Corp,DevOps Engineer,Los Angeles,India
1985,Evelyn,Moore,evelyn.moore@hotmail.com,+1-672-892-1669,NextGen Software,Sales Representative,San Antonio,Canada
1986,Ethan,Miller,ethan.miller@gmail.com,+1-458-624-9601,Future Enterprises,Financial Analyst,Jacksonville,India
1987,Emma,Gonzalez,emma.gonzalez@yahoo.com,+1-825-802-9005,Acme Corp,Data Analyst,Austin,France
1988,James,Smith,james.smith@company.com,+1-677-439-2903,TechStart Inc,DevOps Engineer,Fort Worth,Australia
1989,Alexander,Anderson,alexander.anderson@hotmail.com,+1-473-566-9268,Innovation Labs,DevOps Engineer,Philadelphia,Germany
1990,Lucas,Williams,lucas.williams@company.com,+1-668-397-5126,CloudTech Pro,Product Manager,Philadelphia,Mexico
1991,Benjamin,Jones,benjamin.jones@gmail.com,+1-495-655-5637,DataFlow Systems,DevOps Engineer,Dallas,Germany
1992,Ava,Johnson,ava.johnson@hotmail.com,+1-722-785-4573,DataFlow Systems,UX Designer,Charlotte,United States
1993,Ethan,Anderson,ethan.anderson@yahoo.com,+1-263-901-3447,Future Enterprises,Marketing Manager,San Jose,Brazil
1994,James,Lopez,james.lopez@gmail.com,+1-569-427-5395,Innovation Labs,DevOps Engineer,San Diego,Japan
1995,Noah,Anderson,noah.anderson@work.org,+1-503-213-6494,Innovation Labs,DevOps Engineer,Columbus,India
1996,Evelyn,Hernandez,evelyn.hernandez@work.org,+1-725-945-1799,DataFlow Systems,Software Engineer,New York,Canada
1997,Ava,Miller,ava.miller@company.com,+1-406-788-6333,CloudTech Pro,HR Specialist,San Antonio,United Kingdom
1998,Olivia,Anderson,olivia.anderson@gmail.com,+1-245-491-4973,TechStart Inc,Software Engineer,Philadelphia,United Kingdom
1999,Ethan,Hernandez,ethan.hernandez@yahoo.com,+1-240-308-8961,Smart Analytics,Sales Representative,Charlotte,Mexico
2000,Noah,Wilson,noah.wilson@business.net,+1-927-328-1023,Acme Corp,Sales Representative,Austin,Germany
2001,Emma,Gonzalez,emma.gonzalez@work.org,+1-914-251-5454,Acme Corp,Financial Analyst,New York,United Kingdom
2002,Charlotte,Jackson,charlotte.jackson@yahoo.com,+1-224-485-9781,Digital Dynamics,Product Manager,Columbus,Japan
2003,Alexander,Garcia,alexander.garcia@hotmail.com,+1-743-296-8094,Global Solutions,Software Engineer,Columbus,United Kingdom
2004,William,Moore,william.moore@business.net,+1-899-154-2581,Global Solutions,Software Engineer,Philadelphia,Australia
2005,Alexander,Rodriguez,alexander.rodriguez@hotmail.com,+1-264-257-6763,DataFlow Systems,Software Engineer,Philadelphia,Canada
2006,Olivia,Thomas,olivia.thomas@business.net,+1-379-116-3327,Smart Analytics,Project Manager,San Jose,India
2007,William,Johnson,william.johnson@work.org,+1-524-259-7821,CloudTech Pro,Software Engineer,Dallas,Japan
2008,James,Jones,james.jones@hotmail.com,+1-428-388-5048,Global Solutions,Marketing Manager,San Jose,Mexico
2009,Mia,Smith,mia.smith@hotmail.com,+1-930-375-6866,TechStart Inc,Project Manager,Austin,Australia
2010,Ethan,Davis,ethan.davis@company.com,+1-751-887-4954,Global Solutions,Sales Representative,Philadelphia,Australia
2011,Sophia,Williams,sophia.williams@work.org,+1-875-802-5070,NextGen Software,Software Engineer,Houston,Australia
2012,Olivia,Gonzalez,olivia.gonzalez@business.net,+1-963-137-6641,TechStart Inc,HR Specialist,San Jose,Mexico
2013,Noah,Garcia,noah.garcia@company.com,+1-747-656-1650,CloudTech Pro,UX Designer,Los Angeles,United States
2014,Emma,Williams,emma.williams@yahoo.com,+1-864-532-2342,DataFlow Systems,Product Manager,Austin,France
2015,Olivia,Martinez,olivia.martinez@yahoo.com,+1-259-272-7748,NextGen Software,Sales Representative,Chicago,France
2016,Mia,Miller,mia.miller@hotmail.com,+1-878-914-3795,Acme Corp,Data Analyst,Columbus,Germany
2017,Harper,Jackson,harper.jackson@outlook.com,+1-641-164-6366,Digital Dynamics,Data Analyst,Austin,India
2018,Sophia,Rodriguez,sophia.rodriguez@outlook.com,+1-461-724-1885,Innovation Labs,UX Designer,Chicago,India
2019,Oliver,Thomas,oliver.thomas@yahoo.com,+1-875-161-9546,Innovation Labs,Sales Representative,Phoenix,India
2020,Alexander,Taylor,alexander.taylor@business.net,+1-990-887-6007,DataFlow Systems,Project Manager,Los Angeles,Germany
2021,Isabella,Anderson,isabella.anderson@gmail.com,+1-980-902-2720,Innovation Labs,DevOps Engineer,Jacksonville,Japan
2022,Liam,Jones,liam.jones@gmail.com,+1-858-834-7974,Acme Corp,Data Analyst,Houston,Australia
2023,Isabella,Martinez,isabella.martinez@hotmail.com,+1-783-606-5892,Digital Dynamics,DevOps Engineer,Philadelphia,Brazil
2024,Mia,Rodriguez,mia.rodriguez@hotmail.com,+1-715-395-7094,Innovation Labs,DevOps Engineer,Chicago,France
2025,James,Hernandez,james.hernandez@work.org,+1-409-413-1765,CloudTech Pro,HR Specialist,San Diego,India
2026,Charlotte,Miller,charlotte.miller@work.org,+1-292-748-9704,Smart Analytics,Product Manager,Fort Worth,Australia
2027,Lucas,Rodriguez,lucas.rodriguez@yahoo.com,+1-731-200-7349,TechStart Inc,Sales Representative,San Jose,France
2028,Mia,Thomas,mia.thomas@yahoo.com,+1-956-570-6786,Global Solutions,Marketing Manager,Philadelphia,Australia
2029,Evelyn,Davis,evelyn.davis@company.com,+1-256-796-9421,Global Solutions,Software Engineer,San Antonio,Germany
2030,Charlotte,Martinez,charlotte.martinez@hotmail.com,+1-869-518-4667,DataFlow Systems,Financial Analyst,Charlotte,United States
2031,Alexander,Davis,alexander.davis@hotmail.com,+1-477-414-1434,Smart Analytics,HR Specialist,Fort Worth,Brazil
2032,Sophia,Rodriguez,sophia.rodriguez@gmail.com,+1-647-356-1241,Acme Corp,Marketing Manager,San Jose,Japan
2033,Olivia,Davis,olivia.davis@outlook.com,+1-525-305-9979,Future Enterprises,Sales Representative,Austin,Germany
2034,William,Gonzalez,william.gonzalez@outlook.com,+1-473-252-8498,NextGen Software,HR Specialist,San Jose,United Kingdom
2035,Oliver,Thomas,oliver.thomas@gmail.com,+1-610-868-3255,Acme Corp,UX Designer,Houston,Japan
2036,Lucas,Davis,lucas.davis@company.com,+1-431-346-1759,TechStart Inc,Project Manager,Philadelphia,Brazil
2037,Benjamin,Jones,benjamin.jones@work.org,+1-682-738-5280,TechStart Inc,Data Analyst,Phoenix,United Kingdom
2038,Charlotte,Jackson,charlotte.jackson@gmail.com,+1-297-789-4732,TechStart Inc,Marketing Manager,San Antonio,Australia
2039,Mason,Hernandez,mason.hernandez@company.com,+1-540-829-7754,Smart Analytics,UX Designer,New York,Canada
2040,Olivia,Hernandez,olivia.hernandez@yahoo.com,+1-307-604-4314,TechStart Inc,Data Analyst,San Jose,Mexico
2041,Mia,Rodriguez,mia.rodriguez@gmail.com,+1-985-563-1907,TechStart Inc,Project Manager,Phoenix,Germany
2042,Lucas,Wilson,lucas.wilson@work.org,+1-491-151-5583,CloudTech Pro,DevOps Engineer,Fort Worth,Brazil
2043,Harper,Moore,harper.moore@company.com,+1-737-993-2550,Acme Corp,Product Manager,Philadelphia,France
2044,William,Garcia,william.garcia@outlook.com,+1-230-349-6929,TechStart Inc,Financial Analyst,Houston,Australia
2045,Olivia,Williams,olivia.williams@yahoo.com,+1-358-223-2933,CloudTech Pro,Marketing Manager,San Diego,Brazil
2046,Isabella,Anderson,isabella.anderson@hotmail.com,+1-592-554-3159,Acme Corp,UX Designer,Austin,United States
2047,Harper,Jackson,harper.jackson@yahoo.com,+1-561-504-7771,Future Enterprises,HR Specialist,Charlotte,France
2048,Ethan,Thomas,ethan.thomas@work.org,+1-812-495-2555,DataFlow Systems,Marketing Manager,Houston,Mexico
2049,Lucas,Martinez,lucas.martinez@work.org,+1-247-689-9595,Global Solutions,Software Engineer,Chicago,Germany
2050,Noah,Davis,noah.davis@gmail.com,+1-786-935-8198,Future Enterprises,Marketing Manager,Jacksonville,Brazil
2051,Evelyn,Miller,evelyn.miller@gmail.com,+1-365-383-5315,CloudTech Pro,UX Designer,Austin,Germany
2052,Lucas,Thomas,lucas.thomas@yahoo.com,+1-585-442-8928,Future Enterprises,Project Manager,Dallas,United Kingdom
2053,Amelia,Davis,amelia.davis@outlook.com,+1-624-265-8733,CloudTech Pro,DevOps Engineer,Los Angeles,Australia
2054,Olivia,Jackson,olivia.jackson@business.net,+1-356-441-3016,Smart Analytics,Project Manager,Jacksonville,United States
2055,James,Williams,james.williams@work.org,+1-214-707-7817,TechStart Inc,HR Specialist,Austin,United States
2056,Isabella,Brown,isabella.brown@yahoo.com,+1-682-111-4265,Smart Analytics,Software Engineer,Columbus,Germany
2057,William,Hernandez,william.hernandez@company.com,+1-334-142-2279,TechStart Inc,Sales Representative,Phoenix,India
2058,James,Moore,james.moore@hotmail.com,+1-994-954-9915,TechStart Inc,HR Specialist,Austin,Brazil
2059,Harper,Thomas,harper.thomas@business.net,+1-742-261-3192,Digital Dynamics,Financial Analyst,Houston,Germany
2060,Liam,Lopez,liam.lopez@hotmail.com,+1-376-948-9958,Future Enterprises,Project Manager,Fort Worth,Canada
2061,Ethan,Martin,ethan.martin@yahoo.com,+1-547-905-3462,Acme Corp,Sales Representative,New York,United States
2062,Harper,Jackson,harper.jackson@outlook.com,+1-950-250-3288,TechStart Inc,DevOps Engineer,San Jose,United Kingdom
2063,Amelia,Williams,amelia.williams@business.net,+1-440-496-1680,Smart Analytics,Sales Representative,New York,Canada
2064,Evelyn,Wilson,evelyn.wilson@gmail.com,+1-909-942-8624,Acme Corp,HR Specialist,Los Angeles,India
2065,Ethan,Lopez,ethan.lopez@company.com,+1-950-481-3733,Future Enterprises,DevOps Engineer,San Diego,France
2066,Mason,Moore,mason.moore@work.org,+1-694-907-1610,NextGen Software,HR Specialist,Los Angeles,Canada
2067,Mia,Martin,mia.martin@business.net,+1-766-424-5783,Acme Corp,Marketing Manager,Columbus,Japan
2068,Mason,Thomas,mason.thomas@hotmail.com,+1-934-681-7968,Acme Corp,UX Designer,Houston,Australia
2069,Mason,Jones,mason.jones@outlook.com,+1-270-681-6818,Global Solutions,Data Analyst,Jacksonville,United Kingdom
2070,Noah,Brown,noah.brown@outlook.com,+1-648-559-6441,DataFlow Systems,Financial Analyst,Columbus,United Kingdom
2071,Alexander,Williams,alexander.williams@hotmail.com,+1-510-662-6698,Digital Dynamics,Software Engineer,Austin,India
2072,Charlotte,Jackson,charlotte.jackson@hotmail.com,+1-203-817-3616,Digital Dynamics,Financial Analyst,Charlotte,India
2073,Mia,Taylor,mia.taylor@business.net,+1-210-751-3124,DataFlow Systems,Data Analyst,Charlotte,Mexico
2074,Amelia,Taylor,amelia.taylor@gmail.com,+1-290-507-2003,Global Solutions,Sales Representative,Chicago,Canada
2075,Isabella,Williams,isabella.williams@yahoo.com,+1-569-633-2314,Innovation Labs,Project Manager,Jacksonville,Mexico
2076,Alexander,Moore,alexander.moore@outlook.com,+1-557-111-2941,Global Solutions,Project Manager,Jacksonville,Japan
2077,Sophia,Jackson,sophia.jackson@business.net,+1-489-419-7489,Future Enterprises,UX Designer,Los Angeles,Canada
2078,Ethan,Williams,ethan.williams@outlook.com,+1-514-873-7012,Acme Corp,Sales Representative,Chicago,India
2079,Benjamin,Wilson,benjamin.wilson@hotmail.com,+1-728-131-2149,Acme Corp,DevOps Engineer,New York,Germany
2080,Sophia,Martin,sophia.martin@work.org,+1-284-670-7528,TechStart Inc,Project Manager,Jacksonville,Mexico
2081,Isabella,Thomas,isabella.thomas@outlook.com,+1-316-388-7901,Acme Corp,Data Analyst,San Diego,United States
2082,Isabella,Williams,isabella.williams@work.org,+1-352-721-6184,Acme Corp,Sales Representative,Philadelphia,Australia
2083,Oliver,Lopez,oliver.lopez@gmail.com,+1-837-277-1434,Digital Dynamics,Marketing Manager,Philadelphia,Germany
2084,Harper,Smith,harper.smith@yahoo.com,+1-238-211-5579,CloudTech Pro,Financial Analyst,Chicago,Australia
2085,Sophia,Gonzalez,sophia.gonzalez@business.net,+1-851-769-3684,DataFlow Systems,Product Manager,Dallas,Germany
2086,Isabella,Miller,isabella.miller@outlook.com,+1-899-573-6243,DataFlow Systems,Software Engineer,San Antonio,Germany
2087,William,Thomas,william.thomas@work.org,+1-817-889-1532,Acme Corp,HR Specialist,Chicago,Canada
2088,Mason,Hernandez,mason.hernandez@business.net,+1-633-769-4552,Acme Corp,UX Designer,New York,Canada
2089,Evelyn,Martin,evelyn.martin@work.org,+1-473-581-6615,NextGen Software,Product Manager,Columbus,Japan
2090,Isabella,Thomas,isabella.thomas@company.com,+1-799-456-4134,DataFlow Systems,Data Analyst,Phoenix,Canada
2091,James,Jackson,james.jackson@company.com,+1-371-479-1762,Future Enterprises,HR Specialist,San Antonio,Australia
2092,Olivia,Jackson,olivia.jackson@work.org,+1-786-299-8508,Global Solutions,Marketing Manager,San Jose,France
2093,William,Brown,william.brown@gmail.com,+1-952-562-3502,Digital Dynamics,DevOps Engineer,Dallas,Germany
2094,Harper,Miller,harper.miller@work.org,+1-842-730-8421,Digital Dynamics,Data Analyst,Columbus,United States
2095,Mia,Martin,mia.martin@gmail.com,+1-738-346-9854,CloudTech Pro,Marketing Manager,New York,Germany
2096,Harper,Rodriguez,harper.rodriguez@hotmail.com,+1-974-328-1589,DataFlow Systems,HR Specialist,Columbus,Brazil
2097,James,Lopez,james.lopez@business.net,+1-490-762-5674,Digital Dynamics,Project Manager,Charlotte,Mexico
2098,Lucas,Johnson,lucas.johnson@business.net,+1-861-711-1593,Global Solutions,Product Manager,Jacksonville,Brazil
2099,Benjamin,Anderson,benjamin.anderson@yahoo.com,+1-767-511-2703,Smart Analytics,Software Engineer,Los Angeles,Brazil
2100,Ava,Martinez,ava.martinez@gmail.com,+1-574-335-6229,NextGen Software,Software Engineer,Charlotte,Mexico
2101,Ethan,Anderson,ethan.anderson@company.com,+1-588-681-9022,Innovation Labs,Project Manager,Charlotte,France
2102,Mason,Moore,mason.moore@yahoo.com,+1-315-435-9465,Future Enterprises,Financial Analyst,Phoenix,Australia
2103,William,Martinez,william.martinez@outlook.com,+1-718-944-6143,Acme Corp,Sales Representative,San Jose,Brazil
2104,Mia,Williams,mia.williams@gmail.com,+1-467-700-7260,Smart Analytics,Sales Representative,San Antonio,Germany
2105,Sophia,Hernandez,sophia.hernandez@gmail.com,+1-344-376-8003,Acme Corp,Software Engineer,Fort Worth,Japan
2106,Amelia,Davis,amelia.davis@hotmail.com,+1-365-822-5889,Innovation Labs,UX Designer,Philadelphia,Germany
2107,Ava,Anderson,ava.anderson@yahoo.com,+1-916-185-8706,CloudTech Pro,DevOps Engineer,Columbus,Germany
2108,Harper,Brown,harper.brown@hotmail.com,+1-406-700-6250,TechStart Inc,UX Designer,Philadelphia,United Kingdom
2109,Lucas,Hernandez,lucas.hernandez@work.org,+1-957-507-6156,Digital Dynamics,Product Manager,Chicago,United Kingdom
2110,Lucas,Johnson,lucas.johnson@outlook.com,+1-623-886-9550,DataFlow Systems,Project Manager,Chicago,Germany
2111,Mason,Rodriguez,mason.rodriguez@hotmail.com,+1-733-242-3903,Digital Dynamics,HR Specialist,New York,France
2112,Amelia,Garcia,amelia.garcia@hotmail.com,+1-780-694-4714,NextGen Software,HR Specialist,Fort Worth,India
2113,Mason,Brown,mason.brown@outlook.com,+1-886-180-8225,NextGen Software,Software Engineer,Houston,Brazil
2114,Ava,Miller,ava.miller@gmail.com,+1-795-923-7582,DataFlow Systems,DevOps Engineer,Los Angeles,Japan
2115,Oliver,Miller,oliver.miller@outlook.com,+1-353-317-3753,DataFlow Systems,Marketing Manager,Dallas,France
2116,Emma,Martinez,emma.martinez@company.com,+1-361-643-5811,Global Solutions,Financial Analyst,Los Angeles,India
2117,Evelyn,Thomas,evelyn.thomas@yahoo.com,+1-654-272-7482,Global Solutions,Financial Analyst,Charlotte,Germany
2118,Emma,Moore,emma.moore@hotmail.com,+1-887-145-3131,TechStart Inc,DevOps Engineer,Chicago,France
2119,Emma,Williams,emma.williams@outlook.com,+1-993-328-2573,Global Solutions,DevOps Engineer,Chicago,Canada
2120,James,Miller,james.miller@company.com,+1-806-786-9094,Digital Dynamics,Product Manager,San Diego,Australia
2121,Liam,Johnson,liam.johnson@work.org,+1-583-342-8376,DataFlow Systems,Financial Analyst,New York,United Kingdom
2122,Ava,Taylor,ava.taylor@yahoo.com,+1-744-538-8593,Innovation Labs,DevOps Engineer,Columbus,Australia
2123,Olivia,Miller,olivia.miller@company.com,+1-392-452-4470,CloudTech Pro,Financial Analyst,Charlotte,United States
2124,Sophia,Rodriguez,sophia.rodriguez@hotmail.com,+1-472-140-8304,Innovation Labs,HR Specialist,San Diego,Canada
2125,Ethan,Johnson,ethan.johnson@business.net,+1-937-133-2730,Smart Analytics,DevOps Engineer,Dallas,United Kingdom
2126,Amelia,Hernandez,amelia.hernandez@company.com,+1-857-383-1384,Acme Corp,Software Engineer,Philadelphia,India
2127,Mason,Jackson,mason.jackson@business.net,+1-533-291-7720,Global Solutions,HR Specialist,New York,Japan
2128,Noah,Jones,noah.jones@gmail.com,+1-266-126-4717,NextGen Software,Sales Representative,New York,France
2129,Oliver,Garcia,oliver.garcia@company.com,+1-606-728-9779,Innovation Labs,UX Designer,Houston,France
2130,Mason,Martin,mason.martin@hotmail.com,+1-245-228-2591,Acme Corp,Sales Representative,San Diego,India
2131,Emma,Davis,emma.davis@outlook.com,+1-734-332-4475,Digital Dynamics,Data Analyst,Houston,India
2132,Amelia,Jackson,amelia.jackson@business.net,+1-861-717-8967,Acme Corp,UX Designer,Austin,United States
2133,Harper,Jones,harper.jones@gmail.com,+1-772-174-5143,Innovation Labs,UX Designer,Los Angeles,United States
2134,Isabella,Davis,isabella.davis@company.com,+1-820-725-2231,NextGen Software,Financial Analyst,New York,Germany
2135,James,Taylor,james.taylor@yahoo.com,+1-956-936-7572,Acme Corp,Financial Analyst,Philadelphia,Canada
2136,Benjamin,Hernandez,benjamin.hernandez@outlook.com,+1-434-958-8615,Future Enterprises,UX Designer,Houston,United Kingdom
2137,Ethan,Gonzalez,ethan.gonzalez@yahoo.com,+1-706-105-1726,DataFlow Systems,Product Manager,Chicago,Japan
2138,Liam,Jackson,liam.jackson@yahoo.com,+1-334-974-7162,CloudTech Pro,Financial Analyst,Charlotte,United States
2139,William,Lopez,william.lopez@work.org,+1-423-611-2463,CloudTech Pro,Sales Representative,Charlotte,Japan
2140,Mason,Brown,mason.brown@outlook.com,+1-222-687-8146,Digital Dynamics,DevOps Engineer,San Diego,United States
2141,Liam,Anderson,liam.anderson@hotmail.com,+1-793-324-6784,DataFlow Systems,Project Manager,San Antonio,France
2142,Evelyn,Jones,evelyn.jones@hotmail.com,+1-656-214-4464,CloudTech Pro,Project Manager,San Antonio,Brazil
2143,Ethan,Jones,ethan.jones@yahoo.com,+1-783-728-9633,TechStart Inc,Data Analyst,Los Angeles,Australia
2144,Mia,Martinez,mia.martinez@hotmail.com,+1-393-876-7099,Acme Corp,Marketing Manager,New York,United States
2145,James,Gonzalez,james.gonzalez@hotmail.com,+1-945-180-8083,Innovation Labs,Financial Analyst,New York,France
2146,Evelyn,Thomas,evelyn.thomas@company.com,+1-658-211-7815,Innovation Labs,DevOps Engineer,San Jose,Brazil
2147,Olivia,Rodriguez,olivia.rodriguez@hotmail.com,+1-997-398-5726,Future Enterprises,Software Engineer,San Diego,France
2148,Olivia,Jones,olivia.jones@company.com,+1-839-918-8154,NextGen Software,Financial Analyst,Charlotte,France
2149,Sophia,Hernandez,sophia.hernandez@hotmail.com,+1-913-862-7574,Global Solutions,Financial Analyst,New York,Germany
2150,Noah,Brown,noah.brown@business.net,+1-798-926-4341,Acme Corp,Software Engineer,Austin,India
2151,Charlotte,Moore,charlotte.moore@hotmail.com,+1-613-523-1680,Smart Analytics,Marketing Manager,San Jose,Brazil
2152,Sophia,Johnson,sophia.johnson@yahoo.com,+1-252-424-4285,Smart Analytics,Financial Analyst,Fort Worth,France
2153,Lucas,Wilson,lucas.wilson@outlook.com,+1-745-714-2095,Innovation Labs,UX Designer,San Antonio,France
2154,Sophia,Jackson,sophia.jackson@business.net,+1-703-518-2061,Future Enterprises,Sales Representative,New York,Japan
2155,Liam,Jones,liam.jones@company.com,+1-605-608-8382,DataFlow Systems,Product Manager,Los Angeles,United States
2156,Ethan,Lopez,ethan.lopez@hotmail.com,+1-963-773-4216,Smart Analytics,Sales Representative,Phoenix,United States
2157,Mason,Moore,mason.moore@work.org,+1-995-387-7016,TechStart Inc,Sales Representative,Philadelphia,United States
2158,Emma,Gonzalez,emma.gonzalez@gmail.com,+1-520-235-9053,NextGen Software,Marketing Manager,Philadelphia,United Kingdom
2159,Ethan,Jackson,ethan.jackson@hotmail.com,+1-613-566-7167,Global Solutions,Sales Representative,Houston,India
2160,Ethan,Garcia,ethan.garcia@company.com,+1-518-971-8165,Global Solutions,Software Engineer,Jacksonville,Mexico
2161,Amelia,Martin,amelia.martin@hotmail.com,+1-543-613-3158,Future Enterprises,Data Analyst,Chicago,Germany
2162,Ethan,Miller,ethan.miller@yahoo.com,+1-606-127-7031,Future Enterprises,Sales Representative,San Antonio,Mexico
2163,Noah,Martin,noah.martin@outlook.com,+1-619-666-2468,Future Enterprises,Project Manager,Phoenix,Japan
2164,Lucas,Jones,lucas.jones@outlook.com,+1-361-145-3478,Smart Analytics,DevOps Engineer,San Antonio,Canada
2165,Olivia,Miller,olivia.miller@business.net,+1-598-598-5209,Global Solutions,Software Engineer,New York,Canada
2166,Ava,Martinez,ava.martinez@gmail.com,+1-661-781-2015,Digital Dynamics,Financial Analyst,San Jose,Canada
2167,Sophia,Jones,sophia.jones@gmail.com,+1-678-855-9652,DataFlow Systems,Product Manager,Jacksonville,Japan
2168,Olivia,Brown,olivia.brown@yahoo.com,+1-819-368-2555,Innovation Labs,Data Analyst,Dallas,France
2169,Evelyn,Anderson,evelyn.anderson@outlook.com,+1-904-264-2480,TechStart Inc,UX Designer,Charlotte,Mexico
2170,Ava,Brown,ava.brown@hotmail.com,+1-856-868-3525,Digital Dynamics,DevOps Engineer,Jacksonville,Brazil
2171,Mia,Johnson,mia.johnson@gmail.com,+1-851-225-5462,NextGen Software,HR Specialist,Chicago,Germany
2172,Ethan,Taylor,ethan.taylor@outlook.com,+1-514-326-8885,Acme Corp,UX Designer,Dallas,United Kingdom
2173,William,Miller,william.miller@work.org,+1-586-225-5740,NextGen Software,Financial Analyst,New York,Germany
2174,Evelyn,Hernandez,evelyn.hernandez@yahoo.com,+1-868-153-5799,Smart Analytics,UX Designer,Philadelphia,Japan
2175,Olivia,Miller,olivia.miller@hotmail.com,+1-366-825-5281,NextGen Software,UX Designer,Phoenix,Mexico
2176,James,Davis,james.davis@outlook.com,+1-977-534-4539,Innovation Labs,HR Specialist,San Diego,Mexico
2177,Liam,Davis,liam.davis@gmail.com,+1-968-646-8889,Global Solutions,Marketing Manager,Charlotte,India
2178,Olivia,Jackson,olivia.jackson@outlook.com,+1-400-385-8301,Smart Analytics,Financial Analyst,Los Angeles,Mexico
2179,Liam,Hernandez,liam.hernandez@outlook.com,+1-477-454-4426,CloudTech Pro,HR Specialist,Chicago,United States
2180,Amelia,Lopez,amelia.lopez@business.net,+1-291-686-3496,Global Solutions,Data Analyst,Philadelphia,France
2181,Lucas,Anderson,lucas.anderson@gmail.com,+1-292-571-1331,TechStart Inc,Sales Representative,Austin,Canada
2182,Benjamin,Johnson,benjamin.johnson@hotmail.com,+1-577-502-2359,Future Enterprises,Data Analyst,Austin,Australia
2183,Alexander,Smith,alexander.smith@work.org,+1-274-714-5339,Smart Analytics,DevOps Engineer,Phoenix,Brazil
2184,William,Martinez,william.martinez@outlook.com,+1-893-593-9647,CloudTech Pro,Data Analyst,Austin,Germany
2185,Liam,Moore,liam.moore@yahoo.com,+1-501-170-7276,Smart Analytics,Marketing Manager,Los Angeles,United Kingdom
2186,Ethan,Thomas,ethan.thomas@outlook.com,+1-433-631-5798,TechStart Inc,Sales Representative,San Antonio,India
2187,Amelia,Jackson,amelia.jackson@yahoo.com,+1-243-989-3174,NextGen Software,Sales Representative,Chicago,United States
2188,Emma,Williams,emma.williams@company.com,+1-948-163-9966,CloudTech Pro,Data Analyst,Jacksonville,Germany
2189,James,Smith,james.smith@gmail.com,+1-684-331-7613,Smart Analytics,Project Manager,Houston,Brazil
2190,William,Garcia,william.garcia@business.net,+1-922-236-9384,Global Solutions,DevOps Engineer,Fort Worth,India
2191,Mia,Smith,mia.smith@gmail.com,+1-976-509-5961,Acme Corp,DevOps Engineer,San Jose,Canada
2192,Benjamin,Anderson,benjamin.anderson@yahoo.com,+1-808-914-2309,Acme Corp,DevOps Engineer,Austin,United Kingdom
2193,Sophia,Anderson,sophia.anderson@yahoo.com,+1-986-504-6929,NextGen Software,Data Analyst,Philadelphia,Brazil
2194,Emma,Thomas,emma.thomas@outlook.com,+1-985-940-4895,Digital Dynamics,UX Designer,Charlotte,India
2195,Noah,Rodriguez,noah.rodriguez@yahoo.com,+1-986-671-7082,Global Solutions,DevOps Engineer,Jacksonville,Brazil
2196,Lucas,Brown,lucas.brown@gmail.com,+1-923-907-2351,CloudTech Pro,DevOps Engineer,Columbus,Mexico
2197,Mason,Johnson,mason.johnson@hotmail.com,+1-304-206-4128,Future Enterprises,Marketing Manager,Austin,India
2198,Evelyn,Wilson,evelyn.wilson@business.net,+1-870-149-2251,Digital Dynamics,Software Engineer,Phoenix,Australia
2199,Ethan,Brown,ethan.brown@business.net,+1-327-782-7408,Future Enterprises,Project Manager,Phoenix,Mexico
2200,Ethan,Jones,ethan.jones@work.org,+1-930-188-9302,NextGen Software,Marketing Manager,Austin,France
2201,Alexander,Rodriguez,alexander.rodriguez@hotmail.com,+1-879-518-6124,NextGen Software,Marketing Manager,San Antonio,India
2202,Mason,Jones,mason.jones@gmail.com,+1-483-694-1532,TechStart Inc,Financial Analyst,San Diego,India
2203,Benjamin,Smith,benjamin.smith@outlook.com,+1-277-394-1491,Acme Corp,HR Specialist,San Antonio,United Kingdom
2204,Harper,Smith,harper.smith@work.org,+1-560-680-3703,Digital Dynamics,Software Engineer,Dallas,United States
2205,Ava,Jackson,ava.jackson@business.net,+1-707-927-8471,Innovation Labs,Project Manager,Philadelphia,United Kingdom
2206,Charlotte,Lopez,charlotte.lopez@outlook.com,+1-564-448-5670,Future Enterprises,Product Manager,Los Angeles,Japan
2207,Emma,Williams,emma.williams@hotmail.com,+1-738-429-6105,CloudTech Pro,Sales Representative,Columbus,Brazil
2208,Lucas,Martin,lucas.martin@company.com,+1-692-973-2317,CloudTech Pro,DevOps Engineer,Dallas,Germany
2209,Liam,Hernandez,liam.hernandez@work.org,+1-598-541-5125,Smart Analytics,Software Engineer,Jacksonville,Brazil
2210,Oliver,Wilson,oliver.wilson@business.net,+1-899-213-9758,Global Solutions,Financial Analyst,Austin,Canada
2211,Harper,Garcia,harper.garcia@hotmail.com,+1-498-375-1262,Innovation Labs,Sales Representative,Chicago,United Kingdom
2212,Sophia,Lopez,sophia.lopez@business.net,+1-285-488-9688,CloudTech Pro,DevOps Engineer,Columbus,Germany
2213,Isabella,Brown,isabella.brown@hotmail.com,+1-479-235-9470,Global Solutions,UX Designer,Philadelphia,Germany
2214,Lucas,Williams,lucas.williams@gmail.com,+1-755-267-3428,Acme Corp,Software Engineer,Chicago,Brazil
2215,Sophia,Jackson,sophia.jackson@work.org,+1-841-440-2953,NextGen Software,HR Specialist,Columbus,Australia
2216,Isabella,Moore,isabella.moore@yahoo.com,+1-348-252-2430,CloudTech Pro,Product Manager,Jacksonville,Australia
2217,Sophia,Smith,sophia.smith@yahoo.com,+1-434-898-7678,Future Enterprises,Financial Analyst,San Antonio,Brazil
2218,Benjamin,Johnson,benjamin.johnson@company.com,+1-220-358-5919,NextGen Software,Marketing Manager,San Diego,Germany
2219,Noah,Williams,noah.williams@gmail.com,+1-544-190-2781,DataFlow Systems,Software Engineer,San Diego,Canada
2220,Emma,Davis,emma.davis@gmail.com,+1-750-601-6671,Future Enterprises,UX Designer,Jacksonville,India
2221,Oliver,Lopez,oliver.lopez@company.com,+1-277-756-3390,Future Enterprises,Financial Analyst,Houston,United Kingdom
2222,Amelia,Martin,amelia.martin@gmail.com,+1-514-975-9187,DataFlow Systems,Marketing Manager,Phoenix,United States
2223,Liam,Taylor,liam.taylor@business.net,+1-420-726-8400,CloudTech Pro,Data Analyst,Fort Worth,Australia
2224,Amelia,Martin,amelia.martin@work.org,+1-511-297-8988,DataFlow Systems,Software Engineer,Dallas,India
2225,Noah,Anderson,noah.anderson@business.net,+1-234-138-1739,TechStart Inc,Project Manager,Fort Worth,United States
2226,Amelia,Williams,amelia.williams@work.org,+1-903-764-2666,CloudTech Pro,UX Designer,San Jose,United Kingdom
2227,Evelyn,Jackson,evelyn.jackson@business.net,+1-327-465-7125,Digital Dynamics,DevOps Engineer,Los Angeles,Mexico
2228,Harper,Anderson,harper.anderson@company.com,+1-415-788-5464,DataFlow Systems,Sales Representative,Austin,France
2229,Evelyn,Thomas,evelyn.thomas@yahoo.com,+1-616-966-4989,Acme Corp,Sales Representative,Fort Worth,United States
2230,Sophia,Jackson,sophia.jackson@gmail.com,+1-425-251-5474,Future Enterprises,Software Engineer,Houston,Japan
2231,James,Miller,james.miller@outlook.com,+1-926-858-7154,Future Enterprises,DevOps Engineer,Los Angeles,Australia
2232,Olivia,Wilson,olivia.wilson@gmail.com,+1-627-466-6539,Digital Dynamics,Software Engineer,Columbus,United States
2233,Mia,Rodriguez,mia.rodriguez@work.org,+1-475-732-6772,TechStart Inc,Product Manager,New York,India
2234,Emma,Hernandez,emma.hernandez@yahoo.com,+1-755-865-8946,TechStart Inc,Data Analyst,Austin,Mexico
2235,Oliver,Martinez,oliver.martinez@company.com,+1-529-819-1532,Smart Analytics,Sales Representative,San Diego,Brazil
2236,Mason,Brown,mason.brown@hotmail.com,+1-466-842-7820,Acme Corp,Product Manager,Phoenix,Canada
2237,Benjamin,Thomas,benjamin.thomas@gmail.com,+1-698-914-7278,NextGen Software,Product Manager,Dallas,United States
2238,Sophia,Rodriguez,sophia.rodriguez@yahoo.com,+1-765-233-7056,TechStart Inc,DevOps Engineer,Charlotte,Mexico
2239,Ava,Gonzalez,ava.gonzalez@yahoo.com,+1-622-317-2192,CloudTech Pro,Marketing Manager,Dallas,India
2240,Emma,Jones,emma.jones@company.com,+1-406-860-7259,NextGen Software,Product Manager,Charlotte,France
2241,Noah,Rodriguez,noah.rodriguez@gmail.com,+1-446-566-4413,Future Enterprises,Data Analyst,San Diego,United Kingdom
2242,Evelyn,Anderson,evelyn.anderson@work.org,+1-381-807-7316,Smart Analytics,UX Designer,San Jose,India
2243,Evelyn,Lopez,evelyn.lopez@company.com,+1-280-974-4666,Global Solutions,Data Analyst,San Jose,India
2244,Evelyn,Anderson,evelyn.anderson@outlook.com,+1-729-391-3838,NextGen Software,DevOps Engineer,Fort Worth,Japan
2245,William,Johnson,william.johnson@gmail.com,+1-224-445-7193,Future Enterprises,Marketing Manager,Philadelphia,Mexico
2246,Noah,Jones,noah.jones@business.net,+1-783-572-3950,Smart Analytics,Product Manager,San Antonio,Australia
2247,Alexander,Lopez,alexander.lopez@work.org,+1-651-935-5172,TechStart Inc,Software Engineer,Charlotte,Brazil
2248,Noah,Miller,noah.miller@outlook.com,+1-568-881-6304,Innovation Labs,Software Engineer,Phoenix,United States
2249,Alexander,Wilson,alexander.wilson@hotmail.com,+1-239-779-2910,Acme Corp,Product Manager,Austin,France
2250,Alexander,Thomas,alexander.thomas@outlook.com,+1-292-776-1864,DataFlow Systems,Software Engineer,Fort Worth,India
2251,Harper,Jones,harper.jones@yahoo.com,+1-363-316-3493,Future Enterprises,Marketing Manager,Austin,Japan
2252,Ava,Hernandez,ava.hernandez@yahoo.com,+1-887-651-5405,NextGen Software,Project Manager,San Antonio,Japan
2253,Harper,Johnson,harper.johnson@outlook.com,+1-447-826-5441,Acme Corp,Product Manager,Charlotte,Mexico
2254,Evelyn,Gonzalez,evelyn.gonzalez@gmail.com,+1-202-992-6911,Innovation Labs,Data Analyst,Jacksonville,United Kingdom
2255,Amelia,Jones,amelia.jones@yahoo.com,+1-983-498-6423,DataFlow Systems,DevOps Engineer,Charlotte,Canada
2256,Oliver,Garcia,oliver.garcia@hotmail.com,+1-870-142-5327,Innovation Labs,Software Engineer,Jacksonville,Mexico
2257,Mia,Martinez,mia.martinez@hotmail.com,+1-947-530-6779,DataFlow Systems,Data Analyst,Charlotte,Germany
2258,Oliver,Anderson,oliver.anderson@company.com,+1-495-901-5721,Digital Dynamics,Sales Representative,Columbus,Japan
2259,Oliver,Jones,oliver.jones@gmail.com,+1-792-843-7274,Future Enterprises,DevOps Engineer,Philadelphia,United Kingdom
2260,Charlotte,Williams,charlotte.williams@yahoo.com,+1-388-133-2176,TechStart Inc,UX Designer,Houston,Japan
2261,Ava,Rodriguez,ava.rodriguez@work.org,+1-345-865-9895,CloudTech Pro,Financial Analyst,Philadelphia,France
2262,James,Rodriguez,james.rodriguez@gmail.com,+1-392-814-5452,DataFlow Systems,Financial Analyst,San Antonio,Japan
2263,Emma,Smith,emma.smith@work.org,+1-992-320-8156,NextGen Software,HR Specialist,Los Angeles,Mexico
2264,Mia,Rodriguez,mia.rodriguez@outlook.com,+1-864-410-7250,Global Solutions,Data Analyst,San Antonio,United States
2265,Alexander,Jones,alexander.jones@company.com,+1-383-775-7925,DataFlow Systems,Sales Representative,Jacksonville,France
2266,William,Williams,william.williams@hotmail.com,+1-560-391-5394,Digital Dynamics,Product Manager,Dallas,France
2267,Amelia,Wilson,amelia.wilson@yahoo.com,+1-321-461-5638,Digital Dynamics,Data Analyst,San Diego,United States
2268,Benjamin,Hernandez,benjamin.hernandez@gmail.com,+1-694-283-6204,Innovation Labs,Financial Analyst,Dallas,Canada
2269,Sophia,Garcia,sophia.garcia@company.com,+1-724-295-7606,Innovation Labs,Financial Analyst,Houston,India
2270,Noah,Lopez,noah.lopez@work.org,+1-962-150-6700,Global Solutions,Project Manager,Fort Worth,France
2271,James,Anderson,james.anderson@yahoo.com,+1-914-206-8317,NextGen Software,Product Manager,San Jose,Brazil
2272,Oliver,Johnson,oliver.johnson@company.com,+1-711-362-9391,Digital Dynamics,Project Manager,Houston,Australia
2273,Amelia,Garcia,amelia.garcia@yahoo.com,+1-958-192-5811,Innovation Labs,Product Manager,San Jose,France
2274,Noah,Gonzalez,noah.gonzalez@hotmail.com,+1-555-476-7776,Smart Analytics,Product Manager,San Antonio,Australia
2275,Emma,Gonzalez,emma.gonzalez@yahoo.com,+1-236-165-7703,CloudTech Pro,Project Manager,Jacksonville,India
2276,Mason,Taylor,mason.taylor@gmail.com,+1-617-767-2927,CloudTech Pro,Product Manager,New York,Canada
2277,Lucas,Martin,lucas.martin@company.com,+1-472-660-4877,CloudTech Pro,Project Manager,Fort Worth,United Kingdom
2278,Lucas,Hernandez,lucas.hernandez@outlook.com,+1-235-516-6866,Innovation Labs,DevOps Engineer,San Diego,France
2279,Charlotte,Jones,charlotte.jones@yahoo.com,+1-378-769-5904,Smart Analytics,Software Engineer,Jacksonville,Japan
2280,James,Smith,james.smith@company.com,+1-870-990-9318,CloudTech Pro,HR Specialist,Jacksonville,Mexico
2281,Benjamin,Williams,benjamin.williams@hotmail.com,+1-690-268-8415,Global Solutions,DevOps Engineer,Los Angeles,United Kingdom
2282,Ethan,Hernandez,ethan.hernandez@business.net,+1-768-315-4812,Smart Analytics,Software Engineer,Charlotte,United States
2283,Oliver,Johnson,oliver.johnson@company.com,+1-685-340-6763,NextGen Software,Project Manager,Chicago,Canada
2284,James,Martin,james.martin@work.org,+1-912-713-1996,Future Enterprises,Sales Representative,Phoenix,Japan
2285,Oliver,Gonzalez,oliver.gonzalez@yahoo.com,+1-685-235-3741,DataFlow Systems,DevOps Engineer,San Diego,Mexico
2286,Charlotte,Martin,charlotte.martin@business.net,+1-706-392-5392,Digital Dynamics,Marketing Manager,Philadelphia,Australia
2287,Oliver,Martinez,oliver.martinez@hotmail.com,+1-443-687-2186,CloudTech Pro,Data Analyst,Austin,Mexico
2288,Amelia,Smith,amelia.smith@yahoo.com,+1-861-664-2812,NextGen Software,Marketing Manager,Phoenix,France
2289,Benjamin,Miller,benjamin.miller@hotmail.com,+1-727-632-3388,Acme Corp,Project Manager,New York,France
2290,Mason,Gonzalez,mason.gonzalez@work.org,+1-894-624-8327,NextGen Software,Product Manager,San Diego,India
2291,Alexander,Martinez,alexander.martinez@business.net,+1-757-673-5319,Smart Analytics,UX Designer,Philadelphia,Germany
2292,Liam,Martin,liam.martin@hotmail.com,+1-779-552-9122,Acme Corp,HR Specialist,San Diego,Canada
2293,Isabella,Taylor,isabella.taylor@company.com,+1-560-425-7715,DataFlow Systems,Product Manager,Dallas,India
2294,William,Williams,william.williams@yahoo.com,+1-950-945-9008,CloudTech Pro,DevOps Engineer,Jacksonville,Canada
2295,Oliver,Moore,oliver.moore@work.org,+1-338-581-6897,TechStart Inc,Sales Representative,New York,Mexico
2296,Sophia,Johnson,sophia.johnson@hotmail.com,+1-834-349-2901,Innovation Labs,Software Engineer,San Diego,India
2297,Harper,Miller,harper.miller@work.org,+1-710-554-3289,Digital Dynamics,HR Specialist,Chicago,India
2298,Benjamin,Johnson,benjamin.johnson@gmail.com,+1-713-323-9348,Smart Analytics,Sales Representative,Chicago,Germany
2299,Lucas,Gonzalez,lucas.gonzalez@gmail.com,+1-870-568-7212,TechStart Inc,Project Manager,Chicago,Canada
2300,Charlotte,Davis,charlotte.davis@hotmail.com,+1-572-718-4685,Acme Corp,Data Analyst,Fort Worth,United Kingdom
2301,Alexander,Miller,alexander.miller@hotmail.com,+1-915-101-5752,Digital Dynamics,Project Manager,Jacksonville,United States
2302,Charlotte,Smith,charlotte.smith@hotmail.com,+1-691-662-5929,DataFlow Systems,Sales Representative,San Antonio,United States
2303,Harper,Smith,harper.smith@gmail.com,+1-813-962-7124,DataFlow Systems,HR Specialist,Columbus,United States
2304,Ava,Wilson,ava.wilson@yahoo.com,+1-254-133-9275,Future Enterprises,Sales Representative,New York,Australia
2305,Emma,Moore,emma.moore@outlook.com,+1-886-489-7971,Digital Dynamics,Data Analyst,Columbus,Germany
2306,Lucas,Hernandez,lucas.hernandez@work.org,+1-400-846-8910,TechStart Inc,DevOps Engineer,Columbus,Brazil
2307,Ethan,Hernandez,ethan.hernandez@work.org,+1-408-172-3343,Smart Analytics,Product Manager,Phoenix,Australia
2308,Isabella,Johnson,isabella.johnson@work.org,+1-425-138-1505,CloudTech Pro,Sales Representative,San Diego,United States
2309,Emma,Smith,emma.smith@hotmail.com,+1-356-445-4430,Digital Dynamics,Marketing Manager,San Diego,Australia
2310,Alexander,Hernandez,alexander.hernandez@work.org,+1-378-142-7414,Future Enterprises,Project Manager,Fort Worth,United States
2311,Harper,Moore,harper.moore@business.net,+1-915-480-3922,Innovation Labs,DevOps Engineer,Jacksonville,Mexico
2312,Benjamin,Martinez,benjamin.martinez@business.net,+1-236-963-2286,Global Solutions,Data Analyst,Fort Worth,Canada
2313,Ava,Jackson,ava.jackson@hotmail.com,+1-745-174-7675,Acme Corp,HR Specialist,Chicago,Canada
2314,Benjamin,Garcia,benjamin.garcia@yahoo.com,+1-533-253-4707,Innovation Labs,Data Analyst,Columbus,Brazil
2315,Harper,Martinez,harper.martinez@outlook.com,+1-346-705-9115,Acme Corp,Product Manager,Columbus,Mexico
2316,Sophia,Davis,sophia.davis@gmail.com,+1-429-243-5972,Digital Dynamics,HR Specialist,Phoenix,Germany
2317,Oliver,Moore,oliver.moore@work.org,+1-594-915-4320,Innovation Labs,HR Specialist,Austin,Japan
2318,Emma,Wilson,emma.wilson@outlook.com,+1-573-473-3988,Digital Dynamics,Marketing Manager,San Antonio,United States
2319,Emma,Rodriguez,emma.rodriguez@gmail.com,+1-889-375-8154,Future Enterprises,UX Designer,San Diego,Japan
2320,Amelia,Smith,amelia.smith@yahoo.com,+1-836-940-5478,Global Solutions,Software Engineer,Austin,Brazil
2321,William,Wilson,william.wilson@business.net,+1-253-870-2956,Digital Dynamics,Software Engineer,Columbus,Canada
2322,James,Moore,james.moore@hotmail.com,+1-217-364-7697,Acme Corp,Software Engineer,San Jose,United States
2323,Mia,Davis,mia.davis@outlook.com,+1-699-877-3465,DataFlow Systems,Marketing Manager,Phoenix,United Kingdom
2324,Oliver,Gonzalez,oliver.gonzalez@work.org,+1-842-212-6541,Future Enterprises,Marketing Manager,Houston,Australia
2325,Olivia,Wilson,olivia.wilson@yahoo.com,+1-243-470-4632,Innovation Labs,Software Engineer,Philadelphia,Mexico
2326,Lucas,Hernandez,lucas.hernandez@company.com,+1-911-994-6708,Future Enterprises,Marketing Manager,Chicago,France
2327,Mason,Garcia,mason.garcia@gmail.com,+1-345-366-1498,Acme Corp,HR Specialist,Charlotte,Canada
2328,Alexander,Thomas,alexander.thomas@hotmail.com,+1-804-625-4653,NextGen Software,HR Specialist,Fort Worth,Canada
2329,Harper,Brown,harper.brown@hotmail.com,+1-651-919-4252,Innovation Labs,Product Manager,Chicago,Mexico
2330,Lucas,Miller,lucas.miller@business.net,+1-729-780-7284,TechStart Inc,Marketing Manager,Austin,United States
2331,Ethan,Davis,ethan.davis@outlook.com,+1-473-105-9008,TechStart Inc,Project Manager,Columbus,Australia
2332,Ethan,Taylor,ethan.taylor@company.com,+1-726-646-2286,Digital Dynamics,Financial Analyst,Philadelphia,India
2333,Noah,Anderson,noah.anderson@gmail.com,+1-307-436-8553,CloudTech Pro,Financial Analyst,New York,France
2334,Emma,Thomas,emma.thomas@outlook.com,+1-924-348-6976,Acme Corp,Software Engineer,Jacksonville,United Kingdom
2335,Olivia,Wilson,olivia.wilson@gmail.com,+1-781-760-4203,TechStart Inc,Software Engineer,Jacksonville,France
2336,Ava,Taylor,ava.taylor@gmail.com,+1-358-499-7054,CloudTech Pro,Software Engineer,New York,Canada
2337,Noah,Jackson,noah.jackson@work.org,+1-970-319-2062,Global Solutions,UX Designer,Charlotte,United Kingdom
2338,Mason,Smith,mason.smith@hotmail.com,+1-662-346-5891,NextGen Software,Project Manager,New York,Canada
2339,James,Martin,james.martin@work.org,+1-826-176-9415,CloudTech Pro,UX Designer,Chicago,India
2340,Lucas,Gonzalez,lucas.gonzalez@gmail.com,+1-295-874-1932,Acme Corp,HR Specialist,Fort Worth,Mexico
2341,Isabella,Jones,isabella.jones@yahoo.com,+1-887-505-6232,Smart Analytics,Financial Analyst,Los Angeles,Mexico
2342,Charlotte,Martinez,charlotte.martinez@business.net,+1-466-375-8588,CloudTech Pro,Project Manager,Charlotte,France
2343,Harper,Smith,harper.smith@work.org,+1-285-224-1802,Future Enterprises,Product Manager,Phoenix,Japan
2344,Emma,Rodriguez,emma.rodriguez@gmail.com,+1-282-590-5566,Acme Corp,Product Manager,San Antonio,Australia
2345,Isabella,Thomas,isabella.thomas@yahoo.com,+1-464-974-1498,CloudTech Pro,Marketing Manager,San Jose,Japan
2346,Mia,Martinez,mia.martinez@yahoo.com,+1-296-119-8193,CloudTech Pro,UX Designer,Charlotte,Japan
2347,Olivia,Wilson,olivia.wilson@company.com,+1-765-301-8187,Acme Corp,Project Manager,Columbus,Japan
2348,Alexander,Garcia,alexander.garcia@company.com,+1-625-217-9482,TechStart Inc,Software Engineer,Austin,United States
2349,Ethan,Lopez,ethan.lopez@work.org,+1-757-879-3745,CloudTech Pro,Sales Representative,Fort Worth,India
2350,James,Hernandez,james.hernandez@yahoo.com,+1-393-971-9021,NextGen Software,DevOps Engineer,Houston,United Kingdom
2351,Liam,Brown,liam.brown@work.org,+1-948-492-8391,DataFlow Systems,UX Designer,Charlotte,France
2352,Amelia,Garcia,amelia.garcia@outlook.com,+1-762-215-8075,Global Solutions,DevOps Engineer,Phoenix,France
2353,James,Jones,james.jones@hotmail.com,+1-249-796-6413,Global Solutions,Data Analyst,San Diego,United States
2354,Sophia,Johnson,sophia.johnson@work.org,+1-581-233-5927,CloudTech Pro,Sales Representative,Charlotte,Canada
2355,Oliver,Garcia,oliver.garcia@outlook.com,+1-993-656-4564,Digital Dynamics,DevOps Engineer,Fort Worth,United States
2356,Alexander,Moore,alexander.moore@work.org,+1-281-701-8084,Global Solutions,DevOps Engineer,Jacksonville,United Kingdom
2357,Oliver,Miller,oliver.miller@business.net,+1-722-345-1293,DataFlow Systems,Marketing Manager,Los Angeles,France
2358,Ava,Martin,ava.martin@hotmail.com,+1-554-467-1710,Innovation Labs,Data Analyst,Phoenix,Canada
2359,Liam,Jackson,liam.jackson@hotmail.com,+1-717-851-2910,Innovation Labs,HR Specialist,Fort Worth,Germany
2360,Benjamin,Hernandez,benjamin.hernandez@yahoo.com,+1-865-668-3115,Digital Dynamics,UX Designer,Phoenix,Mexico
2361,Isabella,Smith,isabella.smith@company.com,+1-635-731-1461,Future Enterprises,Financial Analyst,San Jose,Australia
2362,Mia,Davis,mia.davis@work.org,+1-632-627-9327,Global Solutions,Project Manager,San Antonio,United Kingdom
2363,Alexander,Jackson,alexander.jackson@gmail.com,+1-641-231-2447,TechStart Inc,HR Specialist,Phoenix,Mexico
2364,Sophia,Davis,sophia.davis@business.net,+1-888-395-7375,CloudTech Pro,Financial Analyst,San Antonio,India
2365,Oliver,Garcia,oliver.garcia@hotmail.com,+1-747-700-9087,TechStart Inc,HR Specialist,San Antonio,Germany
2366,Isabella,Taylor,isabella.taylor@company.com,+1-547-468-8843,Acme Corp,Sales Representative,Houston,Canada
2367,Lucas,Martinez,lucas.martinez@yahoo.com,+1-909-856-3078,CloudTech Pro,Data Analyst,Austin,Canada
2368,Charlotte,Johnson,charlotte.johnson@yahoo.com,+1-473-341-8553,Global Solutions,HR Specialist,Columbus,Mexico
2369,Alexander,Davis,alexander.davis@business.net,+1-709-513-9438,Global Solutions,HR Specialist,Austin,Mexico
2370,Lucas,Thomas,lucas.thomas@hotmail.com,+1-200-242-3750,TechStart Inc,Product Manager,Fort Worth,United Kingdom
2371,Sophia,Hernandez,sophia.hernandez@company.com,+1-508-677-1393,Innovation Labs,UX Designer,Philadelphia,France
2372,Isabella,Williams,isabella.williams@outlook.com,+1-440-966-4798,DataFlow Systems,DevOps Engineer,Philadelphia,India
2373,Ethan,Garcia,ethan.garcia@work.org,+1-478-976-1664,Innovation Labs,Marketing Manager,Chicago,Canada
2374,William,Miller,william.miller@hotmail.com,+1-380-184-1568,DataFlow Systems,Product Manager,Austin,Canada
2375,Evelyn,Lopez,evelyn.lopez@outlook.com,+1-709-972-9690,NextGen Software,Sales Representative,Los Angeles,Australia
2376,Ava,Taylor,ava.taylor@outlook.com,+1-844-138-3954,Future Enterprises,Project Manager,Chicago,United States
2377,Isabella,Johnson,isabella.johnson@outlook.com,+1-241-800-4232,Future Enterprises,DevOps Engineer,Columbus,Canada
2378,Alexander,Davis,alexander.davis@outlook.com,+1-615-971-1320,Digital Dynamics,Sales Representative,Columbus,Australia
2379,James,Johnson,james.johnson@outlook.com,+1-432-689-9359,CloudTech Pro,DevOps Engineer,Fort Worth,Mexico
2380,Liam,Martinez,liam.martinez@outlook.com,+1-977-535-4420,NextGen Software,Software Engineer,San Antonio,United States
2381,Oliver,Brown,oliver.brown@yahoo.com,+1-462-548-5523,NextGen Software,Sales Representative,San Antonio,Germany
2382,Mia,Williams,mia.williams@gmail.com,+1-552-458-1918,Smart Analytics,Marketing Manager,San Diego,India
2383,Liam,Taylor,liam.taylor@work.org,+1-838-936-6427,Global Solutions,Software Engineer,Philadelphia,Brazil
2384,Harper,Taylor,harper.taylor@company.com,+1-549-933-2668,Future Enterprises,Product Manager,New York,India
2385,Amelia,Lopez,amelia.lopez@hotmail.com,+1-233-131-1348,NextGen Software,Software Engineer,Fort Worth,Australia
2386,Evelyn,Gonzalez,evelyn.gonzalez@business.net,+1-211-471-7301,DataFlow Systems,Product Manager,New York,Brazil
2387,Isabella,Smith,isabella.smith@company.com,+1-319-179-1912,CloudTech Pro,Project Manager,Chicago,Canada
2388,Olivia,Jones,olivia.jones@yahoo.com,+1-817-802-3983,Innovation Labs,Sales Representative,Phoenix,United States
2389,Alexander,Garcia,alexander.garcia@yahoo.com,+1-584-508-2227,Digital Dynamics,HR Specialist,Chicago,Canada
2390,Noah,Rodriguez,noah.rodriguez@business.net,+1-391-468-6099,Digital Dynamics,HR Specialist,San Antonio,Brazil
2391,James,Brown,james.brown@yahoo.com,+1-211-734-5137,CloudTech Pro,HR Specialist,Philadelphia,United Kingdom
2392,Mason,Williams,mason.williams@business.net,+1-339-299-8650,Global Solutions,Product Manager,Philadelphia,Germany
2393,Mason,Anderson,mason.anderson@company.com,+1-435-683-5561,DataFlow Systems,Marketing Manager,Jacksonville,Mexico
2394,Benjamin,Martinez,benjamin.martinez@gmail.com,+1-731-104-7563,Future Enterprises,UX Designer,Jacksonville,Japan
2395,Liam,Gonzalez,liam.gonzalez@hotmail.com,+1-281-579-9993,Innovation Labs,Software Engineer,Jacksonville,Germany
2396,Evelyn,Garcia,evelyn.garcia@outlook.com,+1-803-776-1296,CloudTech Pro,Sales Representative,San Antonio,Australia
2397,Amelia,Thomas,amelia.thomas@outlook.com,+1-768-511-6332,CloudTech Pro,Software Engineer,Dallas,Germany
2398,Isabella,Rodriguez,isabella.rodriguez@gmail.com,+1-768-441-8133,Smart Analytics,HR Specialist,San Diego,Mexico
2399,Charlotte,Rodriguez,charlotte.rodriguez@company.com,+1-537-573-7545,DataFlow Systems,Project Manager,Houston,Japan
2400,Liam,Williams,liam.williams@gmail.com,+1-469-404-7641,NextGen Software,DevOps Engineer,San Diego,Brazil
2401,Emma,Anderson,emma.anderson@yahoo.com,+1-233-426-6095,Smart Analytics,Financial Analyst,Jacksonville,France
2402,Alexander,Johnson,alexander.johnson@outlook.com,+1-275-837-2123,Smart Analytics,Project Manager,Philadelphia,Brazil
2403,Olivia,Lopez,olivia.lopez@work.org,+1-812-614-4198,Acme Corp,Financial Analyst,Charlotte,United Kingdom
2404,Olivia,Rodriguez,olivia.rodriguez@gmail.com,+1-822-556-4182,Innovation Labs,Product Manager,San Antonio,India
2405,Alexander,Brown,alexander.brown@outlook.com,+1-997-142-3367,CloudTech Pro,Project Manager,Jacksonville,Brazil
2406,Harper,Williams,harper.williams@company.com,+1-524-405-3413,Future Enterprises,Project Manager,Dallas,Brazil
2407,Noah,Johnson,noah.johnson@hotmail.com,+1-439-990-9117,TechStart Inc,Financial Analyst,San Antonio,Brazil
2408,Alexander,Anderson,alexander.anderson@hotmail.com,+1-788-589-1991,Digital Dynamics,Sales Representative,San Jose,India
2409,Benjamin,Smith,benjamin.smith@outlook.com,+1-424-183-4039,TechStart Inc,Product Manager,San Antonio,Japan
2410,Emma,Rodriguez,emma.rodriguez@hotmail.com,+1-295-551-5523,TechStart Inc,DevOps Engineer,San Jose,India
2411,Mason,Martin,mason.martin@yahoo.com,+1-590-758-7193,Future Enterprises,Sales Representative,San Antonio,Germany
2412,Isabella,Johnson,isabella.johnson@yahoo.com,+1-907-989-6364,DataFlow Systems,HR Specialist,San Antonio,Japan
2413,Noah,Wilson,noah.wilson@gmail.com,+1-375-625-4170,Global Solutions,Sales Representative,Houston,France
2414,Olivia,Wilson,olivia.wilson@work.org,+1-576-321-8690,TechStart Inc,Product Manager,Dallas,Australia
2415,James,Martin,james.martin@yahoo.com,+1-622-574-5887,TechStart Inc,Data Analyst,Fort Worth,Japan
2416,Ava,Taylor,ava.taylor@work.org,+1-422-588-7016,CloudTech Pro,Marketing Manager,Austin,Germany
2417,Evelyn,Jones,evelyn.jones@yahoo.com,+1-698-652-3283,Future Enterprises,Product Manager,San Diego,France
2418,Lucas,Lopez,lucas.lopez@outlook.com,+1-296-357-4910,Digital Dynamics,UX Designer,San Antonio,France
2419,Harper,Thomas,harper.thomas@hotmail.com,+1-371-189-3393,DataFlow Systems,Sales Representative,San Diego,United States
2420,James,Anderson,james.anderson@hotmail.com,+1-581-673-3122,Global Solutions,Financial Analyst,Jacksonville,Mexico
2421,Ava,Taylor,ava.taylor@yahoo.com,+1-406-574-4722,Global Solutions,Financial Analyst,Los Angeles,Australia
2422,Lucas,Miller,lucas.miller@business.net,+1-245-111-2784,Future Enterprises,Marketing Manager,San Diego,United States
2423,Ava,Thomas,ava.thomas@business.net,+1-543-797-5854,Digital Dynamics,HR Specialist,San Jose,Australia
2424,James,Thomas,james.thomas@work.org,+1-910-752-4184,TechStart Inc,Product Manager,Chicago,Canada
2425,Emma,Gonzalez,emma.gonzalez@business.net,+1-908-644-6549,Global Solutions,Financial Analyst,Fort Worth,Brazil
2426,Mia,Rodriguez,mia.rodriguez@yahoo.com,+1-889-651-3281,TechStart Inc,UX Designer,Phoenix,Australia
2427,Ethan,Wilson,ethan.wilson@company.com,+1-452-347-8271,Innovation Labs,Sales Representative,Jacksonville,Australia
2428,Emma,Johnson,emma.johnson@yahoo.com,+1-941-162-4119,Digital Dynamics,Data Analyst,Houston,Brazil
2429,Charlotte,Smith,charlotte.smith@company.com,+1-547-781-3715,Smart Analytics,DevOps Engineer,New York,Mexico
2430,Harper,Anderson,harper.anderson@yahoo.com,+1-610-146-4777,TechStart Inc,Marketing Manager,Chicago,France
2431,Ava,Gonzalez,ava.gonzalez@business.net,+1-271-583-7926,Smart Analytics,Marketing Manager,Austin,Mexico
2432,Charlotte,Anderson,charlotte.anderson@company.com,+1-466-211-7563,NextGen Software,Financial Analyst,Chicago,Germany
2433,Ava,Taylor,ava.taylor@work.org,+1-211-976-2775,Future Enterprises,Project Manager,San Antonio,Germany
2434,Sophia,Jones,sophia.jones@gmail.com,+1-568-788-6111,TechStart Inc,HR Specialist,San Jose,Japan
2435,Evelyn,Smith,evelyn.smith@outlook.com,+1-989-959-3732,DataFlow Systems,Project Manager,Chicago,Japan
2436,Ava,Taylor,ava.taylor@hotmail.com,+1-323-116-8045,DataFlow Systems,Product Manager,Houston,France
2437,Benjamin,Rodriguez,benjamin.rodriguez@business.net,+1-741-352-1763,Smart Analytics,HR Specialist,Dallas,Australia
2438,Benjamin,Moore,benjamin.moore@work.org,+1-545-443-4470,Innovation Labs,DevOps Engineer,Austin,Mexico
2439,Oliver,Martinez,oliver.martinez@work.org,+1-751-629-5451,Global Solutions,Financial Analyst,New York,France
2440,William,Martinez,william.martinez@gmail.com,+1-612-728-8344,Innovation Labs,Data Analyst,New York,United Kingdom
2441,Sophia,Martin,sophia.martin@gmail.com,+1-611-934-7171,DataFlow Systems,Data Analyst,Phoenix,United States
2442,Lucas,Gonzalez,lucas.gonzalez@business.net,+1-309-101-7129,TechStart Inc,DevOps Engineer,San Diego,Canada
2443,Evelyn,Hernandez,evelyn.hernandez@hotmail.com,+1-823-876-3364,CloudTech Pro,Software Engineer,Austin,India
2444,Evelyn,Hernandez,evelyn.hernandez@outlook.com,+1-542-299-7538,Acme Corp,Software Engineer,Phoenix,Australia
2445,Harper,Hernandez,harper.hernandez@company.com,+1-769-616-6632,Global Solutions,Financial Analyst,Austin,India
2446,Evelyn,Brown,evelyn.brown@outlook.com,+1-474-835-9917,CloudTech Pro,DevOps Engineer,San Jose,India
2447,Amelia,Smith,amelia.smith@hotmail.com,+1-690-751-6959,CloudTech Pro,Financial Analyst,Chicago,Germany
2448,Charlotte,Jones,charlotte.jones@work.org,+1-499-692-5995,NextGen Software,Sales Representative,San Diego,United Kingdom
2449,Mason,Taylor,mason.taylor@hotmail.com,+1-780-681-2321,Future Enterprises,Sales Representative,Philadelphia,Canada
2450,Charlotte,Taylor,charlotte.taylor@company.com,+1-732-524-9369,TechStart Inc,UX Designer,Columbus,Germany
2451,Olivia,Smith,olivia.smith@business.net,+1-620-849-5030,Future Enterprises,Product Manager,San Antonio,United Kingdom
2452,Ethan,Wilson,ethan.wilson@yahoo.com,+1-473-569-2148,Acme Corp,Sales Representative,Los Angeles,France
2453,Oliver,Martin,oliver.martin@outlook.com,+1-547-587-6856,CloudTech Pro,Financial Analyst,Chicago,Mexico
2454,Olivia,Jones,olivia.jones@outlook.com,+1-648-992-5548,Digital Dynamics,Marketing Manager,Dallas,Germany
2455,Alexander,Garcia,alexander.garcia@gmail.com,+1-604-753-1787,Smart Analytics,UX Designer,Phoenix,Australia
2456,Harper,Thomas,harper.thomas@gmail.com,+1-937-897-5613,Digital Dynamics,Financial Analyst,Phoenix,France
2457,Ava,Martin,ava.martin@hotmail.com,+1-303-138-5980,TechStart Inc,Software Engineer,Charlotte,Japan
2458,Emma,Wilson,emma.wilson@hotmail.com,+1-787-238-9750,CloudTech Pro,HR Specialist,Jacksonville,France
2459,Alexander,Martin,alexander.martin@company.com,+1-998-870-1674,Acme Corp,Sales Representative,New York,Canada
2460,Ava,Taylor,ava.taylor@business.net,+1-609-249-4584,Global Solutions,Financial Analyst,San Diego,United Kingdom
2461,Mia,Garcia,mia.garcia@gmail.com,+1-203-583-7287,Digital Dynamics,Financial Analyst,Los Angeles,Australia
2462,Mason,Gonzalez,mason.gonzalez@outlook.com,+1-966-414-9334,Global Solutions,Project Manager,Charlotte,India
2463,Lucas,Martin,lucas.martin@company.com,+1-213-931-8784,Acme Corp,Product Manager,Columbus,India
2464,Ava,Jones,ava.jones@company.com,+1-761-799-9419,NextGen Software,Financial Analyst,Philadelphia,Germany
2465,Evelyn,Lopez,evelyn.lopez@business.net,+1-973-941-9180,CloudTech Pro,Software Engineer,San Jose,Germany
2466,James,Brown,james.brown@business.net,+1-358-355-8425,CloudTech Pro,Sales Representative,Philadelphia,Germany
2467,Noah,Miller,noah.miller@outlook.com,+1-600-905-5835,Innovation Labs,Marketing Manager,San Diego,United States
2468,William,Davis,william.davis@hotmail.com,+1-353-383-3882,Acme Corp,DevOps Engineer,Jacksonville,United States
2469,Ethan,Jackson,ethan.jackson@gmail.com,+1-905-118-2839,TechStart Inc,Software Engineer,Charlotte,France
2470,Noah,Thomas,noah.thomas@outlook.com,+1-608-900-1587,Digital Dynamics,DevOps Engineer,San Antonio,Mexico
2471,Alexander,Davis,alexander.davis@hotmail.com,+1-357-208-5852,TechStart Inc,Financial Analyst,Phoenix,United Kingdom
2472,Oliver,Brown,oliver.brown@yahoo.com,+1-614-268-1339,Acme Corp,Data Analyst,San Diego,Germany
2473,Ava,Hernandez,ava.hernandez@business.net,+1-680-207-3498,CloudTech Pro,Sales Representative,Jacksonville,Mexico
2474,Mason,Thomas,mason.thomas@hotmail.com,+1-718-366-1629,Digital Dynamics,Product Manager,Phoenix,India
2475,Alexander,Taylor,alexander.taylor@work.org,+1-265-456-8861,Acme Corp,Sales Representative,Charlotte,Japan
2476,Charlotte,Jackson,charlotte.jackson@yahoo.com,+1-540-467-9556,Acme Corp,Project Manager,Dallas,France
2477,Mia,Anderson,mia.anderson@work.org,+1-955-780-4909,Innovation Labs,Project Manager,San Diego,India
2478,Liam,Jackson,liam.jackson@hotmail.com,+1-333-271-1554,Digital Dynamics,Data Analyst,San Antonio,Brazil
2479,Harper,Wilson,harper.wilson@hotmail.com,+1-200-855-7897,TechStart Inc,Project Manager,Houston,Mexico
2480,Harper,Gonzalez,harper.gonzalez@work.org,+1-273-607-4599,DataFlow Systems,Sales Representative,San Diego,Mexico
2481,Sophia,Hernandez,sophia.hernandez@outlook.com,+1-852-579-8126,Acme Corp,HR Specialist,New York,Australia
2482,Amelia,Brown,amelia.brown@company.com,+1-986-766-5958,Innovation Labs,Marketing Manager,Los Angeles,Germany
2483,Isabella,Jones,isabella.jones@work.org,+1-818-968-2649,TechStart Inc,UX Designer,Phoenix,Australia
2484,Ava,Williams,ava.williams@work.org,+1-834-998-9314,Future Enterprises,HR Specialist,New York,Mexico
2485,Mia,Brown,mia.brown@company.com,+1-493-588-9485,Acme Corp,HR Specialist,San Jose,Mexico
2486,Ethan,Taylor,ethan.taylor@business.net,+1-330-416-9911,CloudTech Pro,Data Analyst,Houston,India
2487,Mason,Johnson,mason.johnson@outlook.com,+1-371-919-6265,DataFlow Systems,DevOps Engineer,Fort Worth,Mexico
2488,William,Miller,william.miller@outlook.com,+1-824-663-7456,TechStart Inc,Product Manager,Philadelphia,Australia
2489,Evelyn,Jones,evelyn.jones@work.org,+1-553-635-9951,Innovation Labs,UX Designer,San Diego,Canada
2490,Mason,Martin,mason.martin@outlook.com,+1-439-451-1487,Global Solutions,UX Designer,San Jose,Australia
2491,William,Johnson,william.johnson@outlook.com,+1-976-329-3944,Innovation Labs,Project Manager,Los Angeles,France
2492,James,Rodriguez,james.rodriguez@outlook.com,+1-797-800-6099,DataFlow Systems,Marketing Manager,Charlotte,Mexico
2493,Evelyn,Smith,evelyn.smith@business.net,+1-411-503-2725,Global Solutions,DevOps Engineer,Chicago,United Kingdom
2494,Amelia,Miller,amelia.miller@outlook.com,+1-892-757-2529,Acme Corp,Project Manager,Columbus,France
2495,Benjamin,Moore,benjamin.moore@business.net,+1-816-570-3462,Innovation Labs,Data Analyst,Charlotte,Japan
2496,Evelyn,Thomas,evelyn.thomas@company.com,+1-223-370-6588,Future Enterprises,Product Manager,New York,Brazil
2497,Ava,Williams,ava.williams@company.com,+1-916-443-5690,NextGen Software,Software Engineer,Fort Worth,India
2498,Oliver,Rodriguez,oliver.rodriguez@yahoo.com,+1-704-337-5719,DataFlow Systems,DevOps Engineer,Jacksonville,Japan
2499,Charlotte,Taylor,charlotte.taylor@yahoo.com,+1-861-897-2736,Future Enterprises,HR Specialist,Austin,Australia
2500,Olivia,Hernandez,olivia.hernandez@outlook.com,+1-474-211-4759,Digital Dynamics,Project Manager,Phoenix,France
2501,Sophia,Anderson,sophia.anderson@gmail.com,+1-609-423-2658,Future Enterprises,Project Manager,Columbus,Canada
2502,James,Moore,james.moore@business.net,+1-873-430-3990,Future Enterprises,Software Engineer,San Diego,Mexico
2503,Mia,Martinez,mia.martinez@work.org,+1-315-286-4148,NextGen Software,DevOps Engineer,Los Angeles,Canada
2504,Amelia,Anderson,amelia.anderson@gmail.com,+1-547-559-9176,Future Enterprises,HR Specialist,Jacksonville,Canada
2505,Isabella,Hernandez,isabella.hernandez@business.net,+1-761-992-5221,Innovation Labs,DevOps Engineer,Los Angeles,United States
2506,Mia,Thomas,mia.thomas@work.org,+1-977-682-9387,TechStart Inc,Software Engineer,Jacksonville,Japan
2507,Evelyn,Davis,evelyn.davis@business.net,+1-622-178-7718,TechStart Inc,Financial Analyst,Chicago,Australia
2508,Evelyn,Wilson,evelyn.wilson@outlook.com,+1-212-401-3214,DataFlow Systems,HR Specialist,Dallas,India
2509,Liam,Thomas,liam.thomas@company.com,+1-803-835-5228,Smart Analytics,Project Manager,Phoenix,Germany
2510,Oliver,Hernandez,oliver.hernandez@hotmail.com,+1-762-370-4097,Digital Dynamics,Sales Representative,Austin,France
2511,Evelyn,Anderson,evelyn.anderson@hotmail.com,+1-865-686-4941,Future Enterprises,Data Analyst,Charlotte,India
2512,Ethan,Jackson,ethan.jackson@work.org,+1-360-744-6488,DataFlow Systems,Product Manager,Chicago,Australia
2513,Amelia,Taylor,amelia.taylor@outlook.com,+1-848-399-5726,Smart Analytics,Project Manager,Charlotte,India
2514,Charlotte,Johnson,charlotte.johnson@company.com,+1-510-591-2675,Future Enterprises,Financial Analyst,Jacksonville,Brazil
2515,Harper,Wilson,harper.wilson@business.net,+1-978-463-3250,DataFlow Systems,Marketing Manager,Jacksonville,Brazil
2516,William,Davis,william.davis@work.org,+1-246-978-6617,CloudTech Pro,Marketing Manager,Fort Worth,India
2517,Liam,Rodriguez,liam.rodriguez@hotmail.com,+1-296-844-5801,Innovation Labs,HR Specialist,Philadelphia,Japan
2518,William,Jones,william.jones@business.net,+1-786-734-1092,NextGen Software,Data Analyst,Charlotte,Canada
2519,Alexander,Smith,alexander.smith@hotmail.com,+1-579-236-4409,Smart Analytics,UX Designer,Dallas,Brazil
2520,Charlotte,Johnson,charlotte.johnson@business.net,+1-227-606-4860,CloudTech Pro,HR Specialist,Houston,France
2521,Ava,Miller,ava.miller@work.org,+1-647-465-2269,Global Solutions,Data Analyst,Austin,France
2522,Isabella,Lopez,isabella.lopez@company.com,+1-408-178-6068,Acme Corp,UX Designer,Philadelphia,Brazil
2523,Charlotte,Smith,charlotte.smith@work.org,+1-703-167-2577,NextGen Software,Financial Analyst,San Diego,France
2524,Liam,Martinez,liam.martinez@work.org,+1-223-309-4722,TechStart Inc,Software Engineer,San Diego,Brazil
2525,Harper,Garcia,harper.garcia@business.net,+1-450-683-9881,DataFlow Systems,UX Designer,San Jose,Brazil
2526,Charlotte,Martinez,charlotte.martinez@company.com,+1-390-464-1350,Acme Corp,DevOps Engineer,New York,Canada
2527,Sophia,Thomas,sophia.thomas@gmail.com,+1-369-937-4155,Smart Analytics,Marketing Manager,Austin,United Kingdom
2528,Amelia,Hernandez,amelia.hernandez@hotmail.com,+1-613-922-2649,CloudTech Pro,Software Engineer,Chicago,United Kingdom
2529,William,Jones,william.jones@outlook.com,+1-305-688-9260,DataFlow Systems,Project Manager,Fort Worth,United States
2530,William,Gonzalez,william.gonzalez@business.net,+1-375-494-4298,Future Enterprises,Data Analyst,San Diego,Mexico
2531,Sophia,Jackson,sophia.jackson@company.com,+1-420-757-9503,DataFlow Systems,Sales Representative,Charlotte,India
2532,Amelia,Taylor,amelia.taylor@gmail.com,+1-302-820-9717,Future Enterprises,Financial Analyst,Fort Worth,Germany
2533,William,Taylor,william.taylor@hotmail.com,+1-468-769-9037,Digital Dynamics,Marketing Manager,Phoenix,Brazil
2534,Charlotte,Wilson,charlotte.wilson@outlook.com,+1-906-712-4408,Global Solutions,Data Analyst,Fort Worth,Mexico
2535,Mason,Gonzalez,mason.gonzalez@hotmail.com,+1-482-461-6980,Innovation Labs,UX Designer,Philadelphia,Canada
2536,Harper,Davis,harper.davis@outlook.com,+1-353-328-6866,Global Solutions,Marketing Manager,Jacksonville,Mexico
2537,Mason,Miller,mason.miller@business.net,+1-840-375-9244,NextGen Software,UX Designer,Fort Worth,Mexico
2538,Evelyn,Lopez,evelyn.lopez@gmail.com,+1-804-760-8102,Global Solutions,Project Manager,Philadelphia,France
2539,Sophia,Martin,sophia.martin@business.net,+1-990-887-8633,Smart Analytics,Data Analyst,Houston,Canada
2540,Emma,Wilson,emma.wilson@company.com,+1-664-344-6573,Smart Analytics,Financial Analyst,Jacksonville,India
2541,Olivia,Moore,olivia.moore@gmail.com,+1-815-660-2888,Acme Corp,Sales Representative,Chicago,Mexico
2542,Olivia,Rodriguez,olivia.rodriguez@yahoo.com,+1-650-490-5922,TechStart Inc,Marketing Manager,Phoenix,United Kingdom
2543,Olivia,Moore,olivia.moore@outlook.com,+1-848-322-1226,Smart Analytics,UX Designer,San Diego,United Kingdom
2544,Emma,Miller,emma.miller@work.org,+1-453-511-5271,CloudTech Pro,Marketing Manager,Philadelphia,Germany
2545,Sophia,Moore,sophia.moore@hotmail.com,+1-959-105-4507,CloudTech Pro,Software Engineer,Columbus,United Kingdom
2546,Harper,Williams,harper.williams@company.com,+1-667-200-7706,TechStart Inc,UX Designer,San Diego,United States
2547,Mason,Gonzalez,mason.gonzalez@work.org,+1-827-880-7139,TechStart Inc,HR Specialist,Chicago,Japan
2548,Benjamin,Wilson,benjamin.wilson@gmail.com,+1-500-144-1563,Digital Dynamics,Data Analyst,Austin,Brazil
2549,Isabella,Johnson,isabella.johnson@work.org,+1-788-767-1557,Future Enterprises,HR Specialist,Dallas,Mexico
2550,William,Williams,william.williams@gmail.com,+1-933-965-7120,Global Solutions,Project Manager,Austin,Australia
2551,William,Miller,william.miller@yahoo.com,+1-911-563-1427,DataFlow Systems,UX Designer,New York,Mexico
2552,Evelyn,Davis,evelyn.davis@yahoo.com,+1-487-862-7829,Innovation Labs,DevOps Engineer,Chicago,Brazil
2553,Mason,Williams,mason.williams@business.net,+1-745-330-4592,Innovation Labs,Data Analyst,Columbus,Mexico
2554,Oliver,Lopez,oliver.lopez@hotmail.com,+1-868-636-3668,CloudTech Pro,Financial Analyst,Columbus,France
2555,Benjamin,Jackson,benjamin.jackson@yahoo.com,+1-276-957-4900,CloudTech Pro,Financial Analyst,San Antonio,Australia
2556,Ethan,Garcia,ethan.garcia@outlook.com,+1-988-953-8084,Innovation Labs,Marketing Manager,Jacksonville,Australia
2557,Isabella,Rodriguez,isabella.rodriguez@company.com,+1-915-206-9731,Future Enterprises,Product Manager,Phoenix,Japan
2558,Oliver,Wilson,oliver.wilson@outlook.com,+1-333-279-3346,TechStart Inc,Marketing Manager,San Jose,Canada
2559,Liam,Smith,liam.smith@work.org,+1-763-612-8875,Acme Corp,Product Manager,Houston,Japan
2560,Mason,Taylor,mason.taylor@business.net,+1-457-797-3001,TechStart Inc,HR Specialist,San Antonio,Brazil
2561,Charlotte,Hernandez,charlotte.hernandez@yahoo.com,+1-312-340-5460,Digital Dynamics,DevOps Engineer,Charlotte,United States
2562,Mia,Jackson,mia.jackson@business.net,+1-965-132-8474,DataFlow Systems,Product Manager,Columbus,Germany
2563,Emma,Brown,emma.brown@yahoo.com,+1-981-391-6348,TechStart Inc,Software Engineer,Chicago,Canada
2564,Sophia,Thomas,sophia.thomas@yahoo.com,+1-917-858-5322,CloudTech Pro,Project Manager,Columbus,India
2565,Benjamin,Lopez,benjamin.lopez@yahoo.com,+1-216-966-5707,DataFlow Systems,Project Manager,Dallas,Mexico
2566,Mason,Lopez,mason.lopez@hotmail.com,+1-373-608-5342,Innovation Labs,Data Analyst,Jacksonville,France
2567,Sophia,Moore,sophia.moore@hotmail.com,+1-639-251-2019,Digital Dynamics,Project Manager,Dallas,United States
2568,Amelia,Anderson,amelia.anderson@gmail.com,+1-716-251-7874,Digital Dynamics,Product Manager,Austin,Japan
2569,Charlotte,Lopez,charlotte.lopez@work.org,+1-979-457-1364,TechStart Inc,UX Designer,Fort Worth,Canada
2570,Harper,Hernandez,harper.hernandez@company.com,+1-356-847-4254,Acme Corp,UX Designer,New York,Mexico
2571,Liam,Brown,liam.brown@business.net,+1-783-226-6859,Global Solutions,Marketing Manager,Phoenix,Germany
2572,Sophia,Martin,sophia.martin@business.net,+1-459-576-2676,CloudTech Pro,Software Engineer,Columbus,France
2573,William,Lopez,william.lopez@hotmail.com,+1-306-560-4887,Digital Dynamics,Marketing Manager,Jacksonville,United Kingdom
2574,Alexander,Garcia,alexander.garcia@hotmail.com,+1-605-532-6583,Innovation Labs,Data Analyst,Austin,Canada
2575,Isabella,Jones,isabella.jones@yahoo.com,+1-977-789-3314,Future Enterprises,DevOps Engineer,Fort Worth,Brazil
2576,Liam,Miller,liam.miller@outlook.com,+1-788-463-1460,Future Enterprises,Financial Analyst,Philadelphia,Germany
2577,Emma,Smith,emma.smith@yahoo.com,+1-762-953-4792,NextGen Software,Data Analyst,Fort Worth,Canada
2578,Benjamin,Thomas,benjamin.thomas@yahoo.com,+1-633-477-9970,Digital Dynamics,Product Manager,San Diego,Canada
2579,Alexander,Thomas,alexander.thomas@yahoo.com,+1-424-772-9497,Digital Dynamics,Marketing Manager,San Diego,United Kingdom
2580,Isabella,Anderson,isabella.anderson@hotmail.com,+1-618-464-8748,DataFlow Systems,HR Specialist,Philadelphia,Mexico
2581,Alexander,Williams,alexander.williams@company.com,+1-712-185-7086,DataFlow Systems,Project Manager,Phoenix,Mexico
2582,Charlotte,Taylor,charlotte.taylor@yahoo.com,+1-917-920-1019,DataFlow Systems,DevOps Engineer,Fort Worth,France
2583,Mia,Johnson,mia.johnson@business.net,+1-695-224-9588,Smart Analytics,Sales Representative,New York,United States
2584,Benjamin,Williams,benjamin.williams@yahoo.com,+1-454-891-6042,Innovation Labs,Financial Analyst,Houston,Brazil
2585,James,Hernandez,james.hernandez@work.org,+1-396-157-1033,NextGen Software,Data Analyst,New York,Mexico
2586,Oliver,Jones,oliver.jones@gmail.com,+1-983-729-6049,Global Solutions,UX Designer,San Diego,Brazil
2587,Mason,Johnson,mason.johnson@company.com,+1-477-869-2283,DataFlow Systems,DevOps Engineer,New York,Germany
2588,Amelia,Williams,amelia.williams@work.org,+1-845-432-9375,Smart Analytics,UX Designer,Charlotte,Mexico
2589,James,Taylor,james.taylor@business.net,+1-998-595-4469,Future Enterprises,Marketing Manager,Philadelphia,Mexico
2590,Noah,Jackson,noah.jackson@company.com,+1-672-912-4030,Smart Analytics,UX Designer,San Antonio,France
2591,Ethan,Anderson,ethan.anderson@hotmail.com,+1-243-909-9070,Acme Corp,Software Engineer,Jacksonville,Australia
2592,Ava,Rodriguez,ava.rodriguez@hotmail.com,+1-840-168-8740,Global Solutions,Marketing Manager,San Antonio,Mexico
2593,Benjamin,Moore,benjamin.moore@work.org,+1-726-508-9851,Acme Corp,UX Designer,San Jose,United Kingdom
2594,Charlotte,Taylor,charlotte.taylor@yahoo.com,+1-903-861-7497,Acme Corp,Product Manager,Phoenix,Australia
2595,Amelia,Lopez,amelia.lopez@work.org,+1-272-393-2662,Digital Dynamics,Sales Representative,Charlotte,Japan
2596,Lucas,Jones,lucas.jones@hotmail.com,+1-715-279-9321,Acme Corp,Product Manager,Phoenix,Japan
2597,Lucas,Moore,lucas.moore@business.net,+1-290-242-9864,Smart Analytics,Financial Analyst,Columbus,Canada
2598,Alexander,Wilson,alexander.wilson@business.net,+1-605-344-2604,Smart Analytics,HR Specialist,Charlotte,United States
2599,Benjamin,Brown,benjamin.brown@business.net,+1-895-916-1306,CloudTech Pro,UX Designer,San Diego,India
2600,Harper,Wilson,harper.wilson@hotmail.com,+1-831-120-8722,DataFlow Systems,Data Analyst,Philadelphia,Mexico
2601,James,Thomas,james.thomas@business.net,+1-747-773-5393,CloudTech Pro,Financial Analyst,Phoenix,Japan
2602,Liam,Rodriguez,liam.rodriguez@outlook.com,+1-249-459-1229,NextGen Software,UX Designer,New York,France
2603,Sophia,Anderson,sophia.anderson@yahoo.com,+1-691-545-5495,NextGen Software,Product Manager,New York,Australia
2604,Olivia,Gonzalez,olivia.gonzalez@company.com,+1-423-122-1362,Global Solutions,UX Designer,San Diego,United Kingdom
2605,Sophia,Miller,sophia.miller@outlook.com,+1-992-435-6448,NextGen Software,Marketing Manager,Houston,Canada
2606,Harper,Davis,harper.davis@business.net,+1-715-833-5159,Smart Analytics,DevOps Engineer,Houston,France
2607,Lucas,Gonzalez,lucas.gonzalez@work.org,+1-932-612-7435,CloudTech Pro,Financial Analyst,Phoenix,Australia
2608,Isabella,Moore,isabella.moore@gmail.com,+1-845-522-8036,CloudTech Pro,Financial Analyst,Jacksonville,United Kingdom
2609,William,Jackson,william.jackson@company.com,+1-837-975-9655,Future Enterprises,HR Specialist,Fort Worth,India
2610,Sophia,Wilson,sophia.wilson@gmail.com,+1-563-375-6392,Acme Corp,Product Manager,San Antonio,Mexico
2611,James,Lopez,james.lopez@work.org,+1-384-352-9597,DataFlow Systems,Project Manager,San Diego,Australia
2612,Amelia,Taylor,amelia.taylor@company.com,+1-566-159-8114,Future Enterprises,Software Engineer,Chicago,Canada
2613,Evelyn,Lopez,evelyn.lopez@company.com,+1-611-607-7998,Digital Dynamics,UX Designer,Phoenix,Canada
2614,Oliver,Martin,oliver.martin@gmail.com,+1-503-410-4558,Acme Corp,Financial Analyst,Chicago,Canada
2615,Isabella,Anderson,isabella.anderson@business.net,+1-423-874-4431,TechStart Inc,Marketing Manager,Charlotte,Australia
2616,William,Gonzalez,william.gonzalez@business.net,+1-759-644-6716,Smart Analytics,Financial Analyst,Fort Worth,Canada
2617,William,Hernandez,william.hernandez@yahoo.com,+1-529-611-1010,Smart Analytics,Project Manager,Charlotte,Mexico
2618,Emma,Johnson,emma.johnson@outlook.com,+1-253-628-7265,Global Solutions,Marketing Manager,Fort Worth,Australia
2619,Sophia,Moore,sophia.moore@business.net,+1-335-132-2963,Future Enterprises,Product Manager,Philadelphia,Brazil
2620,Lucas,Jones,lucas.jones@company.com,+1-878-802-5886,Global Solutions,Software Engineer,Jacksonville,Mexico
2621,Emma,Smith,emma.smith@outlook.com,+1-671-897-1269,DataFlow Systems,UX Designer,Chicago,Germany
2622,Lucas,Smith,lucas.smith@hotmail.com,+1-982-265-3773,NextGen Software,Project Manager,Jacksonville,Mexico
2623,Benjamin,Thomas,benjamin.thomas@hotmail.com,+1-407-578-4533,CloudTech Pro,Data Analyst,New York,Canada
2624,James,Thomas,james.thomas@hotmail.com,+1-653-256-2545,Smart Analytics,Data Analyst,New York,United States
2625,Mason,Gonzalez,mason.gonzalez@yahoo.com,+1-943-663-9129,Acme Corp,Data Analyst,San Diego,France
2626,Oliver,Anderson,oliver.anderson@gmail.com,+1-263-255-3428,NextGen Software,Project Manager,San Diego,Japan
2627,Oliver,Lopez,oliver.lopez@gmail.com,+1-708-600-3817,Acme Corp,Data Analyst,Jacksonville,Japan
2628,Benjamin,Taylor,benjamin.taylor@business.net,+1-796-670-9522,Digital Dynamics,UX Designer,Philadelphia,Mexico
2629,Lucas,Jones,lucas.jones@outlook.com,+1-941-605-8392,NextGen Software,Financial Analyst,Houston,Mexico
2630,Sophia,Garcia,sophia.garcia@company.com,+1-851-412-8240,DataFlow Systems,Project Manager,Columbus,France
2631,Ava,Wilson,ava.wilson@hotmail.com,+1-672-154-9611,Digital Dynamics,UX Designer,Phoenix,France
2632,Harper,Miller,harper.miller@business.net,+1-999-993-2370,Innovation Labs,Data Analyst,Philadelphia,Germany
2633,Olivia,Anderson,olivia.anderson@gmail.com,+1-221-800-6813,DataFlow Systems,Financial Analyst,Jacksonville,Canada
2634,Charlotte,Gonzalez,charlotte.gonzalez@business.net,+1-857-337-2079,DataFlow Systems,HR Specialist,San Antonio,Australia
2635,William,Jackson,william.jackson@gmail.com,+1-574-445-8251,Innovation Labs,Marketing Manager,Phoenix,Brazil
2636,Lucas,Miller,lucas.miller@gmail.com,+1-638-275-4342,Digital Dynamics,Software Engineer,Chicago,United States
2637,Mason,Thomas,mason.thomas@outlook.com,+1-728-159-4352,Future Enterprises,UX Designer,San Jose,Canada
2638,Lucas,Brown,lucas.brown@yahoo.com,+1-554-177-3048,Digital Dynamics,Project Manager,San Diego,France
2639,Mia,Jones,mia.jones@gmail.com,+1-457-247-3841,TechStart Inc,HR Specialist,Philadelphia,United States
2640,Ava,Anderson,ava.anderson@outlook.com,+1-983-319-7925,TechStart Inc,Software Engineer,Phoenix,Germany
2641,William,Jones,william.jones@outlook.com,+1-782-446-6915,Acme Corp,Data Analyst,Austin,United States
2642,Mason,Gonzalez,mason.gonzalez@yahoo.com,+1-545-337-5937,Acme Corp,Financial Analyst,San Diego,India
2643,Mia,Thomas,mia.thomas@outlook.com,+1-728-362-3270,NextGen Software,Financial Analyst,Los Angeles,Brazil
2644,Mason,Garcia,mason.garcia@outlook.com,+1-294-824-1664,CloudTech Pro,Software Engineer,Austin,Germany
2645,Benjamin,Smith,benjamin.smith@gmail.com,+1-733-647-4183,Digital Dynamics,Project Manager,Jacksonville,United Kingdom
2646,Noah,Williams,noah.williams@work.org,+1-458-361-5287,CloudTech Pro,UX Designer,San Antonio,United States
2647,Alexander,Martinez,alexander.martinez@work.org,+1-484-221-6899,NextGen Software,Financial Analyst,Philadelphia,Australia
2648,James,Williams,james.williams@business.net,+1-890-510-2848,Global Solutions,DevOps Engineer,San Jose,United Kingdom
2649,Mia,Williams,mia.williams@business.net,+1-382-988-5747,Smart Analytics,HR Specialist,Phoenix,Germany
2650,Ethan,Martinez,ethan.martinez@company.com,+1-457-738-8880,CloudTech Pro,Financial Analyst,Charlotte,Canada
2651,Charlotte,Rodriguez,charlotte.rodriguez@work.org,+1-744-831-6638,Acme Corp,Marketing Manager,Dallas,Brazil
2652,William,Smith,william.smith@gmail.com,+1-905-362-6326,TechStart Inc,HR Specialist,Philadelphia,India
2653,Oliver,Jackson,oliver.jackson@yahoo.com,+1-786-512-6914,Global Solutions,Project Manager,San Antonio,Australia
2654,Alexander,Garcia,alexander.garcia@yahoo.com,+1-833-284-2988,Future Enterprises,Financial Analyst,Charlotte,Germany
2655,Mason,Smith,mason.smith@company.com,+1-951-183-7309,NextGen Software,UX Designer,Jacksonville,Japan
2656,Oliver,Miller,oliver.miller@gmail.com,+1-264-348-3268,Innovation Labs,Financial Analyst,Dallas,Brazil
2657,Amelia,Jones,amelia.jones@gmail.com,+1-463-911-6052,Acme Corp,Data Analyst,New York,Germany
2658,Lucas,Lopez,lucas.lopez@outlook.com,+1-604-260-3501,Smart Analytics,HR Specialist,San Jose,India
2659,Harper,Johnson,harper.johnson@hotmail.com,+1-323-101-2678,Future Enterprises,DevOps Engineer,Phoenix,Canada
2660,Benjamin,Moore,benjamin.moore@business.net,+1-644-803-4136,Smart Analytics,Software Engineer,Austin,India
2661,James,Gonzalez,james.gonzalez@company.com,+1-787-788-1119,Future Enterprises,UX Designer,Dallas,Australia
2662,Isabella,Anderson,isabella.anderson@gmail.com,+1-589-437-5655,NextGen Software,DevOps Engineer,New York,United Kingdom
2663,Ethan,Brown,ethan.brown@company.com,+1-397-776-3068,Global Solutions,Product Manager,Austin,India
2664,James,Thomas,james.thomas@work.org,+1-781-970-6219,Global Solutions,Project Manager,Houston,France
2665,James,Lopez,james.lopez@hotmail.com,+1-646-916-5554,Global Solutions,Financial Analyst,Columbus,Japan
2666,Benjamin,Wilson,benjamin.wilson@hotmail.com,+1-203-380-3266,Smart Analytics,Software Engineer,New York,Canada
2667,Lucas,Miller,lucas.miller@hotmail.com,+1-227-730-4643,Future Enterprises,Product Manager,Phoenix,Mexico
2668,Ava,Gonzalez,ava.gonzalez@company.com,+1-927-157-8835,Global Solutions,Product Manager,San Diego,India
2669,Lucas,Martin,lucas.martin@gmail.com,+1-635-782-7345,CloudTech Pro,Project Manager,Chicago,India
2670,Ava,Anderson,ava.anderson@work.org,+1-218-301-4837,Innovation Labs,Software Engineer,San Jose,Japan
2671,Liam,Thomas,liam.thomas@outlook.com,+1-357-792-8709,Acme Corp,Data Analyst,Chicago,Brazil
2672,William,Hernandez,william.hernandez@company.com,+1-654-785-5843,Future Enterprises,Software Engineer,Houston,India
2673,Benjamin,Garcia,benjamin.garcia@gmail.com,+1-625-611-1195,CloudTech Pro,Product Manager,Austin,Canada
2674,Emma,Jones,emma.jones@yahoo.com,+1-942-124-9788,Smart Analytics,DevOps Engineer,Chicago,Mexico
2675,Evelyn,Garcia,evelyn.garcia@outlook.com,+1-309-330-7406,Innovation Labs,HR Specialist,Fort Worth,India
2676,Olivia,Thomas,olivia.thomas@business.net,+1-530-146-8602,Acme Corp,Software Engineer,San Diego,Germany
2677,William,Martinez,william.martinez@work.org,+1-525-350-1147,Innovation Labs,Data Analyst,Fort Worth,Australia
2678,Ava,Jones,ava.jones@yahoo.com,+1-361-117-7991,Global Solutions,Marketing Manager,San Antonio,Germany
2679,James,Anderson,james.anderson@company.com,+1-434-335-1365,Smart Analytics,Software Engineer,Austin,Brazil
2680,Emma,Jones,emma.jones@company.com,+1-753-579-3170,Smart Analytics,Software Engineer,Los Angeles,Japan
2681,Isabella,Jones,isabella.jones@work.org,+1-342-941-3992,TechStart Inc,Sales Representative,Austin,Japan
2682,Alexander,Johnson,alexander.johnson@gmail.com,+1-751-776-7169,DataFlow Systems,Sales Representative,San Antonio,Germany
2683,James,Anderson,james.anderson@outlook.com,+1-232-304-6643,DataFlow Systems,Data Analyst,New York,Brazil
2684,Charlotte,Anderson,charlotte.anderson@gmail.com,+1-221-883-7489,Future Enterprises,Marketing Manager,Columbus,France
2685,William,Brown,william.brown@yahoo.com,+1-210-250-8157,Global Solutions,Product Manager,Philadelphia,Australia
2686,Benjamin,Smith,benjamin.smith@business.net,+1-631-803-4431,Global Solutions,HR Specialist,Phoenix,United States
2687,Emma,Jackson,emma.jackson@company.com,+1-860-405-4757,Future Enterprises,Data Analyst,Dallas,France
2688,William,Williams,william.williams@company.com,+1-547-835-7021,DataFlow Systems,Software Engineer,Houston,United States
2689,Alexander,Williams,alexander.williams@outlook.com,+1-295-186-9747,Acme Corp,HR Specialist,Austin,Japan
2690,Ethan,Smith,ethan.smith@yahoo.com,+1-618-285-5211,Smart Analytics,HR Specialist,Austin,Australia
2691,Mason,Jackson,mason.jackson@work.org,+1-334-126-3337,CloudTech Pro,Product Manager,Philadelphia,Canada
2692,Isabella,Miller,isabella.miller@work.org,+1-775-248-6676,Innovation Labs,DevOps Engineer,Phoenix,Japan
2693,Benjamin,Smith,benjamin.smith@hotmail.com,+1-731-339-9613,Innovation Labs,Marketing Manager,San Antonio,Mexico
2694,Liam,Jones,liam.jones@business.net,+1-866-787-4091,DataFlow Systems,Data Analyst,Houston,Japan
2695,Emma,Wilson,emma.wilson@work.org,+1-962-952-3757,Future Enterprises,Sales Representative,Dallas,Brazil
2696,Mia,Miller,mia.miller@business.net,+1-636-408-5467,DataFlow Systems,Data Analyst,Los Angeles,Mexico
2697,William,Gonzalez,william.gonzalez@work.org,+1-559-849-8015,CloudTech Pro,UX Designer,Los Angeles,United Kingdom
2698,Isabella,Jackson,isabella.jackson@business.net,+1-796-186-6496,Innovation Labs,Financial Analyst,New York,Canada
2699,William,Smith,william.smith@hotmail.com,+1-993-858-7149,DataFlow Systems,Data Analyst,Los Angeles,Brazil
2700,James,Martin,james.martin@work.org,+1-555-280-8682,TechStart Inc,Product Manager,Chicago,United States
2701,Ava,Lopez,ava.lopez@hotmail.com,+1-671-310-9846,Digital Dynamics,Marketing Manager,Chicago,Mexico
2702,Alexander,Brown,alexander.brown@outlook.com,+1-614-702-8696,Future Enterprises,Marketing Manager,Los Angeles,United Kingdom
2703,Evelyn,Jackson,evelyn.jackson@company.com,+1-959-529-6393,NextGen Software,HR Specialist,Houston,Australia
2704,Noah,Johnson,noah.johnson@business.net,+1-527-544-1995,Innovation Labs,Sales Representative,New York,Australia
2705,Lucas,Martin,lucas.martin@yahoo.com,+1-242-687-6805,Smart Analytics,Financial Analyst,New York,United States
2706,Isabella,Thomas,isabella.thomas@business.net,+1-616-947-9138,Digital Dynamics,HR Specialist,San Diego,India
2707,Emma,Smith,emma.smith@gmail.com,+1-500-232-4921,Global Solutions,Software Engineer,Phoenix,France
2708,Sophia,Moore,sophia.moore@company.com,+1-409-636-4170,NextGen Software,Data Analyst,San Diego,Brazil
2709,Isabella,Martin,isabella.martin@gmail.com,+1-382-461-8210,Global Solutions,Data Analyst,Austin,Mexico
2710,Lucas,Thomas,lucas.thomas@gmail.com,+1-828-501-4401,NextGen Software,Project Manager,Philadelphia,France
2711,Sophia,Smith,sophia.smith@work.org,+1-282-933-9434,Future Enterprises,Data Analyst,Charlotte,India
2712,Emma,Jackson,emma.jackson@gmail.com,+1-287-917-5317,CloudTech Pro,DevOps Engineer,Phoenix,Japan
2713,Harper,Smith,harper.smith@business.net,+1-549-292-3829,Digital Dynamics,Financial Analyst,Los Angeles,Mexico
2714,Noah,Anderson,noah.anderson@gmail.com,+1-914-302-2427,CloudTech Pro,DevOps Engineer,Phoenix,Germany
2715,Olivia,Hernandez,olivia.hernandez@business.net,+1-350-221-6036,Digital Dynamics,HR Specialist,New York,United Kingdom
2716,Sophia,Gonzalez,sophia.gonzalez@yahoo.com,+1-325-348-1274,Acme Corp,HR Specialist,Charlotte,Mexico
2717,James,Williams,james.williams@gmail.com,+1-318-975-3237,Global Solutions,Project Manager,Houston,Canada
2718,Mason,Garcia,mason.garcia@company.com,+1-564-552-6598,DataFlow Systems,Data Analyst,San Jose,United States
2719,Liam,Brown,liam.brown@gmail.com,+1-932-461-8552,Smart Analytics,Software Engineer,Austin,India
2720,Mason,Jackson,mason.jackson@gmail.com,+1-314-828-1512,TechStart Inc,HR Specialist,San Antonio,France
2721,Ava,Rodriguez,ava.rodriguez@company.com,+1-943-412-8989,Innovation Labs,Software Engineer,Houston,France
2722,Lucas,Lopez,lucas.lopez@gmail.com,+1-393-236-9248,Global Solutions,Marketing Manager,San Diego,United States
2723,Charlotte,Jones,charlotte.jones@work.org,+1-464-204-2134,NextGen Software,Financial Analyst,San Diego,Mexico
2724,Olivia,Davis,olivia.davis@outlook.com,+1-299-964-1833,Future Enterprises,DevOps Engineer,San Jose,Germany
2725,Noah,Miller,noah.miller@gmail.com,+1-523-674-6202,NextGen Software,HR Specialist,Jacksonville,Canada
2726,Liam,Rodriguez,liam.rodriguez@business.net,+1-698-812-7231,Future Enterprises,DevOps Engineer,Columbus,United Kingdom
2727,Evelyn,Thomas,evelyn.thomas@work.org,+1-551-451-9362,DataFlow Systems,HR Specialist,New York,United States
2728,Charlotte,Smith,charlotte.smith@outlook.com,+1-786-212-2676,Smart Analytics,Product Manager,Columbus,India
2729,Emma,Davis,emma.davis@business.net,+1-797-917-9067,TechStart Inc,Financial Analyst,Chicago,Mexico
2730,Alexander,Lopez,alexander.lopez@company.com,+1-759-764-4760,CloudTech Pro,Project Manager,Dallas,Japan
2731,James,Brown,james.brown@company.com,+1-949-942-4475,Future Enterprises,Data Analyst,Los Angeles,United Kingdom
2732,William,Taylor,william.taylor@work.org,+1-483-236-9782,Digital Dynamics,Product Manager,San Jose,United States
2733,Ethan,Thomas,ethan.thomas@business.net,+1-966-818-4507,Digital Dynamics,UX Designer,San Antonio,Mexico
2734,Evelyn,Miller,evelyn.miller@work.org,+1-818-195-3649,NextGen Software,Data Analyst,San Jose,Australia
2735,Benjamin,Anderson,benjamin.anderson@outlook.com,+1-542-318-1746,Future Enterprises,Software Engineer,Columbus,France
2736,Benjamin,Rodriguez,benjamin.rodriguez@gmail.com,+1-797-694-8473,NextGen Software,DevOps Engineer,Dallas,Japan
2737,Evelyn,Jackson,evelyn.jackson@yahoo.com,+1-486-872-1702,CloudTech Pro,Marketing Manager,Charlotte,Mexico
2738,Sophia,Anderson,sophia.anderson@yahoo.com,+1-526-627-7591,CloudTech Pro,UX Designer,Charlotte,United States
2739,Evelyn,Hernandez,evelyn.hernandez@work.org,+1-614-150-5483,Smart Analytics,DevOps Engineer,Philadelphia,India
2740,Ava,Smith,ava.smith@yahoo.com,+1-693-237-7499,Smart Analytics,Marketing Manager,Fort Worth,Germany
2741,Noah,Taylor,noah.taylor@gmail.com,+1-201-197-6783,Smart Analytics,Sales Representative,Chicago,Australia
2742,Harper,Williams,harper.williams@business.net,+1-764-922-3414,Digital Dynamics,Project Manager,Phoenix,France
2743,Harper,Moore,harper.moore@yahoo.com,+1-283-483-6886,Digital Dynamics,Project Manager,Dallas,Australia
2744,Evelyn,Moore,evelyn.moore@hotmail.com,+1-757-967-6729,Digital Dynamics,Data Analyst,Fort Worth,Canada
2745,Emma,Taylor,emma.taylor@business.net,+1-625-699-5878,DataFlow Systems,Product Manager,San Diego,Japan
2746,Benjamin,Williams,benjamin.williams@yahoo.com,+1-995-492-8986,DataFlow Systems,HR Specialist,Jacksonville,Japan
2747,Isabella,Moore,isabella.moore@gmail.com,+1-551-742-6384,Digital Dynamics,DevOps Engineer,San Antonio,Mexico
2748,James,Brown,james.brown@yahoo.com,+1-226-106-7848,TechStart Inc,Financial Analyst,Dallas,Australia
2749,James,Martin,james.martin@outlook.com,+1-362-471-2554,DataFlow Systems,HR Specialist,San Antonio,United States
2750,Mia,Gonzalez,mia.gonzalez@company.com,+1-264-192-2053,Future Enterprises,Financial Analyst,Jacksonville,United Kingdom
2751,Emma,Martinez,emma.martinez@hotmail.com,+1-723-218-3985,DataFlow Systems,UX Designer,Fort Worth,India
2752,Alexander,Martin,alexander.martin@hotmail.com,+1-499-666-2883,Future Enterprises,UX Designer,New York,Canada
2753,Mason,Hernandez,mason.hernandez@work.org,+1-433-488-8200,Digital Dynamics,Financial Analyst,Columbus,Australia
2754,Oliver,Miller,oliver.miller@yahoo.com,+1-457-898-3082,TechStart Inc,Marketing Manager,Los Angeles,Germany
2755,Amelia,Taylor,amelia.taylor@business.net,+1-666-934-8361,Global Solutions,Product Manager,Philadelphia,Brazil
2756,James,Martin,james.martin@work.org,+1-519-870-3246,Global Solutions,Project Manager,Dallas,Mexico
2757,Sophia,Thomas,sophia.thomas@hotmail.com,+1-438-674-5586,Smart Analytics,Software Engineer,San Antonio,Japan
2758,Emma,Jones,emma.jones@work.org,+1-926-626-4920,CloudTech Pro,Marketing Manager,Houston,Brazil
2759,Charlotte,Jones,charlotte.jones@gmail.com,+1-258-696-3410,Innovation Labs,Financial Analyst,Charlotte,Australia
2760,Mia,Taylor,mia.taylor@hotmail.com,+1-574-942-8782,DataFlow Systems,Data Analyst,Los Angeles,Germany
2761,Ethan,Smith,ethan.smith@hotmail.com,+1-995-546-5733,Smart Analytics,UX Designer,San Antonio,Australia
2762,Alexander,Gonzalez,alexander.gonzalez@business.net,+1-653-312-5866,Smart Analytics,DevOps Engineer,Chicago,Brazil
2763,Emma,Davis,emma.davis@work.org,+1-467-395-4468,TechStart Inc,Project Manager,Jacksonville,Canada
2764,Isabella,Williams,isabella.williams@outlook.com,+1-240-363-8256,NextGen Software,Financial Analyst,San Antonio,United States
2765,Isabella,Brown,isabella.brown@hotmail.com,+1-865-956-5286,Acme Corp,Sales Representative,San Antonio,India
2766,Alexander,Jones,alexander.jones@business.net,+1-779-549-9335,Digital Dynamics,Software Engineer,Chicago,Mexico
2767,Lucas,Hernandez,lucas.hernandez@outlook.com,+1-990-683-1713,DataFlow Systems,DevOps Engineer,San Antonio,Australia
2768,Mia,Williams,mia.williams@outlook.com,+1-600-850-2231,NextGen Software,Sales Representative,Dallas,United Kingdom
2769,Evelyn,Martin,evelyn.martin@business.net,+1-725-638-8710,Future Enterprises,Marketing Manager,Austin,Germany
2770,Ava,Wilson,ava.wilson@gmail.com,+1-302-741-7511,Global Solutions,Sales Representative,Chicago,Australia
2771,Benjamin,Jones,benjamin.jones@business.net,+1-861-550-1497,Acme Corp,Marketing Manager,San Jose,Mexico
2772,Evelyn,Gonzalez,evelyn.gonzalez@company.com,+1-752-323-2120,Future Enterprises,UX Designer,San Diego,India
2773,Ethan,Jones,ethan.jones@outlook.com,+1-877-815-7656,Future Enterprises,Software Engineer,San Diego,United States
2774,Liam,Anderson,liam.anderson@gmail.com,+1-854-490-7180,DataFlow Systems,Software Engineer,Chicago,Germany
2775,Emma,Wilson,emma.wilson@business.net,+1-649-698-8265,NextGen Software,DevOps Engineer,Dallas,India
2776,Oliver,Moore,oliver.moore@outlook.com,+1-619-670-1318,Acme Corp,HR Specialist,Houston,Australia
2777,Sophia,Hernandez,sophia.hernandez@gmail.com,+1-257-608-1864,CloudTech Pro,UX Designer,Houston,Australia
2778,Harper,Garcia,harper.garcia@company.com,+1-768-809-8819,CloudTech Pro,Data Analyst,New York,Canada
2779,Isabella,Thomas,isabella.thomas@hotmail.com,+1-962-125-9870,TechStart Inc,DevOps Engineer,Philadelphia,Germany
2780,Amelia,Moore,amelia.moore@company.com,+1-883-742-3277,Global Solutions,DevOps Engineer,Jacksonville,France
2781,Amelia,Martinez,amelia.martinez@outlook.com,+1-950-662-9220,CloudTech Pro,Product Manager,Charlotte,United States
2782,William,Miller,william.miller@company.com,+1-857-818-4783,Innovation Labs,DevOps Engineer,Fort Worth,Brazil
2783,Mia,Jones,mia.jones@gmail.com,+1-266-659-9350,Smart Analytics,Product Manager,Austin,Canada
2784,Ava,Wilson,ava.wilson@company.com,+1-210-484-2117,Future Enterprises,Sales Representative,Chicago,Canada
2785,Amelia,Moore,amelia.moore@outlook.com,+1-375-962-6897,Innovation Labs,DevOps Engineer,Fort Worth,India
2786,Olivia,Williams,olivia.williams@hotmail.com,+1-750-372-4171,Digital Dynamics,Product Manager,Fort Worth,India
2787,Mason,Johnson,mason.johnson@work.org,+1-889-866-9039,NextGen Software,Project Manager,Fort Worth,Brazil
2788,Ava,Williams,ava.williams@hotmail.com,+1-656-684-9289,Digital Dynamics,Project Manager,Austin,France
2789,Mia,Martinez,mia.martinez@work.org,+1-824-996-3866,Digital Dynamics,Project Manager,Chicago,Brazil
2790,Mason,Jackson,mason.jackson@business.net,+1-315-250-2428,CloudTech Pro,Software Engineer,Charlotte,United States
2791,James,Brown,james.brown@gmail.com,+1-599-135-5555,NextGen Software,Software Engineer,Los Angeles,United States
2792,Ava,Johnson,ava.johnson@business.net,+1-402-712-4707,Digital Dynamics,Product Manager,Charlotte,Canada
2793,William,Lopez,william.lopez@business.net,+1-290-510-8278,Future Enterprises,Product Manager,Dallas,United Kingdom
2794,William,Miller,william.miller@company.com,+1-567-280-7225,DataFlow Systems,Data Analyst,Fort Worth,Mexico
2795,Oliver,Hernandez,oliver.hernandez@work.org,+1-304-583-4861,Smart Analytics,Product Manager,San Jose,France
2796,Ethan,Williams,ethan.williams@company.com,+1-566-471-8693,Global Solutions,Sales Representative,Philadelphia,Australia
2797,Liam,Martinez,liam.martinez@business.net,+1-255-119-7339,Innovation Labs,Project Manager,Fort Worth,Mexico
2798,Harper,Davis,harper.davis@company.com,+1-647-731-4298,Acme Corp,Marketing Manager,Columbus,Brazil
2799,Harper,Lopez,harper.lopez@company.com,+1-789-406-7612,DataFlow Systems,Product Manager,Philadelphia,France
2800,Olivia,Brown,olivia.brown@outlook.com,+1-534-972-4771,CloudTech Pro,DevOps Engineer,Phoenix,United Kingdom
2801,Liam,Martinez,liam.martinez@gmail.com,+1-968-625-1043,Acme Corp,Data Analyst,Austin,France
2802,Lucas,Williams,lucas.williams@work.org,+1-891-832-4201,DataFlow Systems,Product Manager,Charlotte,Canada
2803,Olivia,Williams,olivia.williams@work.org,+1-914-658-8080,Acme Corp,DevOps Engineer,Phoenix,Brazil
2804,Lucas,Martin,lucas.martin@gmail.com,+1-765-214-4919,Innovation Labs,Financial Analyst,San Jose,Germany
2805,Alexander,Rodriguez,alexander.rodriguez@work.org,+1-619-700-9196,CloudTech Pro,UX Designer,San Antonio,Canada
2806,William,Moore,william.moore@work.org,+1-537-171-2619,Smart Analytics,HR Specialist,Jacksonville,United States
2807,Emma,Garcia,emma.garcia@business.net,+1-652-541-2894,NextGen Software,Project Manager,Los Angeles,Australia
2808,Charlotte,Anderson,charlotte.anderson@company.com,+1-593-972-3367,Innovation Labs,Marketing Manager,Austin,United States
2809,Mason,Smith,mason.smith@company.com,+1-943-910-6044,Digital Dynamics,HR Specialist,San Antonio,France
2810,Noah,Jones,noah.jones@hotmail.com,+1-467-628-6244,Acme Corp,Financial Analyst,Los Angeles,Germany
2811,Ethan,Lopez,ethan.lopez@hotmail.com,+1-372-475-5537,Future Enterprises,UX Designer,Columbus,France
2812,Ethan,Hernandez,ethan.hernandez@work.org,+1-598-711-1854,Acme Corp,Marketing Manager,Chicago,France
2813,Lucas,Jones,lucas.jones@hotmail.com,+1-998-810-4388,Future Enterprises,Product Manager,Charlotte,Japan
2814,James,Jones,james.jones@gmail.com,+1-336-514-7918,Smart Analytics,Product Manager,Los Angeles,Mexico
2815,Noah,Smith,noah.smith@business.net,+1-386-413-4340,Acme Corp,HR Specialist,Charlotte,Brazil
2816,Ethan,Johnson,ethan.johnson@hotmail.com,+1-977-961-9982,TechStart Inc,DevOps Engineer,Houston,India
2817,Emma,Wilson,emma.wilson@yahoo.com,+1-447-193-8407,DataFlow Systems,Financial Analyst,Charlotte,Germany
2818,Liam,Smith,liam.smith@gmail.com,+1-379-876-8417,NextGen Software,DevOps Engineer,San Jose,United States
2819,Noah,Smith,noah.smith@outlook.com,+1-868-631-9473,Acme Corp,Data Analyst,Dallas,France
2820,Liam,Miller,liam.miller@outlook.com,+1-834-226-2775,DataFlow Systems,UX Designer,Columbus,Mexico
2821,Noah,Smith,noah.smith@outlook.com,+1-211-844-5056,Future Enterprises,DevOps Engineer,Los Angeles,United Kingdom
2822,Amelia,Moore,amelia.moore@business.net,+1-544-814-1282,Future Enterprises,UX Designer,San Jose,France
2823,Benjamin,Jones,benjamin.jones@outlook.com,+1-603-848-4973,CloudTech Pro,DevOps Engineer,Jacksonville,France
2824,Evelyn,Thomas,evelyn.thomas@yahoo.com,+1-297-362-9070,DataFlow Systems,Project Manager,Austin,India
2825,Amelia,Johnson,amelia.johnson@work.org,+1-852-139-9349,Global Solutions,Financial Analyst,Philadelphia,United States
2826,Harper,Lopez,harper.lopez@outlook.com,+1-844-193-2291,NextGen Software,DevOps Engineer,Los Angeles,India
2827,Harper,Davis,harper.davis@hotmail.com,+1-655-358-7362,Future Enterprises,Financial Analyst,Fort Worth,Japan
2828,Sophia,Johnson,sophia.johnson@work.org,+1-768-995-5988,Global Solutions,Product Manager,Phoenix,France
2829,Amelia,Jackson,amelia.jackson@work.org,+1-383-286-2839,Acme Corp,Sales Representative,Dallas,Australia
2830,Evelyn,Lopez,evelyn.lopez@business.net,+1-503-563-4191,Future Enterprises,UX Designer,New York,United States
2831,Evelyn,Taylor,evelyn.taylor@hotmail.com,+1-500-144-3442,DataFlow Systems,HR Specialist,Columbus,United States
2832,Liam,Hernandez,liam.hernandez@hotmail.com,+1-609-277-7017,Future Enterprises,Data Analyst,Austin,France
2833,Charlotte,Jones,charlotte.jones@company.com,+1-323-769-3616,Future Enterprises,UX Designer,San Jose,France
2834,William,Rodriguez,william.rodriguez@yahoo.com,+1-933-680-9462,Global Solutions,Product Manager,Fort Worth,Mexico
2835,Isabella,Brown,isabella.brown@yahoo.com,+1-548-980-7415,Global Solutions,Software Engineer,New York,Mexico
2836,Ava,Hernandez,ava.hernandez@work.org,+1-208-440-7660,CloudTech Pro,Software Engineer,San Antonio,Japan
2837,Mason,Garcia,mason.garcia@outlook.com,+1-832-512-3449,DataFlow Systems,Software Engineer,Austin,France
2838,Noah,Jones,noah.jones@business.net,+1-749-405-6477,Global Solutions,Product Manager,San Jose,Mexico
2839,Charlotte,Jackson,charlotte.jackson@company.com,+1-756-792-4824,DataFlow Systems,HR Specialist,San Antonio,Mexico
2840,Mason,Martinez,mason.martinez@yahoo.com,+1-632-324-9289,NextGen Software,Software Engineer,Phoenix,Australia
2841,James,Rodriguez,james.rodriguez@outlook.com,+1-986-751-8726,Digital Dynamics,Marketing Manager,Houston,Canada
2842,Noah,Johnson,noah.johnson@outlook.com,+1-839-973-6395,Smart Analytics,Product Manager,New York,United States
2843,Ethan,Williams,ethan.williams@hotmail.com,+1-257-901-5321,CloudTech Pro,Software Engineer,New York,Australia
2844,Sophia,Anderson,sophia.anderson@business.net,+1-555-642-6384,Smart Analytics,Software Engineer,New York,France
2845,Amelia,Moore,amelia.moore@yahoo.com,+1-365-866-3190,Acme Corp,Financial Analyst,San Diego,Canada
2846,Benjamin,Miller,benjamin.miller@work.org,+1-318-469-3107,CloudTech Pro,Data Analyst,San Jose,France
2847,Olivia,Garcia,olivia.garcia@gmail.com,+1-794-195-4348,TechStart Inc,Product Manager,Houston,Germany
2848,Evelyn,Williams,evelyn.williams@gmail.com,+1-601-382-2201,Digital Dynamics,DevOps Engineer,Columbus,India
2849,William,Jones,william.jones@yahoo.com,+1-248-463-3366,Acme Corp,Data Analyst,Chicago,Germany
2850,Sophia,Davis,sophia.davis@yahoo.com,+1-279-433-3352,Future Enterprises,Sales Representative,New York,Germany
2851,Oliver,Jones,oliver.jones@business.net,+1-824-128-5497,NextGen Software,Sales Representative,Chicago,Australia
2852,Ethan,Taylor,ethan.taylor@yahoo.com,+1-514-176-8923,NextGen Software,HR Specialist,Philadelphia,India
2853,Alexander,Anderson,alexander.anderson@company.com,+1-236-929-1987,DataFlow Systems,HR Specialist,Jacksonville,Canada
2854,Sophia,Anderson,sophia.anderson@outlook.com,+1-853-570-1053,Future Enterprises,DevOps Engineer,San Diego,United Kingdom
2855,Harper,Davis,harper.davis@business.net,+1-898-775-8571,TechStart Inc,Data Analyst,Philadelphia,Brazil
2856,Olivia,Lopez,olivia.lopez@business.net,+1-432-219-3136,Future Enterprises,Project Manager,New York,Australia
2857,Olivia,Moore,olivia.moore@outlook.com,+1-417-516-7222,Global Solutions,Product Manager,San Antonio,Australia
2858,Benjamin,Gonzalez,benjamin.gonzalez@work.org,+1-261-444-7544,Global Solutions,UX Designer,San Antonio,Mexico
2859,Emma,Jackson,emma.jackson@hotmail.com,+1-593-332-8734,DataFlow Systems,Financial Analyst,Columbus,France
2860,Ava,Lopez,ava.lopez@business.net,+1-943-838-1268,Innovation Labs,UX Designer,Jacksonville,Canada
2861,Ethan,Jackson,ethan.jackson@outlook.com,+1-342-942-3537,TechStart Inc,UX Designer,Jacksonville,United Kingdom
2862,Mia,Smith,mia.smith@yahoo.com,+1-271-757-2788,Smart Analytics,Marketing Manager,Austin,Germany
2863,Evelyn,Gonzalez,evelyn.gonzalez@business.net,+1-235-882-7227,Acme Corp,Product Manager,Austin,Mexico
2864,Olivia,Jackson,olivia.jackson@hotmail.com,+1-652-347-9268,Digital Dynamics,DevOps Engineer,Chicago,United Kingdom
2865,Isabella,Martin,isabella.martin@yahoo.com,+1-413-997-5128,CloudTech Pro,Data Analyst,San Antonio,Brazil
2866,James,Hernandez,james.hernandez@business.net,+1-981-394-4776,Innovation Labs,Marketing Manager,San Jose,Mexico
2867,Mason,Miller,mason.miller@company.com,+1-283-919-9887,Future Enterprises,Financial Analyst,Houston,India
2868,Evelyn,Jones,evelyn.jones@hotmail.com,+1-404-597-9586,Innovation Labs,Software Engineer,Charlotte,Canada
2869,Mia,Gonzalez,mia.gonzalez@hotmail.com,+1-231-311-4557,Future Enterprises,Project Manager,Dallas,France
2870,Amelia,Hernandez,amelia.hernandez@business.net,+1-545-891-4186,Acme Corp,UX Designer,Los Angeles,Canada
2871,Lucas,Anderson,lucas.anderson@company.com,+1-550-422-8213,Future Enterprises,UX Designer,Jacksonville,Australia
2872,Lucas,Miller,lucas.miller@gmail.com,+1-691-945-3087,Global Solutions,Product Manager,Charlotte,India
2873,James,Anderson,james.anderson@hotmail.com,+1-236-501-1312,NextGen Software,Sales Representative,San Antonio,India
2874,Evelyn,Garcia,evelyn.garcia@hotmail.com,+1-703-266-3145,DataFlow Systems,Marketing Manager,Phoenix,United States
2875,Amelia,Lopez,amelia.lopez@yahoo.com,+1-785-732-4449,Acme Corp,Data Analyst,Los Angeles,Brazil
2876,Ethan,Rodriguez,ethan.rodriguez@company.com,+1-289-222-9408,Global Solutions,Sales Representative,Columbus,France
2877,William,Thomas,william.thomas@outlook.com,+1-723-107-1015,Future Enterprises,Sales Representative,Fort Worth,Japan
2878,Mia,Johnson,mia.johnson@outlook.com,+1-780-574-8373,Digital Dynamics,Project Manager,Houston,United Kingdom
2879,Oliver,Jones,oliver.jones@yahoo.com,+1-464-373-1081,Innovation Labs,HR Specialist,San Diego,Canada
2880,William,Brown,william.brown@hotmail.com,+1-891-177-4432,NextGen Software,Project Manager,Fort Worth,United States
2881,Mia,Moore,mia.moore@gmail.com,+1-597-363-7907,Smart Analytics,Project Manager,Philadelphia,Canada
2882,Noah,Anderson,noah.anderson@work.org,+1-933-459-5130,Acme Corp,DevOps Engineer,San Antonio,France
2883,William,Thomas,william.thomas@yahoo.com,+1-271-397-3512,Digital Dynamics,Product Manager,Columbus,Germany
2884,Olivia,Smith,olivia.smith@outlook.com,+1-316-951-7684,Future Enterprises,Marketing Manager,Dallas,Canada
2885,Ethan,Williams,ethan.williams@hotmail.com,+1-279-947-9802,DataFlow Systems,Data Analyst,New York,Brazil
2886,Evelyn,Rodriguez,evelyn.rodriguez@company.com,+1-878-566-8258,NextGen Software,Financial Analyst,New York,Germany
2887,Ava,Davis,ava.davis@business.net,+1-922-115-2326,Innovation Labs,Marketing Manager,Chicago,United States
2888,Ava,Martinez,ava.martinez@work.org,+1-452-836-2333,Acme Corp,Product Manager,Phoenix,United States
2889,Isabella,Davis,isabella.davis@gmail.com,+1-721-384-7732,Future Enterprises,Financial Analyst,Phoenix,Mexico
2890,Alexander,Miller,alexander.miller@business.net,+1-756-741-8160,Acme Corp,HR Specialist,Charlotte,Germany
2891,William,Hernandez,william.hernandez@business.net,+1-407-785-5099,Smart Analytics,Software Engineer,Fort Worth,Mexico
2892,Ethan,Taylor,ethan.taylor@yahoo.com,+1-673-533-1866,Digital Dynamics,UX Designer,Dallas,Brazil
2893,James,Jones,james.jones@outlook.com,+1-300-341-2491,NextGen Software,UX Designer,San Diego,Australia
2894,Sophia,Anderson,sophia.anderson@yahoo.com,+1-919-447-4663,Future Enterprises,Sales Representative,Dallas,United Kingdom
2895,Liam,Thomas,liam.thomas@work.org,+1-823-334-2530,DataFlow Systems,DevOps Engineer,Dallas,United States
2896,Noah,Wilson,noah.wilson@work.org,+1-452-755-2360,DataFlow Systems,Marketing Manager,New York,Australia
2897,Oliver,Moore,oliver.moore@outlook.com,+1-992-947-1467,Innovation Labs,Marketing Manager,Jacksonville,Brazil
2898,Mason,Garcia,mason.garcia@company.com,+1-638-808-1610,Acme Corp,Sales Representative,San Diego,India
2899,Isabella,Anderson,isabella.anderson@yahoo.com,+1-837-828-9987,Smart Analytics,Sales Representative,Dallas,Canada
2900,Benjamin,Martin,benjamin.martin@gmail.com,+1-999-508-3169,NextGen Software,Project Manager,Houston,Australia
2901,Lucas,Brown,lucas.brown@outlook.com,+1-344-215-1131,TechStart Inc,UX Designer,Columbus,Canada
2902,Evelyn,Martin,evelyn.martin@company.com,+1-468-563-8485,Innovation Labs,Product Manager,Austin,India
2903,Liam,Gonzalez,liam.gonzalez@outlook.com,+1-261-427-3870,TechStart Inc,Financial Analyst,Dallas,Germany
2904,Alexander,Gonzalez,alexander.gonzalez@hotmail.com,+1-426-262-6144,DataFlow Systems,Financial Analyst,Philadelphia,Mexico
2905,Charlotte,Anderson,charlotte.anderson@work.org,+1-433-766-2190,Innovation Labs,Product Manager,Dallas,United States
2906,Sophia,Brown,sophia.brown@gmail.com,+1-441-851-9679,TechStart Inc,Software Engineer,Austin,Mexico
2907,Mia,Lopez,mia.lopez@yahoo.com,+1-763-488-4523,Acme Corp,Data Analyst,San Diego,Mexico
2908,Charlotte,Jackson,charlotte.jackson@gmail.com,+1-962-473-8094,Acme Corp,Data Analyst,San Jose,Australia
2909,Alexander,Anderson,alexander.anderson@outlook.com,+1-466-671-2792,CloudTech Pro,Software Engineer,San Antonio,Japan
2910,Ava,Williams,ava.williams@company.com,+1-359-581-6700,TechStart Inc,Data Analyst,Charlotte,United Kingdom
2911,Liam,Jones,liam.jones@outlook.com,+1-559-552-4611,Digital Dynamics,Sales Representative,Jacksonville,Germany
2912,Sophia,Moore,sophia.moore@gmail.com,+1-692-280-2088,Smart Analytics,Marketing Manager,Philadelphia,Mexico
2913,Mason,Johnson,mason.johnson@hotmail.com,+1-287-962-5729,Future Enterprises,Product Manager,San Jose,France
2914,Mia,Anderson,mia.anderson@gmail.com,+1-502-521-4677,Acme Corp,Sales Representative,San Antonio,Australia
2915,Sophia,Miller,sophia.miller@gmail.com,+1-355-753-3663,Digital Dynamics,Sales Representative,San Diego,Japan
2916,Charlotte,Jones,charlotte.jones@business.net,+1-809-176-5790,Smart Analytics,Financial Analyst,Charlotte,Brazil
2917,Noah,Jones,noah.jones@work.org,+1-208-239-6921,TechStart Inc,Data Analyst,New York,Canada
2918,Sophia,Martinez,sophia.martinez@company.com,+1-485-622-6268,CloudTech Pro,HR Specialist,Phoenix,Brazil
2919,Noah,Gonzalez,noah.gonzalez@yahoo.com,+1-772-704-1767,Future Enterprises,Software Engineer,Houston,Germany
2920,Ethan,Anderson,ethan.anderson@outlook.com,+1-561-264-6905,DataFlow Systems,Product Manager,San Diego,Australia
2921,Oliver,Miller,oliver.miller@gmail.com,+1-693-451-4705,CloudTech Pro,DevOps Engineer,Jacksonville,Japan
2922,Evelyn,Miller,evelyn.miller@company.com,+1-538-498-1189,Innovation Labs,DevOps Engineer,Fort Worth,Brazil
2923,William,Thomas,william.thomas@hotmail.com,+1-334-679-8335,CloudTech Pro,HR Specialist,New York,United States
2924,James,Jones,james.jones@company.com,+1-775-125-4777,CloudTech Pro,Project Manager,Philadelphia,Australia
2925,William,Davis,william.davis@work.org,+1-853-252-8607,DataFlow Systems,Marketing Manager,Chicago,Brazil
2926,Charlotte,Martin,charlotte.martin@business.net,+1-269-490-3137,TechStart Inc,Data Analyst,Jacksonville,United States
2927,Lucas,Williams,lucas.williams@gmail.com,+1-875-261-4317,TechStart Inc,Project Manager,Austin,Brazil
2928,Oliver,Garcia,oliver.garcia@company.com,+1-250-269-5270,Acme Corp,Sales Representative,Austin,Mexico
2929,Mia,Jones,mia.jones@work.org,+1-798-440-8210,Digital Dynamics,Software Engineer,Columbus,Canada
2930,Isabella,Thomas,isabella.thomas@hotmail.com,+1-470-936-4886,Global Solutions,DevOps Engineer,Jacksonville,Australia
2931,Ethan,Brown,ethan.brown@company.com,+1-518-648-5227,Global Solutions,UX Designer,Chicago,Germany
2932,Charlotte,Gonzalez,charlotte.gonzalez@business.net,+1-447-755-9716,DataFlow Systems,Software Engineer,Houston,India
2933,Mason,Moore,mason.moore@hotmail.com,+1-876-442-4473,Acme Corp,HR Specialist,New York,United States
2934,William,Hernandez,william.hernandez@work.org,+1-294-403-6134,Acme Corp,Sales Representative,Columbus,France
2935,Liam,Gonzalez,liam.gonzalez@business.net,+1-255-297-2622,Smart Analytics,Product Manager,New York,Brazil
2936,Mia,Williams,mia.williams@business.net,+1-771-541-7400,Digital Dynamics,Marketing Manager,Fort Worth,Brazil
2937,Amelia,Anderson,amelia.anderson@hotmail.com,+1-381-520-8794,NextGen Software,DevOps Engineer,New York,Brazil
2938,James,Wilson,james.wilson@yahoo.com,+1-867-408-2099,Future Enterprises,Financial Analyst,Columbus,Mexico
2939,Mason,Smith,mason.smith@yahoo.com,+1-678-893-2892,Innovation Labs,Marketing Manager,San Diego,Japan
2940,Evelyn,Martinez,evelyn.martinez@gmail.com,+1-658-574-5319,Future Enterprises,Data Analyst,Phoenix,Japan
2941,Charlotte,Miller,charlotte.miller@hotmail.com,+1-447-234-7786,CloudTech Pro,Sales Representative,San Antonio,Canada
2942,Oliver,Jackson,oliver.jackson@company.com,+1-960-481-5655,Global Solutions,Sales Representative,Philadelphia,United Kingdom
2943,Liam,Smith,liam.smith@outlook.com,+1-853-793-4417,TechStart Inc,Marketing Manager,Jacksonville,India
2944,Lucas,Miller,lucas.miller@business.net,+1-923-679-2324,DataFlow Systems,Data Analyst,Philadelphia,Brazil
2945,Oliver,Moore,oliver.moore@yahoo.com,+1-858-360-5839,Future Enterprises,Financial Analyst,Charlotte,United States
2946,Amelia,Hernandez,amelia.hernandez@company.com,+1-411-465-8541,NextGen Software,Product Manager,Phoenix,Japan
2947,Lucas,Smith,lucas.smith@company.com,+1-310-365-9960,Global Solutions,Project Manager,Charlotte,India
2948,Olivia,Rodriguez,olivia.rodriguez@work.org,+1-326-926-6420,Future Enterprises,UX Designer,Dallas,Australia
2949,Sophia,Taylor,sophia.taylor@hotmail.com,+1-438-252-4442,Acme Corp,Marketing Manager,Columbus,Germany
2950,Liam,Davis,liam.davis@yahoo.com,+1-587-580-7495,Acme Corp,Product Manager,Fort Worth,Germany
2951,Charlotte,Moore,charlotte.moore@company.com,+1-682-848-4805,Future Enterprises,Sales Representative,San Diego,Mexico
2952,Isabella,Thomas,isabella.thomas@hotmail.com,+1-473-865-7915,TechStart Inc,Sales Representative,Charlotte,Mexico
2953,Harper,Davis,harper.davis@company.com,+1-975-873-6234,Future Enterprises,Financial Analyst,Philadelphia,France
2954,Lucas,Rodriguez,lucas.rodriguez@company.com,+1-794-953-7263,NextGen Software,Marketing Manager,Charlotte,Germany
2955,Ava,Hernandez,ava.hernandez@yahoo.com,+1-477-428-8591,Innovation Labs,Project Manager,San Jose,Mexico
2956,Amelia,Wilson,amelia.wilson@outlook.com,+1-778-985-5965,DataFlow Systems,Software Engineer,Philadelphia,Mexico
2957,Olivia,Davis,olivia.davis@outlook.com,+1-896-672-9102,Digital Dynamics,Software Engineer,Houston,Germany
2958,Benjamin,Garcia,benjamin.garcia@company.com,+1-922-291-8439,Digital Dynamics,Marketing Manager,Chicago,Mexico
2959,Charlotte,Martin,charlotte.martin@hotmail.com,+1-655-792-5894,NextGen Software,Financial Analyst,Austin,Brazil
2960,Benjamin,Jones,benjamin.jones@yahoo.com,+1-948-326-2459,TechStart Inc,HR Specialist,San Antonio,United Kingdom
2961,Emma,Brown,emma.brown@outlook.com,+1-334-369-2436,Smart Analytics,Project Manager,San Jose,United Kingdom
2962,Amelia,Jones,amelia.jones@work.org,+1-604-955-4937,Innovation Labs,Project Manager,Fort Worth,United Kingdom
2963,Harper,Jones,harper.jones@work.org,+1-599-835-4899,Acme Corp,Project Manager,Dallas,Canada
2964,Ava,Martin,ava.martin@hotmail.com,+1-875-439-3988,NextGen Software,Project Manager,Phoenix,Australia
2965,Emma,Jones,emma.jones@hotmail.com,+1-956-631-9704,Acme Corp,Product Manager,Phoenix,Japan
2966,Isabella,Moore,isabella.moore@hotmail.com,+1-383-822-5669,Future Enterprises,UX Designer,San Jose,Mexico
2967,Evelyn,Rodriguez,evelyn.rodriguez@company.com,+1-755-108-5713,NextGen Software,Product Manager,Houston,Japan
2968,Harper,Taylor,harper.taylor@business.net,+1-493-870-6160,Smart Analytics,Marketing Manager,Houston,France
2969,Isabella,Jackson,isabella.jackson@outlook.com,+1-700-632-5453,Acme Corp,Product Manager,Dallas,United States
2970,Noah,Garcia,noah.garcia@hotmail.com,+1-248-268-2380,Smart Analytics,Marketing Manager,Houston,France
2971,Liam,Miller,liam.miller@work.org,+1-764-400-8652,Digital Dynamics,UX Designer,Austin,Germany
2972,Charlotte,Gonzalez,charlotte.gonzalez@company.com,+1-628-492-5560,Digital Dynamics,HR Specialist,Columbus,Germany
2973,Liam,Johnson,liam.johnson@company.com,+1-843-166-9741,NextGen Software,Product Manager,Columbus,France
2974,Ethan,Davis,ethan.davis@company.com,+1-532-407-2919,Smart Analytics,DevOps Engineer,Columbus,United States
2975,Mason,Davis,mason.davis@business.net,+1-617-168-8162,Future Enterprises,Financial Analyst,Fort Worth,United States
2976,Isabella,Moore,isabella.moore@hotmail.com,+1-247-600-3544,TechStart Inc,Marketing Manager,Dallas,Australia
2977,Sophia,Rodriguez,sophia.rodriguez@work.org,+1-998-835-2348,Innovation Labs,HR Specialist,Los Angeles,Australia
2978,James,Moore,james.moore@outlook.com,+1-435-299-6316,Smart Analytics,UX Designer,Charlotte,United States
2979,Ava,Garcia,ava.garcia@hotmail.com,+1-645-173-1008,Smart Analytics,UX Designer,San Antonio,United States
2980,Alexander,Jones,alexander.jones@yahoo.com,+1-816-734-8033,Global Solutions,HR Specialist,Jacksonville,Brazil
2981,Mason,Taylor,mason.taylor@gmail.com,+1-920-513-8986,TechStart Inc,Software Engineer,San Diego,Mexico
2982,Oliver,Jones,oliver.jones@outlook.com,+1-607-754-6912,Global Solutions,Project Manager,Los Angeles,Brazil
2983,Sophia,Hernandez,sophia.hernandez@yahoo.com,+1-533-959-2106,Smart Analytics,Marketing Manager,Phoenix,United Kingdom
2984,Lucas,Jones,lucas.jones@work.org,+1-906-424-4669,Global Solutions,Marketing Manager,San Jose,Australia
2985,Liam,Williams,liam.williams@yahoo.com,+1-671-208-7959,Smart Analytics,UX Designer,Los Angeles,United States
2986,Sophia,Jones,sophia.jones@outlook.com,+1-662-558-1159,Future Enterprises,HR Specialist,Dallas,France
2987,Ava,Moore,ava.moore@outlook.com,+1-485-326-2120,NextGen Software,Sales Representative,Houston,United States
2988,Alexander,Jackson,alexander.jackson@hotmail.com,+1-900-364-2712,Digital Dynamics,Marketing Manager,Fort Worth,United States
2989,Charlotte,Wilson,charlotte.wilson@hotmail.com,+1-449-339-4767,Innovation Labs,Sales Representative,Philadelphia,Australia
2990,Oliver,Wilson,oliver.wilson@yahoo.com,+1-597-132-3476,Future Enterprises,Data Analyst,Philadelphia,India
2991,James,Garcia,james.garcia@company.com,+1-721-386-2827,Acme Corp,Product Manager,Dallas,Japan
2992,Sophia,Davis,sophia.davis@hotmail.com,+1-421-152-8727,TechStart Inc,Marketing Manager,Philadelphia,India
2993,Liam,Wilson,liam.wilson@gmail.com,+1-388-246-6274,DataFlow Systems,Project Manager,Philadelphia,Brazil
2994,Isabella,Moore,isabella.moore@company.com,+1-279-191-6311,Digital Dynamics,DevOps Engineer,Philadelphia,France
2995,Amelia,Martin,amelia.martin@work.org,+1-621-379-4073,DataFlow Systems,Sales Representative,Philadelphia,Australia
2996,James,Smith,james.smith@work.org,+1-615-434-4409,Innovation Labs,Sales Representative,San Antonio,Australia
2997,Noah,Jones,noah.jones@business.net,+1-213-315-3897,Future Enterprises,Data Analyst,Columbus,India
2998,William,Jackson,william.jackson@hotmail.com,+1-694-986-5160,CloudTech Pro,DevOps Engineer,Fort Worth,Brazil
2999,Olivia,Moore,olivia.moore@business.net,+1-215-687-9367,Innovation Labs,UX Designer,Austin,Mexico
3000,Mason,Garcia,mason.garcia@work.org,+1-513-588-7171,Acme Corp,Software Engineer,Austin,India
3001,Evelyn,Miller,evelyn.miller@company.com,+1-354-533-4647,Future Enterprises,HR Specialist,Jacksonville,India
3002,Mia,Moore,mia.moore@business.net,+1-383-712-4540,Future Enterprises,Product Manager,Philadelphia,Australia
3003,Liam,Williams,liam.williams@yahoo.com,+1-880-370-1229,Smart Analytics,UX Designer,Los Angeles,Germany
3004,Noah,Williams,noah.williams@gmail.com,+1-737-462-4583,TechStart Inc,UX Designer,Columbus,Canada
3005,Isabella,Jackson,isabella.jackson@yahoo.com,+1-391-830-6565,Acme Corp,Project Manager,Philadelphia,Japan
3006,Mia,Hernandez,mia.hernandez@work.org,+1-819-636-6702,Future Enterprises,HR Specialist,Columbus,Germany
3007,Mason,Martinez,mason.martinez@gmail.com,+1-972-904-9140,CloudTech Pro,Software Engineer,Austin,Brazil
3008,Sophia,Rodriguez,sophia.rodriguez@hotmail.com,+1-860-928-8268,DataFlow Systems,Data Analyst,Dallas,Brazil
3009,Sophia,Gonzalez,sophia.gonzalez@company.com,+1-719-136-3328,Smart Analytics,HR Specialist,Houston,Australia
3010,Alexander,Rodriguez,alexander.rodriguez@yahoo.com,+1-430-804-8371,Digital Dynamics,Marketing Manager,Houston,Mexico
3011,Benjamin,Moore,benjamin.moore@outlook.com,+1-956-340-6132,TechStart Inc,Project Manager,Charlotte,Brazil
3012,Benjamin,Jones,benjamin.jones@business.net,+1-370-322-9058,Digital Dynamics,Data Analyst,Phoenix,Australia
3013,Evelyn,Johnson,evelyn.johnson@outlook.com,+1-506-877-2122,CloudTech Pro,DevOps Engineer,Jacksonville,United Kingdom
3014,Harper,Brown,harper.brown@work.org,+1-797-292-3329,CloudTech Pro,Financial Analyst,Los Angeles,Mexico
3015,Alexander,Johnson,alexander.johnson@work.org,+1-660-575-3120,Acme Corp,Product Manager,Columbus,Australia
3016,Olivia,Anderson,olivia.anderson@work.org,+1-385-688-4773,CloudTech Pro,Marketing Manager,Jacksonville,Germany
3017,Lucas,Rodriguez,lucas.rodriguez@hotmail.com,+1-456-754-9656,Acme Corp,Product Manager,Charlotte,India
3018,Harper,Gonzalez,harper.gonzalez@hotmail.com,+1-706-916-4584,Innovation Labs,Marketing Manager,Los Angeles,United States
3019,Harper,Williams,harper.williams@business.net,+1-980-388-3817,CloudTech Pro,Marketing Manager,Phoenix,India
3020,Benjamin,Johnson,benjamin.johnson@business.net,+1-996-884-7445,Global Solutions,Data Analyst,Fort Worth,United Kingdom
3021,Mason,Martinez,mason.martinez@business.net,+1-645-778-2721,Innovation Labs,Project Manager,San Antonio,United Kingdom
3022,Lucas,Rodriguez,lucas.rodriguez@yahoo.com,+1-322-455-6852,Smart Analytics,HR Specialist,New York,Germany
3023,Liam,Taylor,liam.taylor@gmail.com,+1-442-278-8072,Digital Dynamics,Product Manager,San Antonio,Germany
3024,Mia,Garcia,mia.garcia@yahoo.com,+1-661-547-2063,Digital Dynamics,HR Specialist,New York,France
3025,Ava,Smith,ava.smith@business.net,+1-944-136-4985,Global Solutions,Project Manager,Dallas,Germany
3026,William,Anderson,william.anderson@hotmail.com,+1-795-445-7763,Global Solutions,Data Analyst,Philadelphia,France
3027,Ava,Rodriguez,ava.rodriguez@gmail.com,+1-608-908-4865,Digital Dynamics,Data Analyst,San Diego,United States
3028,Isabella,Hernandez,isabella.hernandez@hotmail.com,+1-370-552-6867,Smart Analytics,HR Specialist,San Antonio,United States
3029,Isabella,Rodriguez,isabella.rodriguez@gmail.com,+1-479-662-4894,DataFlow Systems,HR Specialist,Chicago,United States
3030,Ava,Martinez,ava.martinez@business.net,+1-862-694-6035,Innovation Labs,UX Designer,San Jose,Brazil
3031,Mia,Martinez,mia.martinez@work.org,+1-841-701-5632,Global Solutions,UX Designer,Chicago,India
3032,Lucas,Rodriguez,lucas.rodriguez@company.com,+1-248-282-6064,Acme Corp,Software Engineer,Jacksonville,Mexico
3033,Charlotte,Gonzalez,charlotte.gonzalez@business.net,+1-448-419-9574,Acme Corp,Software Engineer,Philadelphia,Brazil
3034,Mason,Davis,mason.davis@outlook.com,+1-226-527-8923,NextGen Software,Project Manager,Dallas,Germany
3035,Evelyn,Jackson,evelyn.jackson@work.org,+1-361-471-9905,NextGen Software,Product Manager,Charlotte,Canada
3036,James,Taylor,james.taylor@outlook.com,+1-325-246-3515,DataFlow Systems,Data Analyst,Fort Worth,Brazil
3037,Alexander,Brown,alexander.brown@company.com,+1-372-244-5844,DataFlow Systems,DevOps Engineer,Chicago,Brazil
3038,Emma,Moore,emma.moore@company.com,+1-557-186-9264,Innovation Labs,Sales Representative,Columbus,Australia
3039,Sophia,Martin,sophia.martin@hotmail.com,+1-709-535-5358,NextGen Software,Marketing Manager,New York,Brazil
3040,Mason,Gonzalez,mason.gonzalez@hotmail.com,+1-643-802-6982,NextGen Software,Project Manager,Columbus,Japan
3041,Benjamin,Anderson,benjamin.anderson@gmail.com,+1-519-941-8990,TechStart Inc,Marketing Manager,Philadelphia,Australia
3042,Ava,Lopez,ava.lopez@company.com,+1-584-333-1655,Smart Analytics,DevOps Engineer,Charlotte,India
3043,Mason,Jones,mason.jones@outlook.com,+1-363-476-8852,Digital Dynamics,HR Specialist,San Jose,Australia
3044,Evelyn,Smith,evelyn.smith@business.net,+1-926-107-6294,TechStart Inc,UX Designer,Chicago,Japan
3045,Benjamin,Martinez,benjamin.martinez@gmail.com,+1-746-573-5837,Acme Corp,Financial Analyst,Charlotte,France
3046,Isabella,Rodriguez,isabella.rodriguez@hotmail.com,+1-895-295-5485,CloudTech Pro,Marketing Manager,Dallas,Japan
3047,Evelyn,Wilson,evelyn.wilson@business.net,+1-849-717-3995,TechStart Inc,DevOps Engineer,Chicago,United Kingdom
3048,Benjamin,Williams,benjamin.williams@yahoo.com,+1-637-114-8216,DataFlow Systems,Product Manager,Philadelphia,United States
3049,Ethan,Jones,ethan.jones@company.com,+1-425-263-6170,Innovation Labs,Project Manager,San Antonio,United Kingdom
3050,Isabella,Miller,isabella.miller@outlook.com,+1-892-843-3562,Innovation Labs,DevOps Engineer,New York,United Kingdom
3051,Charlotte,Brown,charlotte.brown@hotmail.com,+1-609-674-8210,DataFlow Systems,DevOps Engineer,Los Angeles,France
3052,Mia,Gonzalez,mia.gonzalez@gmail.com,+1-889-249-4858,CloudTech Pro,Sales Representative,Los Angeles,Japan
3053,Emma,Smith,emma.smith@yahoo.com,+1-545-396-1042,Smart Analytics,Sales Representative,Los Angeles,France
3054,Ava,Wilson,ava.wilson@business.net,+1-663-129-5244,Acme Corp,Financial Analyst,Houston,Germany
3055,Liam,Johnson,liam.johnson@hotmail.com,+1-921-197-5506,Digital Dynamics,Product Manager,San Jose,Mexico
3056,Charlotte,Thomas,charlotte.thomas@outlook.com,+1-697-750-4147,Future Enterprises,Data Analyst,Columbus,Germany
3057,Alexander,Miller,alexander.miller@gmail.com,+1-559-206-5225,DataFlow Systems,Product Manager,Fort Worth,United States
3058,William,Garcia,william.garcia@business.net,+1-927-551-8268,CloudTech Pro,DevOps Engineer,Dallas,Canada
3059,William,Martin,william.martin@business.net,+1-378-530-2816,Digital Dynamics,Product Manager,Charlotte,France
3060,Mason,Johnson,mason.johnson@outlook.com,+1-893-471-1924,Smart Analytics,Product Manager,Columbus,Mexico
3061,Sophia,Miller,sophia.miller@outlook.com,+1-286-850-1952,DataFlow Systems,Marketing Manager,Dallas,Japan
3062,Amelia,Rodriguez,amelia.rodriguez@outlook.com,+1-928-133-6544,Digital Dynamics,Financial Analyst,New York,Japan
3063,Alexander,Wilson,alexander.wilson@outlook.com,+1-406-134-4006,CloudTech Pro,Sales Representative,Jacksonville,Germany
3064,Sophia,Johnson,sophia.johnson@work.org,+1-265-362-3889,Digital Dynamics,Software Engineer,Jacksonville,France
3065,Ava,Martin,ava.martin@yahoo.com,+1-868-480-9295,Acme Corp,Project Manager,Fort Worth,Brazil
3066,Lucas,Miller,lucas.miller@outlook.com,+1-828-237-8423,Future Enterprises,Financial Analyst,Fort Worth,Canada
3067,Liam,Hernandez,liam.hernandez@company.com,+1-546-381-4687,Future Enterprises,Sales Representative,Houston,Mexico
3068,Ethan,Rodriguez,ethan.rodriguez@hotmail.com,+1-998-491-1830,Smart Analytics,Software Engineer,Charlotte,Germany
3069,Harper,Anderson,harper.anderson@business.net,+1-626-509-5646,Future Enterprises,HR Specialist,Austin,France
3070,Liam,Jones,liam.jones@yahoo.com,+1-757-303-9107,Global Solutions,Marketing Manager,Phoenix,Germany
3071,Olivia,Moore,olivia.moore@outlook.com,+1-532-921-1424,NextGen Software,Software Engineer,Chicago,Japan
3072,Isabella,Jackson,isabella.jackson@outlook.com,+1-522-459-2859,Smart Analytics,Data Analyst,San Diego,India
3073,Lucas,Johnson,lucas.johnson@business.net,+1-739-737-5977,DataFlow Systems,UX Designer,Columbus,Canada
3074,Mia,Moore,mia.moore@hotmail.com,+1-563-189-5783,Global Solutions,UX Designer,San Diego,United Kingdom
3075,Ava,Wilson,ava.wilson@business.net,+1-827-412-4614,Global Solutions,HR Specialist,San Jose,France
3076,Ethan,Anderson,ethan.anderson@gmail.com,+1-930-888-4311,DataFlow Systems,Product Manager,Phoenix,United States
3077,Charlotte,Davis,charlotte.davis@company.com,+1-989-390-3752,Digital Dynamics,Software Engineer,Charlotte,Japan
3078,Charlotte,Martinez,charlotte.martinez@outlook.com,+1-961-929-4455,TechStart Inc,Sales Representative,Austin,United Kingdom
3079,William,Martinez,william.martinez@work.org,+1-803-464-5322,Innovation Labs,UX Designer,Austin,Japan
3080,William,Taylor,william.taylor@company.com,+1-243-578-9568,DataFlow Systems,HR Specialist,Chicago,India
3081,Isabella,Smith,isabella.smith@outlook.com,+1-288-584-1572,DataFlow Systems,Data Analyst,Austin,United States
3082,Evelyn,Anderson,evelyn.anderson@business.net,+1-420-905-7493,TechStart Inc,Marketing Manager,Houston,Germany
3083,Lucas,Wilson,lucas.wilson@business.net,+1-368-224-1555,CloudTech Pro,Project Manager,Charlotte,India
3084,Noah,Jones,noah.jones@gmail.com,+1-258-819-3374,CloudTech Pro,Sales Representative,Philadelphia,Brazil
3085,Alexander,Anderson,alexander.anderson@company.com,+1-397-602-2503,Global Solutions,Product Manager,Fort Worth,Germany
3086,Evelyn,Taylor,evelyn.taylor@outlook.com,+1-352-207-1056,Acme Corp,Product Manager,San Antonio,United Kingdom
3087,Emma,Gonzalez,emma.gonzalez@gmail.com,+1-448-709-8925,Smart Analytics,HR Specialist,Philadelphia,United States
3088,Liam,Jackson,liam.jackson@gmail.com,+1-900-645-4899,Future Enterprises,HR Specialist,Chicago,Canada
3089,Ava,Williams,ava.williams@gmail.com,+1-747-187-1717,CloudTech Pro,Product Manager,Charlotte,Germany
3090,Olivia,Garcia,olivia.garcia@gmail.com,+1-842-506-1861,CloudTech Pro,Sales Representative,Jacksonville,Japan
3091,Olivia,Garcia,olivia.garcia@gmail.com,+1-995-155-9740,Innovation Labs,Marketing Manager,Charlotte,Australia
3092,Mia,Gonzalez,mia.gonzalez@gmail.com,+1-857-751-2181,NextGen Software,UX Designer,Austin,Australia
3093,Isabella,Moore,isabella.moore@work.org,+1-752-929-8481,DataFlow Systems,Product Manager,San Diego,France
3094,Liam,Moore,liam.moore@yahoo.com,+1-226-545-9900,Global Solutions,HR Specialist,Philadelphia,United States
3095,Ava,Garcia,ava.garcia@company.com,+1-548-570-8487,DataFlow Systems,Sales Representative,Fort Worth,Canada
3096,Harper,Garcia,harper.garcia@hotmail.com,+1-580-876-2039,Global Solutions,Software Engineer,San Diego,France
3097,Liam,Davis,liam.davis@outlook.com,+1-443-439-9152,Future Enterprises,Financial Analyst,Fort Worth,Mexico
3098,Amelia,Brown,amelia.brown@hotmail.com,+1-485-407-7069,CloudTech Pro,Marketing Manager,Los Angeles,Japan
3099,Charlotte,Lopez,charlotte.lopez@company.com,+1-412-304-2570,CloudTech Pro,Product Manager,Jacksonville,Brazil
3100,Lucas,Williams,lucas.williams@gmail.com,+1-991-431-4071,Innovation Labs,Software Engineer,Fort Worth,United Kingdom
3101,Lucas,Moore,lucas.moore@outlook.com,+1-448-894-8574,Acme Corp,Software Engineer,Columbus,India
3102,Harper,Anderson,harper.anderson@yahoo.com,+1-726-675-3019,Innovation Labs,UX Designer,San Antonio,India
3103,Liam,Rodriguez,liam.rodriguez@business.net,+1-564-234-5113,CloudTech Pro,Financial Analyst,Austin,Germany
3104,Isabella,Moore,isabella.moore@outlook.com,+1-931-674-7792,TechStart Inc,Data Analyst,Jacksonville,United Kingdom
3105,Amelia,Smith,amelia.smith@company.com,+1-380-972-1954,Digital Dynamics,DevOps Engineer,Dallas,Japan
3106,Amelia,Jones,amelia.jones@gmail.com,+1-971-654-8809,Digital Dynamics,DevOps Engineer,Philadelphia,Germany
3107,Amelia,Martin,amelia.martin@yahoo.com,+1-406-760-6322,TechStart Inc,HR Specialist,San Jose,Brazil
3108,Liam,Jones,liam.jones@company.com,+1-801-183-8371,DataFlow Systems,HR Specialist,San Antonio,Australia
3109,Lucas,Jackson,lucas.jackson@company.com,+1-408-280-8409,NextGen Software,DevOps Engineer,Austin,Australia
3110,Evelyn,Rodriguez,evelyn.rodriguez@gmail.com,+1-448-365-4188,DataFlow Systems,DevOps Engineer,Los Angeles,Australia
3111,Harper,Davis,harper.davis@company.com,+1-731-515-7262,CloudTech Pro,DevOps Engineer,Jacksonville,Germany
3112,Alexander,Gonzalez,alexander.gonzalez@work.org,+1-627-754-5415,Global Solutions,Marketing Manager,Columbus,Japan
3113,Sophia,Anderson,sophia.anderson@outlook.com,+1-658-646-5004,NextGen Software,Product Manager,New York,India
3114,Benjamin,Smith,benjamin.smith@outlook.com,+1-646-632-5528,TechStart Inc,Marketing Manager,San Jose,Canada
3115,Benjamin,Johnson,benjamin.johnson@company.com,+1-435-561-4069,DataFlow Systems,Product Manager,Jacksonville,Germany
3116,Mason,Anderson,mason.anderson@gmail.com,+1-933-477-5795,TechStart Inc,Product Manager,Dallas,Brazil
3117,Evelyn,Jones,evelyn.jones@company.com,+1-478-631-8336,CloudTech Pro,DevOps Engineer,Phoenix,Canada
3118,Liam,Lopez,liam.lopez@business.net,+1-970-646-4718,Innovation Labs,Sales Representative,Chicago,United States
3119,Isabella,Gonzalez,isabella.gonzalez@work.org,+1-311-983-3720,Global Solutions,Data Analyst,Phoenix,United States
3120,Sophia,Williams,sophia.williams@company.com,+1-218-398-6770,CloudTech Pro,Sales Representative,Charlotte,Japan
3121,Evelyn,Miller,evelyn.miller@company.com,+1-918-775-8261,Future Enterprises,Product Manager,Austin,Brazil
3122,Ava,Taylor,ava.taylor@work.org,+1-944-520-5886,Global Solutions,Marketing Manager,New York,France
3123,Oliver,Brown,oliver.brown@outlook.com,+1-801-191-9208,Acme Corp,HR Specialist,Los Angeles,France
3124,Noah,Miller,noah.miller@company.com,+1-894-674-1805,CloudTech Pro,HR Specialist,Los Angeles,Germany
3125,James,Martin,james.martin@outlook.com,+1-254-269-7872,DataFlow Systems,HR Specialist,San Antonio,Canada
3126,Mason,Martinez,mason.martinez@outlook.com,+1-461-252-7992,Smart Analytics,Data Analyst,New York,Australia
3127,Noah,Martin,noah.martin@yahoo.com,+1-236-117-6648,Global Solutions,Financial Analyst,Chicago,United Kingdom
3128,Sophia,Davis,sophia.davis@yahoo.com,+1-542-130-6589,NextGen Software,UX Designer,Charlotte,Australia
3129,Charlotte,Martinez,charlotte.martinez@company.com,+1-463-216-2994,DataFlow Systems,DevOps Engineer,Columbus,France
3130,Ava,Martinez,ava.martinez@yahoo.com,+1-347-719-7030,Future Enterprises,Data Analyst,Los Angeles,United Kingdom
3131,Emma,Brown,emma.brown@company.com,+1-925-231-6732,Acme Corp,Product Manager,San Antonio,United Kingdom
3132,Ava,Smith,ava.smith@work.org,+1-836-312-1993,Innovation Labs,Software Engineer,Columbus,Australia
3133,Olivia,Johnson,olivia.johnson@company.com,+1-665-373-7639,Innovation Labs,Financial Analyst,Houston,India
3134,Ava,Anderson,ava.anderson@outlook.com,+1-509-143-4949,NextGen Software,Marketing Manager,San Diego,Canada
3135,Liam,Garcia,liam.garcia@work.org,+1-287-250-9976,NextGen Software,Financial Analyst,Fort Worth,Germany
3136,Lucas,Williams,lucas.williams@yahoo.com,+1-804-269-8002,CloudTech Pro,Sales Representative,Austin,Mexico
3137,Lucas,Miller,lucas.miller@hotmail.com,+1-844-741-7435,TechStart Inc,DevOps Engineer,Houston,Japan
3138,Liam,Jackson,liam.jackson@gmail.com,+1-754-231-4863,Future Enterprises,DevOps Engineer,Chicago,United Kingdom
3139,Amelia,Lopez,amelia.lopez@outlook.com,+1-412-546-8907,Acme Corp,Marketing Manager,San Antonio,Germany
3140,Oliver,Garcia,oliver.garcia@hotmail.com,+1-500-663-3565,TechStart Inc,Data Analyst,Los Angeles,United States
3141,Liam,Lopez,liam.lopez@gmail.com,+1-372-915-8663,Acme Corp,Product Manager,Chicago,India
3142,Lucas,Wilson,lucas.wilson@yahoo.com,+1-631-632-2840,TechStart Inc,UX Designer,Fort Worth,Canada
3143,Mason,Lopez,mason.lopez@hotmail.com,+1-972-506-4643,DataFlow Systems,Data Analyst,Fort Worth,France
3144,Oliver,Garcia,oliver.garcia@work.org,+1-361-707-9136,Digital Dynamics,DevOps Engineer,Chicago,Germany
3145,Oliver,Lopez,oliver.lopez@work.org,+1-489-563-4209,DataFlow Systems,HR Specialist,Los Angeles,Mexico
3146,William,Smith,william.smith@hotmail.com,+1-951-270-7554,DataFlow Systems,Financial Analyst,Phoenix,Mexico
3147,Mia,Garcia,mia.garcia@outlook.com,+1-787-460-6615,Digital Dynamics,Financial Analyst,New York,Canada
3148,Charlotte,Hernandez,charlotte.hernandez@business.net,+1-827-257-2644,Digital Dynamics,Software Engineer,Chicago,Mexico
3149,Lucas,Jones,lucas.jones@outlook.com,+1-880-476-1096,DataFlow Systems,Financial Analyst,San Jose,Brazil
3150,James,Johnson,james.johnson@business.net,+1-462-532-5823,Global Solutions,HR Specialist,San Jose,Brazil
3151,Noah,Lopez,noah.lopez@outlook.com,+1-411-848-2495,Acme Corp,Sales Representative,Jacksonville,United Kingdom
3152,James,Thomas,james.thomas@company.com,+1-392-619-2948,Innovation Labs,Financial Analyst,San Diego,Mexico
3153,Liam,Gonzalez,liam.gonzalez@hotmail.com,+1-840-380-7675,Global Solutions,Financial Analyst,Phoenix,Brazil
3154,William,Miller,william.miller@yahoo.com,+1-333-788-9073,Digital Dynamics,Data Analyst,Charlotte,France
3155,Liam,Taylor,liam.taylor@company.com,+1-581-484-1055,TechStart Inc,Financial Analyst,Jacksonville,United Kingdom
3156,Olivia,Gonzalez,olivia.gonzalez@business.net,+1-289-547-5109,Acme Corp,Marketing Manager,San Jose,France
3157,Harper,Jackson,harper.jackson@gmail.com,+1-682-722-2411,CloudTech Pro,HR Specialist,Los Angeles,Brazil
3158,William,Smith,william.smith@company.com,+1-911-843-7668,Digital Dynamics,UX Designer,Dallas,Australia
3159,Evelyn,Hernandez,evelyn.hernandez@business.net,+1-735-245-2473,Smart Analytics,Data Analyst,New York,Canada
3160,James,Jackson,james.jackson@outlook.com,+1-357-853-4664,Future Enterprises,Financial Analyst,Columbus,Japan
3161,Charlotte,Brown,charlotte.brown@business.net,+1-955-187-8760,NextGen Software,HR Specialist,Fort Worth,United Kingdom
3162,Noah,Moore,noah.moore@yahoo.com,+1-207-791-6478,Innovation Labs,Data Analyst,San Jose,United States
3163,James,Davis,james.davis@outlook.com,+1-527-622-1554,Global Solutions,Marketing Manager,Charlotte,Japan
3164,Sophia,Smith,sophia.smith@yahoo.com,+1-370-537-1205,Acme Corp,Sales Representative,Fort Worth,Brazil
3165,Ava,Thomas,ava.thomas@hotmail.com,+1-394-105-2269,TechStart Inc,Marketing Manager,Fort Worth,India
3166,Ava,Lopez,ava.lopez@outlook.com,+1-756-464-6824,TechStart Inc,Data Analyst,San Antonio,Japan
3167,Oliver,Wilson,oliver.wilson@yahoo.com,+1-660-457-1191,CloudTech Pro,Project Manager,Chicago,India
3168,Mia,Williams,mia.williams@hotmail.com,+1-463-537-9878,Global Solutions,DevOps Engineer,Austin,Australia
3169,Benjamin,Smith,benjamin.smith@hotmail.com,+1-723-649-6182,DataFlow Systems,Project Manager,Los Angeles,Mexico
3170,Noah,Lopez,noah.lopez@gmail.com,+1-666-439-3520,Digital Dynamics,HR Specialist,Austin,India
3171,Isabella,Smith,isabella.smith@hotmail.com,+1-600-391-8533,Acme Corp,DevOps Engineer,San Antonio,Japan
3172,Charlotte,Miller,charlotte.miller@business.net,+1-707-558-9991,NextGen Software,Marketing Manager,San Jose,Brazil
3173,Harper,Williams,harper.williams@outlook.com,+1-220-199-5806,NextGen Software,Sales Representative,Los Angeles,Japan
3174,Ava,Wilson,ava.wilson@yahoo.com,+1-330-986-9218,Future Enterprises,Software Engineer,Dallas,Germany
3175,Isabella,Smith,isabella.smith@yahoo.com,+1-861-637-7496,Smart Analytics,Financial Analyst,San Antonio,Brazil
3176,Ava,Jackson,ava.jackson@gmail.com,+1-662-563-3034,Global Solutions,Financial Analyst,Dallas,Germany
3177,Evelyn,Rodriguez,evelyn.rodriguez@business.net,+1-878-503-7736,TechStart Inc,Product Manager,Fort Worth,Canada
3178,Evelyn,Garcia,evelyn.garcia@yahoo.com,+1-417-975-9435,Innovation Labs,Software Engineer,Austin,United Kingdom
3179,Benjamin,Johnson,benjamin.johnson@hotmail.com,+1-393-655-8827,CloudTech Pro,DevOps Engineer,Phoenix,Japan
3180,Noah,Thomas,noah.thomas@business.net,+1-885-540-5260,CloudTech Pro,Marketing Manager,Chicago,Australia
3181,Sophia,Martinez,sophia.martinez@business.net,+1-475-699-1682,TechStart Inc,DevOps Engineer,San Diego,United States
3182,Oliver,Jackson,oliver.jackson@hotmail.com,+1-937-475-1748,Innovation Labs,HR Specialist,San Antonio,Mexico
3183,Harper,Smith,harper.smith@outlook.com,+1-355-225-3737,Acme Corp,UX Designer,Fort Worth,France
3184,James,Smith,james.smith@work.org,+1-967-412-9400,Acme Corp,Product Manager,San Diego,France
3185,Oliver,Moore,oliver.moore@company.com,+1-907-681-6555,Acme Corp,UX Designer,San Diego,Canada
3186,Benjamin,Gonzalez,benjamin.gonzalez@outlook.com,+1-419-194-8266,TechStart Inc,Software Engineer,Phoenix,France
3187,Oliver,Hernandez,oliver.hernandez@business.net,+1-784-122-3468,TechStart Inc,Project Manager,Los Angeles,Canada
3188,Sophia,Hernandez,sophia.hernandez@work.org,+1-869-122-7095,Global Solutions,Project Manager,Jacksonville,United Kingdom
3189,Ava,Martin,ava.martin@yahoo.com,+1-369-448-2058,Innovation Labs,Project Manager,San Jose,Canada
3190,William,Gonzalez,william.gonzalez@outlook.com,+1-748-381-7405,Innovation Labs,Financial Analyst,Dallas,United Kingdom
3191,Mia,Smith,mia.smith@yahoo.com,+1-907-678-4273,Digital Dynamics,Software Engineer,Phoenix,Germany
3192,William,Taylor,william.taylor@yahoo.com,+1-696-208-2020,Innovation Labs,UX Designer,Philadelphia,Japan
3193,Isabella,Moore,isabella.moore@yahoo.com,+1-368-350-1031,Smart Analytics,Sales Representative,San Antonio,Germany
3194,Noah,Smith,noah.smith@hotmail.com,+1-216-246-2373,Smart Analytics,Sales Representative,Phoenix,Germany
3195,Harper,Lopez,harper.lopez@yahoo.com,+1-373-312-6231,TechStart Inc,Product Manager,Fort Worth,Mexico
3196,Ethan,Miller,ethan.miller@outlook.com,+1-382-232-7443,TechStart Inc,Data Analyst,San Diego,Germany
3197,Liam,Martinez,liam.martinez@gmail.com,+1-652-814-9295,Future Enterprises,Sales Representative,Los Angeles,Japan
3198,Harper,Garcia,harper.garcia@outlook.com,+1-834-138-8168,Global Solutions,HR Specialist,Chicago,United Kingdom
3199,Evelyn,Gonzalez,evelyn.gonzalez@hotmail.com,+1-425-587-7300,TechStart Inc,Data Analyst,Fort Worth,United Kingdom
3200,Ava,Miller,ava.miller@yahoo.com,+1-849-862-9313,NextGen Software,Sales Representative,San Diego,India
3201,Mia,Martinez,mia.martinez@company.com,+1-621-232-7169,Innovation Labs,Sales Representative,Dallas,Japan
3202,Lucas,Jones,lucas.jones@company.com,+1-289-298-5973,Smart Analytics,Product Manager,Philadelphia,Japan
3203,Ethan,Thomas,ethan.thomas@yahoo.com,+1-708-722-2171,Innovation Labs,Data Analyst,Dallas,India
3204,James,Martinez,james.martinez@yahoo.com,+1-661-976-3249,CloudTech Pro,Financial Analyst,New York,France
3205,Isabella,Davis,isabella.davis@business.net,+1-877-875-7091,Acme Corp,Project Manager,Phoenix,Mexico
3206,Lucas,Thomas,lucas.thomas@yahoo.com,+1-480-952-8008,Smart Analytics,Project Manager,Austin,India
3207,William,Jackson,william.jackson@hotmail.com,+1-462-860-8341,NextGen Software,Data Analyst,Fort Worth,Australia
3208,Amelia,Taylor,amelia.taylor@hotmail.com,+1-456-171-5040,Global Solutions,DevOps Engineer,San Diego,Brazil
3209,Mia,Martinez,mia.martinez@work.org,+1-550-549-1557,Digital Dynamics,HR Specialist,Los Angeles,Germany
3210,Alexander,Jones,alexander.jones@yahoo.com,+1-886-701-4406,TechStart Inc,Financial Analyst,Phoenix,France
3211,Evelyn,Williams,evelyn.williams@work.org,+1-808-281-2540,Digital Dynamics,Financial Analyst,Austin,France
3212,Alexander,Miller,alexander.miller@hotmail.com,+1-928-432-9035,Global Solutions,Project Manager,San Antonio,United Kingdom
3213,James,Miller,james.miller@company.com,+1-773-732-2028,Global Solutions,Software Engineer,Chicago,United Kingdom
3214,William,Wilson,william.wilson@company.com,+1-692-379-5551,Smart Analytics,UX Designer,New York,Canada
3215,Sophia,Thomas,sophia.thomas@hotmail.com,+1-269-604-2551,CloudTech Pro,Sales Representative,Chicago,Japan
3216,Evelyn,Anderson,evelyn.anderson@yahoo.com,+1-384-824-5678,Innovation Labs,UX Designer,Los Angeles,United Kingdom
3217,Liam,Anderson,liam.anderson@work.org,+1-743-281-2420,Innovation Labs,HR Specialist,Dallas,United Kingdom
3218,James,Moore,james.moore@business.net,+1-942-244-1163,DataFlow Systems,Project Manager,Fort Worth,Brazil
3219,Amelia,Gonzalez,amelia.gonzalez@outlook.com,+1-949-315-6555,TechStart Inc,HR Specialist,Houston,United States
3220,Emma,Jackson,emma.jackson@hotmail.com,+1-800-667-9559,Future Enterprises,UX Designer,Phoenix,India
3221,Olivia,Lopez,olivia.lopez@hotmail.com,+1-490-105-3266,Future Enterprises,DevOps Engineer,Charlotte,Brazil
3222,Charlotte,Anderson,charlotte.anderson@work.org,+1-586-370-1592,CloudTech Pro,Product Manager,Columbus,Mexico
3223,Mia,Jackson,mia.jackson@work.org,+1-852-828-3219,CloudTech Pro,Software Engineer,Los Angeles,Germany
3224,Ava,Wilson,ava.wilson@gmail.com,+1-849-591-1355,Smart Analytics,UX Designer,Columbus,United Kingdom
3225,Emma,Garcia,emma.garcia@work.org,+1-517-724-6536,Future Enterprises,Product Manager,Dallas,Brazil
3226,Emma,Jones,emma.jones@company.com,+1-697-357-6553,Future Enterprises,Marketing Manager,Jacksonville,Japan
3227,Lucas,Taylor,lucas.taylor@work.org,+1-407-982-4351,NextGen Software,Sales Representative,Fort Worth,Australia
3228,Ethan,Taylor,ethan.taylor@hotmail.com,+1-726-720-3308,DataFlow Systems,HR Specialist,Phoenix,Canada
3229,Sophia,Moore,sophia.moore@work.org,+1-621-659-6761,Digital Dynamics,Financial Analyst,San Diego,Germany
3230,William,Taylor,william.taylor@work.org,+1-887-297-5175,Smart Analytics,Product Manager,Phoenix,United Kingdom
3231,Benjamin,Miller,benjamin.miller@company.com,+1-321-111-9205,Smart Analytics,Financial Analyst,Los Angeles,India
3232,Oliver,Jackson,oliver.jackson@company.com,+1-848-604-7331,Smart Analytics,Product Manager,Dallas,Australia
3233,Mia,Gonzalez,mia.gonzalez@business.net,+1-627-675-2263,Global Solutions,Software Engineer,Austin,United States
3234,Mason,Jackson,mason.jackson@work.org,+1-587-911-4332,Future Enterprises,Product Manager,Chicago,Mexico
3235,William,Martinez,william.martinez@business.net,+1-853-635-1627,TechStart Inc,DevOps Engineer,San Antonio,India
3236,William,Anderson,william.anderson@gmail.com,+1-397-719-2872,CloudTech Pro,Sales Representative,New York,France
3237,Benjamin,Anderson,benjamin.anderson@company.com,+1-321-282-4704,NextGen Software,UX Designer,New York,Australia
3238,Evelyn,Rodriguez,evelyn.rodriguez@yahoo.com,+1-745-377-9776,Digital Dynamics,Project Manager,Chicago,France
3239,Isabella,Jackson,isabella.jackson@hotmail.com,+1-686-290-2075,Global Solutions,Marketing Manager,Columbus,United Kingdom
3240,Amelia,Gonzalez,amelia.gonzalez@business.net,+1-927-220-6987,TechStart Inc,Project Manager,New York,India
3241,Evelyn,Martinez,evelyn.martinez@gmail.com,+1-414-649-9818,TechStart Inc,Software Engineer,Phoenix,United States
3242,Lucas,Johnson,lucas.johnson@hotmail.com,+1-576-812-4846,Innovation Labs,HR Specialist,New York,Brazil
3243,James,Anderson,james.anderson@company.com,+1-751-275-4955,TechStart Inc,Software Engineer,Philadelphia,Canada
3244,Alexander,Miller,alexander.miller@yahoo.com,+1-419-622-8869,Global Solutions,UX Designer,Dallas,Brazil
3245,Sophia,Miller,sophia.miller@gmail.com,+1-733-531-3714,NextGen Software,UX Designer,Fort Worth,United Kingdom
3246,Ava,Lopez,ava.lopez@business.net,+1-233-399-6160,Future Enterprises,Financial Analyst,Austin,India
3247,Liam,Taylor,liam.taylor@work.org,+1-791-100-1733,DataFlow Systems,Sales Representative,Charlotte,Japan
3248,Noah,Rodriguez,noah.rodriguez@hotmail.com,+1-267-905-4211,DataFlow Systems,Software Engineer,Houston,France
3249,Charlotte,Moore,charlotte.moore@yahoo.com,+1-307-581-8878,TechStart Inc,UX Designer,Philadelphia,Japan
3250,Isabella,Jackson,isabella.jackson@work.org,+1-912-271-6172,DataFlow Systems,Marketing Manager,Houston,Mexico
3251,Amelia,Garcia,amelia.garcia@yahoo.com,+1-366-159-7497,Digital Dynamics,Project Manager,Phoenix,India
3252,Mason,Martinez,mason.martinez@gmail.com,+1-780-520-2078,CloudTech Pro,Product Manager,Phoenix,France
3253,Harper,Williams,harper.williams@hotmail.com,+1-283-118-7898,Future Enterprises,Marketing Manager,Dallas,United Kingdom
3254,Amelia,Davis,amelia.davis@business.net,+1-616-552-6684,Digital Dynamics,HR Specialist,Phoenix,United States
3255,James,Martinez,james.martinez@hotmail.com,+1-553-893-9374,TechStart Inc,Project Manager,San Diego,Japan
3256,Amelia,Davis,amelia.davis@outlook.com,+1-581-990-6477,TechStart Inc,Project Manager,Chicago,Japan
3257,Lucas,Moore,lucas.moore@gmail.com,+1-340-155-1472,Acme Corp,Financial Analyst,New York,United Kingdom
3258,Lucas,Thomas,lucas.thomas@outlook.com,+1-590-742-2074,Innovation Labs,Software Engineer,Philadelphia,Japan
3259,Sophia,Williams,sophia.williams@outlook.com,+1-588-478-7762,Acme Corp,Product Manager,San Jose,Australia
3260,Oliver,Lopez,oliver.lopez@outlook.com,+1-609-242-1755,Smart Analytics,Sales Representative,New York,India
3261,James,Johnson,james.johnson@hotmail.com,+1-426-828-5836,DataFlow Systems,HR Specialist,Columbus,Canada
3262,Lucas,Gonzalez,lucas.gonzalez@gmail.com,+1-655-868-7695,Digital Dynamics,Software Engineer,Chicago,Germany
3263,Ethan,Smith,ethan.smith@gmail.com,+1-227-702-1204,Digital Dynamics,Software Engineer,San Diego,United Kingdom
3264,Ava,Rodriguez,ava.rodriguez@yahoo.com,+1-360-497-6091,Smart Analytics,UX Designer,Columbus,Japan
3265,Evelyn,Thomas,evelyn.thomas@yahoo.com,+1-899-386-6116,TechStart Inc,Sales Representative,Chicago,United Kingdom
3266,Olivia,Jackson,olivia.jackson@business.net,+1-915-465-3697,Global Solutions,Project Manager,Jacksonville,United States
3267,Ethan,Martin,ethan.martin@yahoo.com,+1-582-960-5718,Global Solutions,Data Analyst,Philadelphia,India
3268,Lucas,Smith,lucas.smith@yahoo.com,+1-774-650-1947,Future Enterprises,Product Manager,San Diego,Brazil
3269,Ava,Thomas,ava.thomas@yahoo.com,+1-509-450-9889,NextGen Software,Data Analyst,Charlotte,India
3270,Ethan,Lopez,ethan.lopez@business.net,+1-396-444-9017,Global Solutions,DevOps Engineer,Dallas,United Kingdom
3271,Evelyn,Hernandez,evelyn.hernandez@outlook.com,+1-480-820-3552,CloudTech Pro,DevOps Engineer,Houston,India
3272,Ethan,Smith,ethan.smith@outlook.com,+1-608-790-9112,Innovation Labs,Financial Analyst,San Jose,India
3273,William,Miller,william.miller@company.com,+1-234-105-3444,Digital Dynamics,Sales Representative,New York,Brazil
3274,Noah,Gonzalez,noah.gonzalez@work.org,+1-315-177-8766,Innovation Labs,Project Manager,Fort Worth,India
3275,Sophia,Jones,sophia.jones@work.org,+1-292-536-5229,Global Solutions,Project Manager,Columbus,India
3276,Sophia,Williams,sophia.williams@business.net,+1-485-430-6633,Innovation Labs,DevOps Engineer,Jacksonville,Australia
3277,Isabella,Davis,isabella.davis@outlook.com,+1-635-793-4888,Smart Analytics,Software Engineer,San Antonio,Brazil
3278,Oliver,Moore,oliver.moore@gmail.com,+1-567-256-6139,Future Enterprises,HR Specialist,Chicago,Mexico
3279,Benjamin,Brown,benjamin.brown@work.org,+1-695-256-9436,Digital Dynamics,Sales Representative,Dallas,United Kingdom
3280,Charlotte,Anderson,charlotte.anderson@yahoo.com,+1-753-207-3545,Digital Dynamics,Sales Representative,Phoenix,France
3281,William,Moore,william.moore@yahoo.com,+1-957-252-4606,Digital Dynamics,UX Designer,San Diego,Mexico
3282,Emma,Williams,emma.williams@work.org,+1-467-501-2786,NextGen Software,Product Manager,Jacksonville,Germany
3283,Olivia,Gonzalez,olivia.gonzalez@business.net,+1-308-235-5816,TechStart Inc,Marketing Manager,Columbus,Japan
3284,Isabella,Miller,isabella.miller@yahoo.com,+1-666-756-9426,Future Enterprises,DevOps Engineer,Charlotte,United States
3285,James,Thomas,james.thomas@company.com,+1-965-161-4966,Digital Dynamics,Data Analyst,Houston,Brazil
3286,Ethan,Jackson,ethan.jackson@gmail.com,+1-437-808-9827,Digital Dynamics,Software Engineer,Dallas,Australia
3287,Amelia,Jackson,amelia.jackson@business.net,+1-490-580-1821,NextGen Software,Data Analyst,San Jose,Brazil
3288,Noah,Moore,noah.moore@business.net,+1-427-450-2986,NextGen Software,Sales Representative,Houston,Australia
3289,William,Taylor,william.taylor@business.net,+1-458-896-6325,CloudTech Pro,Data Analyst,Charlotte,Germany
3290,William,Williams,william.williams@company.com,+1-795-153-1974,Smart Analytics,Product Manager,San Jose,Brazil
3291,Isabella,Moore,isabella.moore@outlook.com,+1-512-714-7843,NextGen Software,Project Manager,Charlotte,Japan
3292,Amelia,Williams,amelia.williams@business.net,+1-368-593-7173,Global Solutions,UX Designer,New York,Australia
3293,James,Anderson,james.anderson@hotmail.com,+1-682-660-6759,Acme Corp,Data Analyst,Austin,Australia
3294,Emma,Brown,emma.brown@business.net,+1-473-988-3493,NextGen Software,Software Engineer,Philadelphia,Japan
3295,Sophia,Smith,sophia.smith@yahoo.com,+1-269-335-1689,DataFlow Systems,Data Analyst,San Antonio,United States
3296,Emma,Lopez,emma.lopez@yahoo.com,+1-626-888-7411,Future Enterprises,DevOps Engineer,Houston,Brazil
3297,Mason,Thomas,mason.thomas@work.org,+1-887-540-7060,Digital Dynamics,Data Analyst,San Jose,Japan
3298,Oliver,Garcia,oliver.garcia@yahoo.com,+1-212-867-6762,TechStart Inc,UX Designer,Austin,Japan
3299,Noah,Brown,noah.brown@yahoo.com,+1-813-772-8470,NextGen Software,Financial Analyst,Charlotte,United Kingdom
3300,Oliver,Jackson,oliver.jackson@business.net,+1-204-539-5479,CloudTech Pro,DevOps Engineer,Fort Worth,Japan
3301,Harper,Smith,harper.smith@work.org,+1-843-475-5865,Acme Corp,Marketing Manager,San Antonio,France
3302,Benjamin,Miller,benjamin.miller@outlook.com,+1-299-497-4537,Digital Dynamics,Marketing Manager,Houston,Japan
3303,Olivia,Jackson,olivia.jackson@company.com,+1-429-519-2983,Innovation Labs,HR Specialist,Phoenix,Japan
3304,Mia,Garcia,mia.garcia@outlook.com,+1-573-479-3394,NextGen Software,Marketing Manager,Philadelphia,United Kingdom
3305,Liam,Lopez,liam.lopez@outlook.com,+1-414-691-1177,Acme Corp,Financial Analyst,Jacksonville,France
3306,Ava,Smith,ava.smith@yahoo.com,+1-834-756-4120,Innovation Labs,Data Analyst,Phoenix,Japan
3307,Olivia,Jones,olivia.jones@business.net,+1-844-711-5193,Innovation Labs,Financial Analyst,New York,Brazil
3308,Ava,Gonzalez,ava.gonzalez@work.org,+1-375-839-8790,TechStart Inc,Data Analyst,Chicago,Mexico
3309,James,Gonzalez,james.gonzalez@business.net,+1-408-150-7794,Acme Corp,Marketing Manager,Dallas,Australia
3310,Noah,Smith,noah.smith@business.net,+1-309-158-5395,CloudTech Pro,Software Engineer,Chicago,United Kingdom
3311,Mason,Jackson,mason.jackson@yahoo.com,+1-788-283-8979,Global Solutions,Marketing Manager,San Antonio,Canada
3312,Ethan,Miller,ethan.miller@work.org,+1-268-304-6109,Future Enterprises,Marketing Manager,Philadelphia,France
3313,Ethan,Hernandez,ethan.hernandez@yahoo.com,+1-444-220-8167,DataFlow Systems,Financial Analyst,Charlotte,United States
3314,William,Jones,william.jones@hotmail.com,+1-362-212-3530,NextGen Software,Data Analyst,Houston,India
3315,Oliver,Rodriguez,oliver.rodriguez@work.org,+1-355-969-3038,Smart Analytics,Financial Analyst,San Jose,Germany
3316,Mia,Rodriguez,mia.rodriguez@outlook.com,+1-596-907-3623,Innovation Labs,Financial Analyst,San Diego,United Kingdom
3317,Liam,Hernandez,liam.hernandez@yahoo.com,+1-305-824-8994,Global Solutions,Project Manager,Columbus,Canada
3318,Lucas,Garcia,lucas.garcia@hotmail.com,+1-819-325-1230,Digital Dynamics,Software Engineer,Jacksonville,United States
3319,Mason,Miller,mason.miller@hotmail.com,+1-585-395-6270,Acme Corp,UX Designer,Los Angeles,Japan
3320,Ava,Hernandez,ava.hernandez@outlook.com,+1-356-521-4834,Future Enterprises,Product Manager,Houston,Mexico
3321,Sophia,Moore,sophia.moore@company.com,+1-512-401-5896,Smart Analytics,Data Analyst,Philadelphia,Australia
3322,Liam,Rodriguez,liam.rodriguez@outlook.com,+1-239-567-8250,Acme Corp,Product Manager,Austin,Japan
3323,Mia,Thomas,mia.thomas@yahoo.com,+1-257-916-8078,TechStart Inc,HR Specialist,Phoenix,Brazil
3324,Noah,Garcia,noah.garcia@business.net,+1-420-996-9460,Digital Dynamics,HR Specialist,San Diego,Canada
3325,Lucas,Martinez,lucas.martinez@yahoo.com,+1-387-854-8086,Digital Dynamics,Marketing Manager,Chicago,Japan
3326,James,Davis,james.davis@business.net,+1-946-218-9991,Global Solutions,Data Analyst,New York,Brazil
3327,Benjamin,Martinez,benjamin.martinez@work.org,+1-869-904-5175,CloudTech Pro,Product Manager,Columbus,Australia
3328,Emma,Jones,emma.jones@work.org,+1-544-724-4795,Acme Corp,Sales Representative,Columbus,Canada
3329,Amelia,Garcia,amelia.garcia@gmail.com,+1-219-312-8820,Innovation Labs,Financial Analyst,Charlotte,Mexico
3330,Olivia,Jackson,olivia.jackson@work.org,+1-428-631-2258,DataFlow Systems,Sales Representative,San Antonio,Germany
3331,Noah,Jones,noah.jones@hotmail.com,+1-256-862-4551,Global Solutions,Data Analyst,Houston,United States
3332,Olivia,Williams,olivia.williams@outlook.com,+1-412-269-4360,Innovation Labs,UX Designer,Fort Worth,France
3333,Lucas,Johnson,lucas.johnson@yahoo.com,+1-732-172-6358,TechStart Inc,Product Manager,Austin,Mexico
3334,Emma,Anderson,emma.anderson@outlook.com,+1-771-470-9380,Smart Analytics,UX Designer,Columbus,Brazil
3335,Evelyn,Hernandez,evelyn.hernandez@gmail.com,+1-229-643-9290,NextGen Software,Sales Representative,Los Angeles,Mexico
3336,Benjamin,Rodriguez,benjamin.rodriguez@outlook.com,+1-748-656-7986,DataFlow Systems,Project Manager,New York,Brazil
3337,Isabella,Thomas,isabella.thomas@business.net,+1-909-613-3952,Digital Dynamics,Data Analyst,Houston,Canada
3338,Mason,Brown,mason.brown@yahoo.com,+1-866-688-7829,NextGen Software,Financial Analyst,Columbus,Brazil
3339,Lucas,Johnson,lucas.johnson@hotmail.com,+1-255-176-7856,Digital Dynamics,Project Manager,Austin,India
3340,Noah,Smith,noah.smith@company.com,+1-579-903-8344,NextGen Software,Product Manager,San Jose,Australia
3341,Olivia,Johnson,olivia.johnson@business.net,+1-547-178-1292,Future Enterprises,Sales Representative,Philadelphia,Brazil
3342,Ethan,Johnson,ethan.johnson@yahoo.com,+1-943-250-2630,Future Enterprises,Data Analyst,Austin,Germany
3343,Alexander,Rodriguez,alexander.rodriguez@business.net,+1-878-426-3205,Global Solutions,Marketing Manager,Columbus,France
3344,Olivia,Jones,olivia.jones@gmail.com,+1-573-812-7395,DataFlow Systems,Product Manager,Houston,Brazil
3345,Noah,Jones,noah.jones@work.org,+1-656-668-6122,Acme Corp,DevOps Engineer,Charlotte,Japan
3346,Noah,Garcia,noah.garcia@outlook.com,+1-647-577-8435,TechStart Inc,Software Engineer,San Jose,United States
3347,Mia,Lopez,mia.lopez@outlook.com,+1-578-642-8001,Innovation Labs,UX Designer,Los Angeles,France
3348,Benjamin,Smith,benjamin.smith@business.net,+1-238-206-5686,Smart Analytics,Data Analyst,San Jose,Germany
3349,William,Garcia,william.garcia@hotmail.com,+1-671-985-1129,CloudTech Pro,Project Manager,San Jose,United Kingdom
3350,Evelyn,Jackson,evelyn.jackson@outlook.com,+1-846-808-2611,Global Solutions,Financial Analyst,Dallas,Brazil
3351,Olivia,Anderson,olivia.anderson@business.net,+1-411-779-6498,Acme Corp,Product Manager,Columbus,France
3352,Charlotte,Johnson,charlotte.johnson@yahoo.com,+1-388-496-8943,Acme Corp,Data Analyst,San Diego,Germany
3353,Oliver,Williams,oliver.williams@gmail.com,+1-691-638-7737,Digital Dynamics,Product Manager,New York,Mexico
3354,Liam,Lopez,liam.lopez@business.net,+1-799-664-7451,Acme Corp,HR Specialist,Philadelphia,United States
3355,Emma,Jackson,emma.jackson@company.com,+1-846-202-2176,Future Enterprises,Marketing Manager,New York,Brazil
3356,Sophia,Martin,sophia.martin@gmail.com,+1-314-195-5134,Acme Corp,Marketing Manager,Columbus,Canada
3357,Ethan,Davis,ethan.davis@yahoo.com,+1-784-603-3867,Smart Analytics,Marketing Manager,Chicago,Brazil
3358,Ethan,Martin,ethan.martin@business.net,+1-306-754-7479,Smart Analytics,DevOps Engineer,New York,Mexico
3359,Noah,Martin,noah.martin@yahoo.com,+1-851-989-5249,Global Solutions,UX Designer,Charlotte,Canada
3360,Alexander,Jones,alexander.jones@company.com,+1-847-127-9194,Future Enterprises,Project Manager,Chicago,Australia
3361,Oliver,Johnson,oliver.johnson@yahoo.com,+1-999-352-2520,Digital Dynamics,HR Specialist,Charlotte,Canada
3362,James,Anderson,james.anderson@business.net,+1-761-894-4223,DataFlow Systems,Financial Analyst,San Antonio,United States
3363,Noah,Jackson,noah.jackson@work.org,+1-497-490-8298,Future Enterprises,Project Manager,Phoenix,Germany
3364,Oliver,Gonzalez,oliver.gonzalez@gmail.com,+1-538-754-9500,TechStart Inc,DevOps Engineer,San Jose,Australia
3365,Evelyn,Jackson,evelyn.jackson@business.net,+1-709-997-9573,TechStart Inc,Data Analyst,Jacksonville,Brazil
3366,Sophia,Smith,sophia.smith@outlook.com,+1-672-772-6350,Innovation Labs,Marketing Manager,Los Angeles,United Kingdom
3367,Olivia,Lopez,olivia.lopez@outlook.com,+1-745-846-4260,Smart Analytics,Financial Analyst,New York,India
3368,Isabella,Davis,isabella.davis@outlook.com,+1-470-853-4237,Digital Dynamics,Product Manager,Fort Worth,United States
3369,Alexander,Gonzalez,alexander.gonzalez@hotmail.com,+1-358-120-2173,Digital Dynamics,UX Designer,Chicago,United Kingdom
3370,Mason,Moore,mason.moore@work.org,+1-441-259-2569,Acme Corp,DevOps Engineer,Phoenix,Germany
3371,Amelia,Brown,amelia.brown@yahoo.com,+1-354-772-5182,Global Solutions,Marketing Manager,San Antonio,Japan
3372,Alexander,Brown,alexander.brown@yahoo.com,+1-522-738-6356,TechStart Inc,Product Manager,Dallas,Japan
3373,Alexander,Gonzalez,alexander.gonzalez@gmail.com,+1-286-574-6869,Future Enterprises,Software Engineer,San Diego,Brazil
3374,Liam,Lopez,liam.lopez@hotmail.com,+1-589-221-4726,Digital Dynamics,UX Designer,Columbus,India
3375,Olivia,Brown,olivia.brown@yahoo.com,+1-524-966-3779,Innovation Labs,Software Engineer,San Jose,Japan
3376,Mia,Miller,mia.miller@outlook.com,+1-713-978-4341,DataFlow Systems,Data Analyst,Columbus,Germany
3377,James,Gonzalez,james.gonzalez@hotmail.com,+1-309-985-7709,Smart Analytics,Project Manager,Dallas,United Kingdom
3378,Ava,Brown,ava.brown@business.net,+1-886-990-8913,Future Enterprises,Data Analyst,Chicago,United States
3379,Mia,Thomas,mia.thomas@outlook.com,+1-679-329-1135,Smart Analytics,Product Manager,Philadelphia,Brazil
3380,Sophia,Jones,sophia.jones@outlook.com,+1-826-593-4815,Smart Analytics,Financial Analyst,Dallas,Mexico
3381,Ethan,Johnson,ethan.johnson@gmail.com,+1-929-794-2295,Smart Analytics,Project Manager,New York,India
3382,Mia,Wilson,mia.wilson@hotmail.com,+1-303-209-6866,Innovation Labs,HR Specialist,Los Angeles,Brazil
3383,Amelia,Lopez,amelia.lopez@hotmail.com,+1-914-883-8058,Digital Dynamics,HR Specialist,Columbus,Brazil
3384,Liam,Jackson,liam.jackson@work.org,+1-411-495-1552,Innovation Labs,UX Designer,Fort Worth,Canada
3385,Sophia,Davis,sophia.davis@yahoo.com,+1-626-809-9425,Global Solutions,Sales Representative,San Jose,Canada
3386,Emma,Johnson,emma.johnson@gmail.com,+1-743-120-5815,CloudTech Pro,Product Manager,Los Angeles,United Kingdom
3387,William,Garcia,william.garcia@outlook.com,+1-668-814-1903,DataFlow Systems,Project Manager,New York,India
3388,Charlotte,Wilson,charlotte.wilson@outlook.com,+1-693-359-4170,Digital Dynamics,Marketing Manager,Dallas,Canada
3389,Olivia,Thomas,olivia.thomas@hotmail.com,+1-357-134-5009,CloudTech Pro,Sales Representative,Los Angeles,Mexico
3390,Olivia,Garcia,olivia.garcia@yahoo.com,+1-721-941-9527,DataFlow Systems,HR Specialist,Fort Worth,United States
3391,Charlotte,Wilson,charlotte.wilson@hotmail.com,+1-416-540-2877,Smart Analytics,DevOps Engineer,San Antonio,Japan
3392,Noah,Gonzalez,noah.gonzalez@company.com,+1-448-693-2230,TechStart Inc,Project Manager,Los Angeles,Germany
3393,Liam,Hernandez,liam.hernandez@company.com,+1-424-392-4005,TechStart Inc,UX Designer,Dallas,France
3394,Lucas,Jones,lucas.jones@outlook.com,+1-994-955-9928,NextGen Software,Data Analyst,Los Angeles,Japan
3395,Harper,Jones,harper.jones@work.org,+1-734-847-1390,CloudTech Pro,Sales Representative,Fort Worth,Japan
3396,William,Taylor,william.taylor@outlook.com,+1-450-641-6097,Digital Dynamics,Marketing Manager,Columbus,Germany
3397,Liam,Jackson,liam.jackson@hotmail.com,+1-947-804-9034,Smart Analytics,Data Analyst,Charlotte,Japan
3398,Benjamin,Jones,benjamin.jones@work.org,+1-249-472-7336,Future Enterprises,Marketing Manager,Houston,India
3399,Amelia,Miller,amelia.miller@outlook.com,+1-201-746-7966,CloudTech Pro,HR Specialist,San Antonio,France
3400,James,Hernandez,james.hernandez@hotmail.com,+1-463-815-2446,Innovation Labs,HR Specialist,Fort Worth,Mexico
3401,James,Wilson,james.wilson@company.com,+1-867-796-5710,DataFlow Systems,DevOps Engineer,Chicago,Canada
3402,William,Lopez,william.lopez@company.com,+1-988-445-6661,Global Solutions,Sales Representative,Dallas,France
3403,Evelyn,Anderson,evelyn.anderson@hotmail.com,+1-578-987-7596,Acme Corp,Software Engineer,San Diego,United States
3404,Olivia,Taylor,olivia.taylor@gmail.com,+1-312-210-6884,Smart Analytics,Sales Representative,Phoenix,United Kingdom
3405,Mason,Jones,mason.jones@work.org,+1-850-881-8954,DataFlow Systems,Marketing Manager,San Diego,United Kingdom
3406,Lucas,Johnson,lucas.johnson@yahoo.com,+1-680-722-4995,Future Enterprises,Software Engineer,Chicago,Mexico
3407,Alexander,Gonzalez,alexander.gonzalez@company.com,+1-843-687-7947,NextGen Software,UX Designer,Houston,Germany
3408,Olivia,Hernandez,olivia.hernandez@business.net,+1-836-873-7543,NextGen Software,HR Specialist,Columbus,United States
3409,William,Rodriguez,william.rodriguez@yahoo.com,+1-353-609-2261,Digital Dynamics,HR Specialist,Houston,Mexico
3410,James,Jones,james.jones@work.org,+1-237-126-2313,Innovation Labs,Sales Representative,New York,India
3411,Mason,Thomas,mason.thomas@company.com,+1-637-348-3024,Digital Dynamics,Product Manager,Austin,India
3412,Olivia,Garcia,olivia.garcia@work.org,+1-913-940-5270,NextGen Software,DevOps Engineer,Austin,Brazil
3413,Evelyn,Williams,evelyn.williams@outlook.com,+1-998-132-4852,CloudTech Pro,Financial Analyst,Jacksonville,France
3414,Olivia,Wilson,olivia.wilson@yahoo.com,+1-522-152-7599,Innovation Labs,Product Manager,Los Angeles,Canada
3415,Mason,Martinez,mason.martinez@company.com,+1-695-803-4917,Acme Corp,Project Manager,Chicago,United States
3416,William,Taylor,william.taylor@outlook.com,+1-221-648-4095,Global Solutions,Sales Representative,Austin,Canada
3417,Noah,Martinez,noah.martinez@gmail.com,+1-670-722-3932,Innovation Labs,Sales Representative,Chicago,United Kingdom
3418,Emma,Taylor,emma.taylor@gmail.com,+1-624-197-2383,Innovation Labs,Data Analyst,Los Angeles,Mexico
3419,Ava,Rodriguez,ava.rodriguez@company.com,+1-226-845-5955,TechStart Inc,Marketing Manager,Fort Worth,Australia
3420,Noah,Jackson,noah.jackson@work.org,+1-328-156-3695,CloudTech Pro,UX Designer,Houston,Canada
3421,Sophia,Thomas,sophia.thomas@hotmail.com,+1-946-566-7952,CloudTech Pro,Sales Representative,Philadelphia,Brazil
3422,Isabella,Gonzalez,isabella.gonzalez@hotmail.com,+1-587-853-8409,CloudTech Pro,Financial Analyst,San Diego,Japan
3423,James,Johnson,james.johnson@outlook.com,+1-406-211-1244,DataFlow Systems,HR Specialist,Houston,United States
3424,Lucas,Anderson,lucas.anderson@hotmail.com,+1-359-301-2977,Acme Corp,Software Engineer,Columbus,India
3425,Ethan,Miller,ethan.miller@work.org,+1-370-196-8407,TechStart Inc,Software Engineer,Philadelphia,France
3426,Oliver,Miller,oliver.miller@business.net,+1-358-513-6310,DataFlow Systems,HR Specialist,San Jose,France
3427,Sophia,Williams,sophia.williams@hotmail.com,+1-931-299-7775,NextGen Software,Software Engineer,Columbus,United Kingdom
3428,Liam,Gonzalez,liam.gonzalez@work.org,+1-473-147-5533,Innovation Labs,HR Specialist,Charlotte,Germany
3429,Ava,Lopez,ava.lopez@gmail.com,+1-498-713-2974,Digital Dynamics,HR Specialist,Jacksonville,United Kingdom
3430,Isabella,Moore,isabella.moore@outlook.com,+1-603-634-6308,DataFlow Systems,Data Analyst,Los Angeles,France
3431,William,Jackson,william.jackson@outlook.com,+1-798-167-1154,Smart Analytics,DevOps Engineer,Fort Worth,United States
3432,Ava,Davis,ava.davis@company.com,+1-891-789-7441,Digital Dynamics,UX Designer,New York,Canada
3433,Ava,Martin,ava.martin@company.com,+1-484-198-9068,TechStart Inc,Data Analyst,San Antonio,Japan
3434,Noah,Brown,noah.brown@hotmail.com,+1-872-113-3369,CloudTech Pro,Product Manager,Jacksonville,United States
3435,Liam,Brown,liam.brown@yahoo.com,+1-658-876-8781,NextGen Software,Sales Representative,Phoenix,Australia
3436,Amelia,Jackson,amelia.jackson@outlook.com,+1-366-293-7974,Smart Analytics,Software Engineer,San Antonio,Japan
3437,Olivia,Jackson,olivia.jackson@hotmail.com,+1-601-402-2548,CloudTech Pro,DevOps Engineer,Charlotte,France
3438,Sophia,Lopez,sophia.lopez@yahoo.com,+1-881-968-3466,DataFlow Systems,Marketing Manager,Houston,Brazil
3439,Charlotte,Garcia,charlotte.garcia@work.org,+1-951-107-3421,TechStart Inc,Product Manager,Chicago,India
3440,Ava,Jackson,ava.jackson@gmail.com,+1-292-130-6824,Future Enterprises,Data Analyst,San Antonio,Australia
3441,Alexander,Davis,alexander.davis@work.org,+1-227-160-8715,Acme Corp,DevOps Engineer,Philadelphia,Brazil
3442,Charlotte,Rodriguez,charlotte.rodriguez@outlook.com,+1-632-917-6206,Smart Analytics,Sales Representative,Los Angeles,Canada
3443,James,Moore,james.moore@hotmail.com,+1-916-678-7897,Smart Analytics,Financial Analyst,Houston,India
3444,Evelyn,Martinez,evelyn.martinez@work.org,+1-814-814-8602,CloudTech Pro,Marketing Manager,Columbus,India
3445,Alexander,Rodriguez,alexander.rodriguez@yahoo.com,+1-685-319-2515,Future Enterprises,Project Manager,San Jose,Germany
3446,Ethan,Gonzalez,ethan.gonzalez@business.net,+1-898-179-1860,Innovation Labs,Marketing Manager,San Jose,Mexico
3447,James,Jackson,james.jackson@yahoo.com,+1-535-639-1850,NextGen Software,Product Manager,Jacksonville,Canada
3448,Ava,Rodriguez,ava.rodriguez@outlook.com,+1-491-171-2106,Smart Analytics,UX Designer,San Diego,Canada
3449,Liam,Hernandez,liam.hernandez@hotmail.com,+1-793-717-2364,NextGen Software,Project Manager,Austin,Japan
3450,Liam,Gonzalez,liam.gonzalez@business.net,+1-425-805-8540,Smart Analytics,Financial Analyst,San Antonio,Mexico
3451,Oliver,Martinez,oliver.martinez@gmail.com,+1-267-716-2076,DataFlow Systems,Sales Representative,Fort Worth,Australia
3452,Olivia,Johnson,olivia.johnson@yahoo.com,+1-620-788-9792,Future Enterprises,Sales Representative,San Jose,Japan
3453,Lucas,Taylor,lucas.taylor@gmail.com,+1-946-404-7884,TechStart Inc,Product Manager,Columbus,Canada
3454,Harper,Lopez,harper.lopez@gmail.com,+1-824-410-6414,Acme Corp,Product Manager,Austin,Canada
3455,Mason,Miller,mason.miller@company.com,+1-997-621-2602,NextGen Software,Sales Representative,Philadelphia,Brazil
3456,Noah,Hernandez,noah.hernandez@business.net,+1-983-381-7932,NextGen Software,Software Engineer,Houston,Canada
3457,Ava,Anderson,ava.anderson@business.net,+1-729-883-8889,TechStart Inc,Software Engineer,Houston,Germany
3458,Benjamin,Taylor,benjamin.taylor@gmail.com,+1-421-770-9998,Smart Analytics,UX Designer,San Antonio,Germany
3459,Olivia,Martinez,olivia.martinez@company.com,+1-609-360-1563,Future Enterprises,Sales Representative,Los Angeles,United States
3460,Charlotte,Miller,charlotte.miller@company.com,+1-908-469-4218,TechStart Inc,HR Specialist,Austin,India
3461,Alexander,Miller,alexander.miller@hotmail.com,+1-832-543-8677,Digital Dynamics,Product Manager,Fort Worth,United States
3462,Isabella,Williams,isabella.williams@gmail.com,+1-319-234-1837,Future Enterprises,UX Designer,Chicago,Germany
3463,Isabella,Jackson,isabella.jackson@yahoo.com,+1-245-105-3053,Future Enterprises,Project Manager,Fort Worth,Brazil
3464,Lucas,Thomas,lucas.thomas@company.com,+1-274-920-8651,Innovation Labs,Marketing Manager,Dallas,Brazil
3465,Harper,Gonzalez,harper.gonzalez@gmail.com,+1-365-850-4995,DataFlow Systems,UX Designer,Chicago,Germany
3466,Emma,Jones,emma.jones@yahoo.com,+1-649-217-4803,Future Enterprises,Software Engineer,Jacksonville,Brazil
3467,Mia,Gonzalez,mia.gonzalez@company.com,+1-800-757-1958,CloudTech Pro,UX Designer,Charlotte,United Kingdom
3468,Olivia,Jones,olivia.jones@work.org,+1-339-613-9308,Digital Dynamics,Project Manager,Phoenix,Brazil
3469,Sophia,Johnson,sophia.johnson@company.com,+1-501-397-1769,Global Solutions,HR Specialist,San Antonio,Brazil
3470,Noah,Wilson,noah.wilson@outlook.com,+1-518-113-9258,Digital Dynamics,UX Designer,Columbus,France
3471,Ava,Martin,ava.martin@yahoo.com,+1-569-402-8978,Acme Corp,Financial Analyst,Austin,France
3472,Evelyn,Taylor,evelyn.taylor@hotmail.com,+1-651-598-1317,Innovation Labs,HR Specialist,Dallas,Japan
3473,Isabella,Rodriguez,isabella.rodriguez@business.net,+1-308-158-4057,NextGen Software,HR Specialist,San Jose,Mexico
3474,Oliver,Taylor,oliver.taylor@work.org,+1-259-736-4509,CloudTech Pro,Software Engineer,Jacksonville,Brazil
3475,Sophia,Taylor,sophia.taylor@business.net,+1-968-311-3811,DataFlow Systems,Data Analyst,Houston,France
3476,William,Lopez,william.lopez@outlook.com,+1-250-998-8031,DataFlow Systems,Project Manager,Fort Worth,Germany
3477,Benjamin,Anderson,benjamin.anderson@hotmail.com,+1-808-910-9896,Future Enterprises,Product Manager,San Diego,Japan
3478,Amelia,Brown,amelia.brown@yahoo.com,+1-507-869-4990,DataFlow Systems,DevOps Engineer,Jacksonville,Brazil
3479,Benjamin,Martinez,benjamin.martinez@business.net,+1-991-612-7557,Innovation Labs,Data Analyst,Philadelphia,India
3480,Liam,Davis,liam.davis@outlook.com,+1-761-331-3640,NextGen Software,UX Designer,San Antonio,India
3481,Ethan,Martinez,ethan.martinez@yahoo.com,+1-700-518-6935,Smart Analytics,Financial Analyst,Columbus,France
3482,Isabella,Gonzalez,isabella.gonzalez@work.org,+1-289-846-5023,NextGen Software,Financial Analyst,San Jose,Canada
3483,Mia,Brown,mia.brown@work.org,+1-700-653-1252,Future Enterprises,HR Specialist,San Jose,Japan
3484,Mia,Gonzalez,mia.gonzalez@gmail.com,+1-999-405-5151,CloudTech Pro,UX Designer,Philadelphia,United States
3485,Lucas,Brown,lucas.brown@outlook.com,+1-729-354-8540,Future Enterprises,Project Manager,Houston,Brazil
3486,Lucas,Taylor,lucas.taylor@yahoo.com,+1-762-530-5255,TechStart Inc,Marketing Manager,Fort Worth,Germany
3487,Lucas,Gonzalez,lucas.gonzalez@hotmail.com,+1-655-449-6710,Innovation Labs,HR Specialist,Dallas,Mexico
3488,Olivia,Miller,olivia.miller@outlook.com,+1-525-428-8534,Smart Analytics,Financial Analyst,Phoenix,Australia
3489,William,Martinez,william.martinez@gmail.com,+1-366-580-1120,NextGen Software,UX Designer,Dallas,Australia
3490,Charlotte,Hernandez,charlotte.hernandez@business.net,+1-652-258-9970,Global Solutions,DevOps Engineer,Dallas,United Kingdom
3491,Alexander,Rodriguez,alexander.rodriguez@gmail.com,+1-311-722-4315,NextGen Software,HR Specialist,Charlotte,Brazil
3492,Lucas,Moore,lucas.moore@gmail.com,+1-248-618-8723,DataFlow Systems,Marketing Manager,San Diego,United Kingdom
3493,Olivia,Hernandez,olivia.hernandez@company.com,+1-737-256-8641,Smart Analytics,Product Manager,Houston,India
3494,Noah,Williams,noah.williams@business.net,+1-268-947-5807,NextGen Software,Project Manager,San Diego,Mexico
3495,Noah,Wilson,noah.wilson@yahoo.com,+1-294-875-8618,CloudTech Pro,Software Engineer,Columbus,Germany
3496,Mason,Rodriguez,mason.rodriguez@company.com,+1-667-901-5412,Digital Dynamics,DevOps Engineer,Philadelphia,Germany
3497,Ethan,Wilson,ethan.wilson@work.org,+1-754-184-2315,Future Enterprises,UX Designer,Dallas,United Kingdom
3498,Emma,Gonzalez,emma.gonzalez@work.org,+1-509-755-7200,TechStart Inc,Financial Analyst,Charlotte,Japan
3499,Isabella,Smith,isabella.smith@company.com,+1-984-174-5190,TechStart Inc,Project Manager,Dallas,Japan
3500,Sophia,Brown,sophia.brown@outlook.com,+1-483-507-2227,Global Solutions,Product Manager,Columbus,United Kingdom
3501,Evelyn,Gonzalez,evelyn.gonzalez@outlook.com,+1-956-861-6991,Future Enterprises,Data Analyst,San Antonio,Brazil
3502,Alexander,Martinez,alexander.martinez@outlook.com,+1-709-850-2560,Acme Corp,Data Analyst,San Diego,United Kingdom
3503,Evelyn,Williams,evelyn.williams@yahoo.com,+1-677-565-4292,NextGen Software,HR Specialist,Austin,Germany
3504,Harper,Hernandez,harper.hernandez@outlook.com,+1-373-571-7234,Future Enterprises,UX Designer,Los Angeles,Germany
3505,Noah,Hernandez,noah.hernandez@outlook.com,+1-487-106-4215,Future Enterprises,DevOps Engineer,Phoenix,Germany
3506,Mia,Rodriguez,mia.rodriguez@work.org,+1-950-187-9781,Acme Corp,Project Manager,Dallas,Australia
3507,Isabella,Lopez,isabella.lopez@company.com,+1-376-700-6002,Global Solutions,Financial Analyst,Phoenix,Canada
3508,Lucas,Jones,lucas.jones@yahoo.com,+1-726-668-5937,Global Solutions,Data Analyst,Columbus,France
3509,Ethan,Lopez,ethan.lopez@yahoo.com,+1-734-485-8159,Acme Corp,Software Engineer,Columbus,France
3510,William,Davis,william.davis@outlook.com,+1-401-460-3920,Global Solutions,Project Manager,Phoenix,France
3511,Alexander,Lopez,alexander.lopez@outlook.com,+1-863-717-7629,NextGen Software,DevOps Engineer,Jacksonville,Australia
3512,Isabella,Brown,isabella.brown@yahoo.com,+1-900-959-6809,TechStart Inc,Sales Representative,San Jose,France
3513,Lucas,Garcia,lucas.garcia@company.com,+1-595-629-7344,NextGen Software,DevOps Engineer,Chicago,Australia
3514,Emma,Garcia,emma.garcia@gmail.com,+1-510-392-6769,TechStart Inc,Data Analyst,Jacksonville,Brazil
3515,Evelyn,Miller,evelyn.miller@work.org,+1-369-223-3063,DataFlow Systems,HR Specialist,New York,United Kingdom
3516,Liam,Jackson,liam.jackson@company.com,+1-495-674-7538,Innovation Labs,Sales Representative,Charlotte,Brazil
3517,Isabella,Martinez,isabella.martinez@business.net,+1-873-495-9736,Global Solutions,Sales Representative,Charlotte,Japan
3518,Liam,Miller,liam.miller@gmail.com,+1-489-975-4715,Acme Corp,Sales Representative,Columbus,India
3519,Lucas,Jones,lucas.jones@company.com,+1-306-822-5060,Acme Corp,Product Manager,Fort Worth,France
3520,Liam,Hernandez,liam.hernandez@gmail.com,+1-585-955-5493,Innovation Labs,Financial Analyst,Jacksonville,Germany
3521,Harper,Hernandez,harper.hernandez@hotmail.com,+1-552-798-6634,Digital Dynamics,UX Designer,Austin,Brazil
3522,Mason,Davis,mason.davis@gmail.com,+1-360-598-8208,CloudTech Pro,Marketing Manager,Houston,Germany
3523,Evelyn,Gonzalez,evelyn.gonzalez@company.com,+1-704-175-3058,NextGen Software,Product Manager,Philadelphia,Brazil
3524,Noah,Anderson,noah.anderson@hotmail.com,+1-761-197-3837,Future Enterprises,Software Engineer,Los Angeles,Canada
3525,Benjamin,Rodriguez,benjamin.rodriguez@work.org,+1-970-258-8166,NextGen Software,Sales Representative,Charlotte,Australia
3526,Ava,Davis,ava.davis@work.org,+1-505-299-5208,DataFlow Systems,DevOps Engineer,San Antonio,France
3527,Emma,Taylor,emma.taylor@outlook.com,+1-247-109-1801,TechStart Inc,Project Manager,Phoenix,India
3528,Emma,Martin,emma.martin@yahoo.com,+1-926-675-1367,Smart Analytics,Sales Representative,Houston,France
3529,Ethan,Rodriguez,ethan.rodriguez@gmail.com,+1-364-899-9105,DataFlow Systems,Data Analyst,Los Angeles,Brazil
3530,Amelia,Williams,amelia.williams@gmail.com,+1-719-520-4241,CloudTech Pro,HR Specialist,San Antonio,Germany
3531,Amelia,Johnson,amelia.johnson@gmail.com,+1-391-751-4195,CloudTech Pro,Marketing Manager,Dallas,India
3532,Oliver,Smith,oliver.smith@yahoo.com,+1-989-260-9096,Global Solutions,Marketing Manager,Los Angeles,France
3533,Ava,Davis,ava.davis@work.org,+1-798-802-3282,DataFlow Systems,UX Designer,Columbus,Japan
3534,Oliver,Gonzalez,oliver.gonzalez@company.com,+1-329-660-2495,Future Enterprises,DevOps Engineer,Los Angeles,United States
3535,Noah,Garcia,noah.garcia@yahoo.com,+1-356-877-8411,Digital Dynamics,DevOps Engineer,San Diego,France
3536,Noah,Garcia,noah.garcia@gmail.com,+1-679-887-1917,CloudTech Pro,Data Analyst,Los Angeles,France
3537,Sophia,Thomas,sophia.thomas@yahoo.com,+1-478-460-2543,TechStart Inc,Data Analyst,San Antonio,United States
3538,Ava,Brown,ava.brown@gmail.com,+1-565-920-4597,NextGen Software,Marketing Manager,Fort Worth,Germany
3539,Emma,Johnson,emma.johnson@work.org,+1-750-169-6762,CloudTech Pro,Project Manager,San Jose,Mexico
3540,Oliver,Wilson,oliver.wilson@outlook.com,+1-993-395-2492,Global Solutions,Financial Analyst,Jacksonville,Canada
3541,Isabella,Wilson,isabella.wilson@hotmail.com,+1-821-180-2881,Digital Dynamics,UX Designer,Phoenix,United States
3542,Charlotte,Thomas,charlotte.thomas@work.org,+1-313-738-3645,Future Enterprises,Project Manager,Los Angeles,France
3543,Lucas,Moore,lucas.moore@work.org,+1-976-351-2367,DataFlow Systems,UX Designer,Fort Worth,Mexico
3544,Mason,Garcia,mason.garcia@business.net,+1-202-610-7514,DataFlow Systems,Product Manager,Columbus,Germany
3545,Isabella,Smith,isabella.smith@outlook.com,+1-490-129-6436,Global Solutions,Software Engineer,San Jose,Mexico
3546,Mia,Williams,mia.williams@gmail.com,+1-615-849-2591,Acme Corp,DevOps Engineer,Columbus,France
3547,Ethan,Lopez,ethan.lopez@work.org,+1-851-437-8574,CloudTech Pro,UX Designer,San Jose,United States
3548,Alexander,Lopez,alexander.lopez@hotmail.com,+1-975-521-8439,TechStart Inc,UX Designer,Chicago,France
3549,Benjamin,Brown,benjamin.brown@outlook.com,+1-306-168-3561,Future Enterprises,Sales Representative,Philadelphia,Brazil
3550,Mia,Lopez,mia.lopez@hotmail.com,+1-768-572-3390,Innovation Labs,Marketing Manager,New York,Brazil
3551,Liam,Wilson,liam.wilson@gmail.com,+1-739-804-7920,Future Enterprises,Data Analyst,Columbus,Mexico
3552,Evelyn,Garcia,evelyn.garcia@gmail.com,+1-684-204-7751,Digital Dynamics,Software Engineer,Houston,Germany
3553,Oliver,Thomas,oliver.thomas@work.org,+1-621-994-5315,Acme Corp,Project Manager,San Antonio,Germany
3554,Amelia,Martinez,amelia.martinez@outlook.com,+1-425-389-9335,Digital Dynamics,Project Manager,Chicago,Brazil
3555,Benjamin,Johnson,benjamin.johnson@gmail.com,+1-776-292-3325,Digital Dynamics,HR Specialist,San Jose,Japan
3556,Oliver,Hernandez,oliver.hernandez@work.org,+1-636-977-5125,Acme Corp,Software Engineer,Dallas,Mexico
3557,Evelyn,Davis,evelyn.davis@business.net,+1-431-343-4245,Innovation Labs,Software Engineer,Charlotte,India
3558,William,Miller,william.miller@company.com,+1-403-197-3166,CloudTech Pro,Data Analyst,San Antonio,Brazil
3559,Mia,Martinez,mia.martinez@work.org,+1-344-454-5972,Future Enterprises,Financial Analyst,New York,Australia
3560,Ethan,Taylor,ethan.taylor@yahoo.com,+1-683-195-3521,Future Enterprises,DevOps Engineer,New York,United Kingdom
3561,Harper,Jones,harper.jones@outlook.com,+1-571-388-5696,DataFlow Systems,HR Specialist,Chicago,Germany
3562,Alexander,Lopez,alexander.lopez@outlook.com,+1-867-907-3200,Innovation Labs,Financial Analyst,Chicago,Germany
3563,Oliver,Jackson,oliver.jackson@outlook.com,+1-547-698-9606,Future Enterprises,Financial Analyst,Los Angeles,Brazil
3564,Evelyn,Miller,evelyn.miller@gmail.com,+1-631-154-6088,Innovation Labs,UX Designer,Phoenix,Australia
3565,Charlotte,Wilson,charlotte.wilson@outlook.com,+1-604-481-5923,Smart Analytics,Product Manager,Charlotte,United Kingdom
3566,Liam,Smith,liam.smith@yahoo.com,+1-202-881-9657,Digital Dynamics,Software Engineer,Austin,India
3567,Isabella,Anderson,isabella.anderson@business.net,+1-747-651-9042,CloudTech Pro,Sales Representative,Austin,Japan
3568,Lucas,Garcia,lucas.garcia@gmail.com,+1-517-531-6141,TechStart Inc,Software Engineer,Jacksonville,France
3569,Emma,Taylor,emma.taylor@gmail.com,+1-239-938-9006,Digital Dynamics,Data Analyst,Phoenix,Mexico
3570,Evelyn,Garcia,evelyn.garcia@yahoo.com,+1-265-677-3237,NextGen Software,UX Designer,Los Angeles,Mexico
3571,Mia,Jackson,mia.jackson@hotmail.com,+1-549-878-5479,CloudTech Pro,Marketing Manager,Phoenix,Mexico
3572,Emma,Rodriguez,emma.rodriguez@yahoo.com,+1-297-562-2039,Global Solutions,Project Manager,Jacksonville,Brazil
3573,Alexander,Martin,alexander.martin@hotmail.com,+1-595-789-3811,NextGen Software,HR Specialist,San Diego,Germany
3574,Liam,Johnson,liam.johnson@yahoo.com,+1-755-480-3703,Global Solutions,Data Analyst,Columbus,France
3575,William,Jones,william.jones@company.com,+1-507-524-9845,Global Solutions,Sales Representative,San Diego,France
3576,Harper,Martinez,harper.martinez@gmail.com,+1-370-854-1905,TechStart Inc,Sales Representative,Columbus,Mexico
3577,Charlotte,Gonzalez,charlotte.gonzalez@work.org,+1-817-790-7586,Innovation Labs,UX Designer,Houston,Germany
3578,Alexander,Martinez,alexander.martinez@yahoo.com,+1-820-248-3700,Innovation Labs,Financial Analyst,Fort Worth,Japan
3579,Emma,Moore,emma.moore@hotmail.com,+1-853-435-2353,Digital Dynamics,Financial Analyst,Los Angeles,Germany
3580,Mia,Johnson,mia.johnson@hotmail.com,+1-777-127-3665,Smart Analytics,Software Engineer,Chicago,Japan
3581,Harper,Taylor,harper.taylor@company.com,+1-895-666-7745,CloudTech Pro,Sales Representative,Fort Worth,United States
3582,Ethan,Anderson,ethan.anderson@hotmail.com,+1-399-873-4654,Global Solutions,Financial Analyst,Dallas,Canada
3583,Sophia,Taylor,sophia.taylor@work.org,+1-750-800-4792,Innovation Labs,Project Manager,Jacksonville,United States
3584,Ava,Martin,ava.martin@work.org,+1-470-287-7333,TechStart Inc,UX Designer,Jacksonville,United States
3585,James,Smith,james.smith@business.net,+1-334-278-3889,CloudTech Pro,Software Engineer,Columbus,India
3586,Lucas,Williams,lucas.williams@gmail.com,+1-376-503-5828,Innovation Labs,Product Manager,New York,Canada
3587,Noah,Martinez,noah.martinez@business.net,+1-879-580-2651,Acme Corp,Marketing Manager,San Jose,Germany
3588,Ethan,Jones,ethan.jones@yahoo.com,+1-761-780-2393,DataFlow Systems,UX Designer,Charlotte,Mexico
3589,Noah,Garcia,noah.garcia@work.org,+1-897-345-8432,NextGen Software,UX Designer,Dallas,United States
3590,Lucas,Moore,lucas.moore@work.org,+1-819-568-5640,Smart Analytics,DevOps Engineer,Dallas,Australia
3591,Ava,Lopez,ava.lopez@yahoo.com,+1-889-251-7775,Smart Analytics,Project Manager,San Antonio,Brazil
3592,Sophia,Taylor,sophia.taylor@gmail.com,+1-395-479-1364,DataFlow Systems,HR Specialist,Columbus,Canada
3593,Olivia,Smith,olivia.smith@hotmail.com,+1-497-336-9930,Global Solutions,Sales Representative,Dallas,United Kingdom
3594,Benjamin,Gonzalez,benjamin.gonzalez@company.com,+1-722-331-3222,CloudTech Pro,Software Engineer,San Diego,Australia
3595,Benjamin,Taylor,benjamin.taylor@business.net,+1-538-439-3522,Innovation Labs,UX Designer,New York,United States
3596,Olivia,Moore,olivia.moore@hotmail.com,+1-275-719-5637,Future Enterprises,HR Specialist,Dallas,Brazil
3597,Sophia,Taylor,sophia.taylor@gmail.com,+1-233-520-3164,Innovation Labs,Product Manager,Philadelphia,Mexico
3598,Evelyn,Smith,evelyn.smith@company.com,+1-556-211-1137,TechStart Inc,Sales Representative,Dallas,Australia
3599,Benjamin,Brown,benjamin.brown@work.org,+1-765-628-2455,Digital Dynamics,Data Analyst,Columbus,Australia
3600,Harper,Gonzalez,harper.gonzalez@business.net,+1-422-694-1469,NextGen Software,Product Manager,Chicago,India
3601,Liam,Smith,liam.smith@company.com,+1-353-217-7996,NextGen Software,Marketing Manager,Phoenix,Canada
3602,Benjamin,Thomas,benjamin.thomas@outlook.com,+1-212-455-2688,Smart Analytics,UX Designer,Austin,Mexico
3603,Charlotte,Martin,charlotte.martin@gmail.com,+1-884-756-3423,CloudTech Pro,Software Engineer,Philadelphia,Mexico
3604,Ethan,Johnson,ethan.johnson@company.com,+1-273-433-8147,Acme Corp,Project Manager,San Diego,Germany
3605,Emma,Garcia,emma.garcia@work.org,+1-873-411-5422,DataFlow Systems,Software Engineer,Fort Worth,Australia
3606,Amelia,Williams,amelia.williams@business.net,+1-748-536-7776,TechStart Inc,Data Analyst,Los Angeles,Australia
3607,Lucas,Rodriguez,lucas.rodriguez@company.com,+1-377-767-4156,Digital Dynamics,Product Manager,Houston,Canada
3608,Olivia,Gonzalez,olivia.gonzalez@gmail.com,+1-701-960-9226,CloudTech Pro,DevOps Engineer,San Antonio,France
3609,Isabella,Anderson,isabella.anderson@outlook.com,+1-987-364-6388,Innovation Labs,Product Manager,San Jose,Japan
3610,Ethan,Jones,ethan.jones@business.net,+1-585-355-2673,DataFlow Systems,HR Specialist,Charlotte,United Kingdom
3611,Mason,Miller,mason.miller@yahoo.com,+1-608-182-8779,NextGen Software,UX Designer,San Diego,United Kingdom
3612,Sophia,Garcia,sophia.garcia@company.com,+1-222-646-1723,NextGen Software,Product Manager,Phoenix,Mexico
3613,Harper,Taylor,harper.taylor@gmail.com,+1-855-384-5014,Global Solutions,Product Manager,San Antonio,Mexico
3614,Liam,Miller,liam.miller@hotmail.com,+1-817-325-6607,Global Solutions,Data Analyst,New York,India
3615,Alexander,Martin,alexander.martin@company.com,+1-404-620-2478,Digital Dynamics,HR Specialist,Chicago,India
3616,Olivia,Jones,olivia.jones@business.net,+1-737-265-9428,DataFlow Systems,Product Manager,Los Angeles,Germany
3617,Mason,Davis,mason.davis@business.net,+1-966-482-9582,Smart Analytics,UX Designer,Fort Worth,United States
3618,Ethan,Brown,ethan.brown@outlook.com,+1-622-284-9955,Digital Dynamics,Marketing Manager,Chicago,Japan
3619,William,Lopez,william.lopez@work.org,+1-567-494-4305,CloudTech Pro,Software Engineer,Austin,Germany
3620,Mason,Jones,mason.jones@work.org,+1-784-618-9578,Smart Analytics,DevOps Engineer,New York,Japan
3621,Olivia,Johnson,olivia.johnson@gmail.com,+1-618-646-3151,Digital Dynamics,Sales Representative,Jacksonville,United Kingdom
3622,Emma,Taylor,emma.taylor@outlook.com,+1-275-549-2853,Smart Analytics,Marketing Manager,Houston,Canada
3623,Emma,Martinez,emma.martinez@hotmail.com,+1-686-449-4959,DataFlow Systems,Sales Representative,San Jose,United States
3624,Mia,Gonzalez,mia.gonzalez@hotmail.com,+1-748-824-3127,Innovation Labs,Financial Analyst,New York,Japan
3625,Charlotte,Anderson,charlotte.anderson@outlook.com,+1-436-963-7144,Innovation Labs,Software Engineer,Jacksonville,Canada
3626,Oliver,Brown,oliver.brown@hotmail.com,+1-492-368-6618,Acme Corp,Data Analyst,Jacksonville,United States
3627,Alexander,Taylor,alexander.taylor@hotmail.com,+1-353-433-2662,DataFlow Systems,Sales Representative,Dallas,France
3628,Amelia,Wilson,amelia.wilson@company.com,+1-408-338-6927,TechStart Inc,Marketing Manager,Charlotte,France
3629,William,Rodriguez,william.rodriguez@company.com,+1-672-456-2397,Smart Analytics,Product Manager,New York,Australia
3630,William,Rodriguez,william.rodriguez@business.net,+1-333-233-5175,TechStart Inc,UX Designer,Columbus,France
3631,James,Smith,james.smith@outlook.com,+1-609-192-3497,Global Solutions,Product Manager,Phoenix,United Kingdom
3632,Isabella,Jackson,isabella.jackson@company.com,+1-425-904-3962,DataFlow Systems,HR Specialist,Charlotte,Australia
3633,Evelyn,Jackson,evelyn.jackson@outlook.com,+1-738-476-3925,Innovation Labs,Product Manager,San Jose,Canada
3634,Lucas,Anderson,lucas.anderson@company.com,+1-961-644-1289,CloudTech Pro,Software Engineer,Columbus,India
3635,Emma,Brown,emma.brown@business.net,+1-961-580-1300,NextGen Software,Software Engineer,New York,United States
3636,Liam,Anderson,liam.anderson@gmail.com,+1-590-788-1774,NextGen Software,Project Manager,San Jose,Japan
3637,Lucas,Gonzalez,lucas.gonzalez@gmail.com,+1-822-572-3376,Future Enterprises,DevOps Engineer,Jacksonville,United Kingdom
3638,Ava,Garcia,ava.garcia@gmail.com,+1-310-918-3092,Global Solutions,Sales Representative,New York,Germany
3639,Sophia,Gonzalez,sophia.gonzalez@yahoo.com,+1-676-986-2520,Future Enterprises,DevOps Engineer,Columbus,United Kingdom
3640,Oliver,Davis,oliver.davis@outlook.com,+1-563-293-7923,Acme Corp,DevOps Engineer,Houston,Japan
3641,Mia,Smith,mia.smith@company.com,+1-884-360-1241,Innovation Labs,Sales Representative,Austin,Germany
3642,Noah,Lopez,noah.lopez@work.org,+1-707-205-4679,DataFlow Systems,HR Specialist,Jacksonville,United Kingdom
3643,Ava,Smith,ava.smith@hotmail.com,+1-667-322-7278,TechStart Inc,DevOps Engineer,Houston,United Kingdom
3644,Benjamin,Brown,benjamin.brown@yahoo.com,+1-419-824-2458,TechStart Inc,Project Manager,Philadelphia,Germany
3645,Evelyn,Williams,evelyn.williams@yahoo.com,+1-879-946-9245,Future Enterprises,Project Manager,Columbus,France
3646,Mason,Moore,mason.moore@business.net,+1-738-149-3514,Future Enterprises,Software Engineer,San Antonio,United States
3647,Charlotte,Jones,charlotte.jones@yahoo.com,+1-876-639-7206,Future Enterprises,Marketing Manager,Los Angeles,France
3648,Isabella,Williams,isabella.williams@gmail.com,+1-278-932-4796,Digital Dynamics,HR Specialist,New York,Brazil
3649,Mia,Johnson,mia.johnson@hotmail.com,+1-795-935-9362,Global Solutions,Software Engineer,Fort Worth,United States
3650,Mia,Thomas,mia.thomas@gmail.com,+1-707-141-3030,TechStart Inc,HR Specialist,Dallas,Australia
3651,Evelyn,Rodriguez,evelyn.rodriguez@gmail.com,+1-756-557-3283,DataFlow Systems,DevOps Engineer,Jacksonville,Australia
3652,Isabella,Thomas,isabella.thomas@yahoo.com,+1-828-569-6577,CloudTech Pro,DevOps Engineer,San Jose,Mexico
3653,Liam,Miller,liam.miller@business.net,+1-850-469-9983,DataFlow Systems,HR Specialist,Houston,India
3654,Evelyn,Wilson,evelyn.wilson@work.org,+1-865-872-1024,DataFlow Systems,Project Manager,Dallas,Australia
3655,Ethan,Hernandez,ethan.hernandez@outlook.com,+1-728-142-8405,Future Enterprises,Financial Analyst,Fort Worth,Germany
3656,Liam,Jackson,liam.jackson@hotmail.com,+1-238-236-6934,Global Solutions,Software Engineer,Charlotte,Germany
3657,Oliver,Martinez,oliver.martinez@yahoo.com,+1-859-374-3752,Global Solutions,UX Designer,San Jose,Brazil
3658,Liam,Brown,liam.brown@hotmail.com,+1-678-732-5730,CloudTech Pro,Data Analyst,Houston,France
3659,Charlotte,Davis,charlotte.davis@outlook.com,+1-963-526-9524,Digital Dynamics,Project Manager,San Diego,United States
3660,Mason,Thomas,mason.thomas@gmail.com,+1-976-212-8473,Digital Dynamics,Marketing Manager,Houston,Brazil
3661,Olivia,Johnson,olivia.johnson@business.net,+1-791-186-3233,TechStart Inc,UX Designer,New York,Canada
3662,Evelyn,Taylor,evelyn.taylor@hotmail.com,+1-728-386-5658,Future Enterprises,Financial Analyst,Philadelphia,United States
3663,Charlotte,Moore,charlotte.moore@company.com,+1-735-519-2858,NextGen Software,Marketing Manager,New York,Canada
3664,Noah,Garcia,noah.garcia@hotmail.com,+1-384-107-3090,Acme Corp,Project Manager,San Diego,Canada
3665,Benjamin,Smith,benjamin.smith@work.org,+1-816-995-4179,CloudTech Pro,Software Engineer,Houston,Germany
3666,Amelia,Smith,amelia.smith@outlook.com,+1-651-718-3136,Smart Analytics,Marketing Manager,Los Angeles,Brazil
3667,Lucas,Miller,lucas.miller@company.com,+1-284-883-2633,TechStart Inc,UX Designer,Los Angeles,United States
3668,Oliver,Martin,oliver.martin@yahoo.com,+1-630-914-9431,Acme Corp,Software Engineer,Austin,India
3669,Charlotte,Davis,charlotte.davis@company.com,+1-460-420-8196,Global Solutions,Project Manager,Los Angeles,Japan
3670,Harper,Johnson,harper.johnson@gmail.com,+1-797-686-8601,NextGen Software,Financial Analyst,New York,Australia
3671,Lucas,Thomas,lucas.thomas@gmail.com,+1-543-620-6526,NextGen Software,Marketing Manager,Dallas,United States
3672,Isabella,Moore,isabella.moore@company.com,+1-596-791-1894,Acme Corp,Software Engineer,Chicago,United States
3673,Amelia,Jones,amelia.jones@work.org,+1-493-508-2450,Innovation Labs,HR Specialist,Austin,France
3674,Evelyn,Hernandez,evelyn.hernandez@hotmail.com,+1-687-547-2028,CloudTech Pro,Sales Representative,New York,Germany
3675,Charlotte,Brown,charlotte.brown@hotmail.com,+1-269-403-6611,Digital Dynamics,Financial Analyst,Dallas,France
3676,Emma,Moore,emma.moore@hotmail.com,+1-219-571-3546,Acme Corp,Marketing Manager,Philadelphia,United States
3677,Mia,Taylor,mia.taylor@gmail.com,+1-587-873-9714,NextGen Software,UX Designer,San Jose,Australia
3678,Isabella,Rodriguez,isabella.rodriguez@work.org,+1-812-809-7785,Acme Corp,Project Manager,San Diego,Canada
3679,Lucas,Rodriguez,lucas.rodriguez@gmail.com,+1-909-589-3158,Smart Analytics,DevOps Engineer,Phoenix,Mexico
3680,Amelia,Jones,amelia.jones@yahoo.com,+1-388-225-6992,CloudTech Pro,Sales Representative,Columbus,Australia
3681,Noah,Miller,noah.miller@outlook.com,+1-546-293-4850,Acme Corp,Software Engineer,Austin,Brazil
3682,Noah,Anderson,noah.anderson@outlook.com,+1-825-214-3770,NextGen Software,Sales Representative,San Antonio,United Kingdom
3683,Liam,Johnson,liam.johnson@company.com,+1-743-634-6165,DataFlow Systems,Financial Analyst,Philadelphia,Japan
3684,Isabella,Miller,isabella.miller@outlook.com,+1-926-890-7966,CloudTech Pro,Sales Representative,Jacksonville,Germany
3685,Oliver,Martinez,oliver.martinez@outlook.com,+1-399-100-9384,DataFlow Systems,Software Engineer,Dallas,Japan
3686,Evelyn,Lopez,evelyn.lopez@gmail.com,+1-896-688-5873,Digital Dynamics,HR Specialist,Houston,Japan
3687,James,Gonzalez,james.gonzalez@hotmail.com,+1-868-230-6186,Smart Analytics,HR Specialist,Phoenix,United States
3688,Oliver,Martin,oliver.martin@hotmail.com,+1-987-457-9625,TechStart Inc,Project Manager,Fort Worth,Australia
3689,Liam,Rodriguez,liam.rodriguez@gmail.com,+1-335-719-9210,DataFlow Systems,Project Manager,Dallas,India
3690,Evelyn,Rodriguez,evelyn.rodriguez@yahoo.com,+1-845-937-4913,TechStart Inc,HR Specialist,Columbus,Japan
3691,Sophia,Martin,sophia.martin@business.net,+1-619-527-4563,Smart Analytics,HR Specialist,Houston,Brazil
3692,Alexander,Anderson,alexander.anderson@hotmail.com,+1-334-469-8489,Digital Dynamics,Software Engineer,Austin,Japan
3693,Mason,Martinez,mason.martinez@gmail.com,+1-277-297-1589,Smart Analytics,Software Engineer,Philadelphia,Mexico
3694,Liam,Garcia,liam.garcia@work.org,+1-214-925-2105,DataFlow Systems,Data Analyst,Columbus,India
3695,Ava,Taylor,ava.taylor@outlook.com,+1-435-691-3662,NextGen Software,HR Specialist,San Diego,France
3696,Isabella,Jackson,isabella.jackson@work.org,+1-333-252-8469,Smart Analytics,UX Designer,San Antonio,Germany
3697,James,Martinez,james.martinez@yahoo.com,+1-447-695-3950,Global Solutions,HR Specialist,San Jose,Brazil
3698,Harper,Anderson,harper.anderson@business.net,+1-293-269-2132,Acme Corp,DevOps Engineer,Columbus,United States
3699,William,Martin,william.martin@work.org,+1-687-625-5931,Innovation Labs,Marketing Manager,Philadelphia,France
3700,Liam,Jackson,liam.jackson@outlook.com,+1-217-412-7425,DataFlow Systems,DevOps Engineer,Houston,France
3701,Sophia,Garcia,sophia.garcia@company.com,+1-720-348-1606,Future Enterprises,UX Designer,Jacksonville,United States
3702,William,Martinez,william.martinez@outlook.com,+1-273-940-1250,CloudTech Pro,UX Designer,Phoenix,Canada
3703,Amelia,Johnson,amelia.johnson@yahoo.com,+1-607-706-2636,DataFlow Systems,HR Specialist,Austin,Germany
3704,James,Taylor,james.taylor@outlook.com,+1-373-680-6295,TechStart Inc,HR Specialist,Fort Worth,France
3705,Mason,Jackson,mason.jackson@business.net,+1-710-539-5481,Global Solutions,Product Manager,Dallas,Mexico
3706,James,Gonzalez,james.gonzalez@hotmail.com,+1-514-111-1518,Acme Corp,Software Engineer,Philadelphia,Mexico
3707,Mia,Taylor,mia.taylor@company.com,+1-430-507-3760,Smart Analytics,Project Manager,Charlotte,Brazil
3708,Evelyn,Jackson,evelyn.jackson@yahoo.com,+1-725-226-9120,Acme Corp,Marketing Manager,Philadelphia,Germany
3709,Harper,Wilson,harper.wilson@gmail.com,+1-882-405-2412,TechStart Inc,Sales Representative,Jacksonville,Germany
3710,William,Hernandez,william.hernandez@hotmail.com,+1-971-215-2566,Innovation Labs,Financial Analyst,Charlotte,Germany
3711,Emma,Moore,emma.moore@work.org,+1-855-931-2924,Global Solutions,Financial Analyst,Jacksonville,India
3712,Evelyn,Rodriguez,evelyn.rodriguez@yahoo.com,+1-369-869-7865,Acme Corp,Software Engineer,Fort Worth,Japan
3713,Mia,Jones,mia.jones@company.com,+1-986-175-6131,Global Solutions,Software Engineer,Phoenix,Australia
3714,Lucas,Jackson,lucas.jackson@yahoo.com,+1-480-204-2943,TechStart Inc,Financial Analyst,Los Angeles,Mexico
3715,William,Smith,william.smith@company.com,+1-982-195-3224,Smart Analytics,Marketing Manager,Dallas,Mexico
3716,Harper,Moore,harper.moore@gmail.com,+1-672-232-2790,NextGen Software,Marketing Manager,Philadelphia,United States
3717,Evelyn,Williams,evelyn.williams@company.com,+1-716-973-4758,TechStart Inc,HR Specialist,San Jose,Australia
3718,William,Anderson,william.anderson@hotmail.com,+1-549-907-1381,TechStart Inc,Marketing Manager,San Antonio,Canada
3719,Benjamin,Anderson,benjamin.anderson@work.org,+1-844-175-4931,CloudTech Pro,Project Manager,Philadelphia,Brazil
3720,Ethan,Martinez,ethan.martinez@yahoo.com,+1-865-744-2769,Innovation Labs,Project Manager,San Jose,Germany
3721,Evelyn,Miller,evelyn.miller@work.org,+1-478-267-6874,Global Solutions,Sales Representative,San Jose,Germany
3722,Harper,Rodriguez,harper.rodriguez@hotmail.com,+1-850-767-1831,Innovation Labs,Data Analyst,Houston,United Kingdom
3723,Evelyn,Johnson,evelyn.johnson@gmail.com,+1-833-406-4194,Smart Analytics,Project Manager,San Jose,France
3724,Liam,Smith,liam.smith@company.com,+1-587-377-7132,Future Enterprises,UX Designer,San Antonio,Germany
3725,Alexander,Gonzalez,alexander.gonzalez@gmail.com,+1-914-250-8295,Smart Analytics,Project Manager,Los Angeles,Brazil
3726,Charlotte,Rodriguez,charlotte.rodriguez@yahoo.com,+1-969-110-6335,Acme Corp,Product Manager,Dallas,Germany
3727,Mason,Martin,mason.martin@company.com,+1-899-647-5381,Global Solutions,Financial Analyst,Los Angeles,Mexico
3728,Oliver,Hernandez,oliver.hernandez@outlook.com,+1-832-307-2833,Innovation Labs,Software Engineer,Houston,France
3729,Benjamin,Jackson,benjamin.jackson@hotmail.com,+1-391-230-9232,NextGen Software,DevOps Engineer,Columbus,Mexico
3730,Lucas,Davis,lucas.davis@hotmail.com,+1-498-233-6317,TechStart Inc,DevOps Engineer,Los Angeles,India
3731,Liam,Jones,liam.jones@work.org,+1-836-936-6784,Future Enterprises,Software Engineer,Dallas,Mexico
3732,Amelia,Wilson,amelia.wilson@work.org,+1-375-433-2486,DataFlow Systems,DevOps Engineer,San Antonio,United States
3733,James,Garcia,james.garcia@yahoo.com,+1-906-781-7743,Innovation Labs,Data Analyst,Columbus,Canada
3734,Lucas,Jones,lucas.jones@hotmail.com,+1-691-325-7570,TechStart Inc,Financial Analyst,San Antonio,United States
3735,Amelia,Smith,amelia.smith@outlook.com,+1-875-605-7105,NextGen Software,Sales Representative,Los Angeles,Germany
3736,Alexander,Martin,alexander.martin@company.com,+1-333-901-5354,NextGen Software,Financial Analyst,Chicago,Germany
3737,Liam,Anderson,liam.anderson@yahoo.com,+1-440-696-3718,CloudTech Pro,Product Manager,San Diego,United States
3738,Noah,Hernandez,noah.hernandez@outlook.com,+1-591-371-5328,Innovation Labs,HR Specialist,Columbus,France
3739,Olivia,Anderson,olivia.anderson@company.com,+1-640-800-5364,DataFlow Systems,Project Manager,Los Angeles,Japan
3740,Ethan,Jackson,ethan.jackson@yahoo.com,+1-305-254-4013,Innovation Labs,Sales Representative,Fort Worth,India
3741,Mia,Anderson,mia.anderson@work.org,+1-911-739-8453,Acme Corp,Financial Analyst,Charlotte,Canada
3742,Ethan,Davis,ethan.davis@yahoo.com,+1-919-730-4761,Global Solutions,DevOps Engineer,Columbus,Mexico
3743,Olivia,Moore,olivia.moore@company.com,+1-668-396-1957,Global Solutions,Product Manager,Phoenix,United States
3744,Sophia,Davis,sophia.davis@work.org,+1-797-138-5033,Acme Corp,Software Engineer,New York,United Kingdom
3745,William,Jackson,william.jackson@hotmail.com,+1-500-717-8202,CloudTech Pro,UX Designer,New York,United Kingdom
3746,Noah,Williams,noah.williams@work.org,+1-588-302-5584,Smart Analytics,HR Specialist,New York,United States
3747,Liam,Hernandez,liam.hernandez@outlook.com,+1-728-200-6755,Global Solutions,Product Manager,Jacksonville,Australia
3748,Benjamin,Rodriguez,benjamin.rodriguez@outlook.com,+1-891-384-3688,DataFlow Systems,HR Specialist,Jacksonville,France
3749,Benjamin,Garcia,benjamin.garcia@hotmail.com,+1-585-296-7328,TechStart Inc,DevOps Engineer,San Jose,Germany
3750,Alexander,Rodriguez,alexander.rodriguez@company.com,+1-988-609-7877,TechStart Inc,Marketing Manager,Los Angeles,Brazil
3751,Noah,Williams,noah.williams@company.com,+1-769-790-7433,Global Solutions,Software Engineer,San Antonio,United States
3752,Evelyn,Hernandez,evelyn.hernandez@company.com,+1-210-245-7308,Global Solutions,Data Analyst,Phoenix,United Kingdom
3753,Mia,Brown,mia.brown@outlook.com,+1-559-165-9120,Future Enterprises,Sales Representative,Charlotte,United States
3754,Ava,Taylor,ava.taylor@outlook.com,+1-617-162-6952,Innovation Labs,Product Manager,Charlotte,Germany
3755,Ava,Williams,ava.williams@business.net,+1-802-977-7625,Future Enterprises,Data Analyst,Fort Worth,Japan
3756,Oliver,Brown,oliver.brown@outlook.com,+1-731-936-1809,CloudTech Pro,Data Analyst,Houston,France
3757,Sophia,Davis,sophia.davis@hotmail.com,+1-453-219-6028,Smart Analytics,DevOps Engineer,San Jose,Canada
3758,Mia,Jackson,mia.jackson@outlook.com,+1-296-452-7684,Smart Analytics,HR Specialist,Dallas,Japan
3759,William,Brown,william.brown@yahoo.com,+1-625-740-7668,DataFlow Systems,HR Specialist,Fort Worth,France
3760,Liam,Rodriguez,liam.rodriguez@gmail.com,+1-763-894-5983,NextGen Software,Software Engineer,Dallas,Mexico
3761,Mia,Anderson,mia.anderson@gmail.com,+1-683-494-3420,Future Enterprises,DevOps Engineer,Chicago,United Kingdom
3762,Charlotte,Gonzalez,charlotte.gonzalez@gmail.com,+1-634-652-9933,DataFlow Systems,Data Analyst,Charlotte,Mexico
3763,Oliver,Smith,oliver.smith@work.org,+1-757-163-6728,Acme Corp,Project Manager,Charlotte,United States
3764,Amelia,Jones,amelia.jones@business.net,+1-398-471-2057,Future Enterprises,UX Designer,San Jose,Japan
3765,Mia,Lopez,mia.lopez@company.com,+1-793-833-2920,CloudTech Pro,Marketing Manager,Fort Worth,Mexico
3766,Isabella,Garcia,isabella.garcia@hotmail.com,+1-433-922-1232,Acme Corp,Project Manager,Philadelphia,Brazil
3767,James,Gonzalez,james.gonzalez@business.net,+1-385-426-8615,Global Solutions,Software Engineer,Jacksonville,Brazil
3768,Evelyn,Gonzalez,evelyn.gonzalez@yahoo.com,+1-941-325-1536,TechStart Inc,Financial Analyst,Charlotte,India
3769,Liam,Martinez,liam.martinez@work.org,+1-864-532-1294,Acme Corp,Sales Representative,Fort Worth,Australia
3770,Sophia,Gonzalez,sophia.gonzalez@gmail.com,+1-988-463-3750,Innovation Labs,Project Manager,San Diego,Japan
3771,Harper,Jackson,harper.jackson@business.net,+1-965-705-2449,Acme Corp,Project Manager,Philadelphia,United States
3772,Charlotte,Anderson,charlotte.anderson@company.com,+1-612-309-6778,TechStart Inc,Data Analyst,Los Angeles,France
3773,Ava,Lopez,ava.lopez@yahoo.com,+1-273-387-7288,CloudTech Pro,Data Analyst,Fort Worth,United Kingdom
3774,Harper,Johnson,harper.johnson@company.com,+1-585-361-5420,DataFlow Systems,HR Specialist,Austin,Australia
3775,Oliver,Taylor,oliver.taylor@company.com,+1-880-614-2744,Acme Corp,UX Designer,Chicago,Germany
3776,Emma,Martin,emma.martin@yahoo.com,+1-297-842-7800,Future Enterprises,Software Engineer,Austin,India
3777,William,Hernandez,william.hernandez@work.org,+1-871-125-2587,TechStart Inc,HR Specialist,Philadelphia,United Kingdom
3778,Evelyn,Moore,evelyn.moore@hotmail.com,+1-365-347-4085,CloudTech Pro,DevOps Engineer,San Jose,France
3779,Alexander,Wilson,alexander.wilson@gmail.com,+1-422-508-3674,Smart Analytics,Software Engineer,Charlotte,Canada
3780,Emma,Williams,emma.williams@work.org,+1-682-662-3627,Smart Analytics,HR Specialist,Los Angeles,Canada
3781,Charlotte,Thomas,charlotte.thomas@yahoo.com,+1-822-717-9133,CloudTech Pro,Product Manager,New York,Germany
3782,Sophia,Miller,sophia.miller@business.net,+1-862-863-7341,TechStart Inc,Marketing Manager,Phoenix,Canada
3783,Alexander,Williams,alexander.williams@business.net,+1-573-454-9090,Digital Dynamics,Data Analyst,Charlotte,Japan
3784,Mia,Johnson,mia.johnson@outlook.com,+1-517-522-3866,Smart Analytics,DevOps Engineer,Columbus,France
3785,Ethan,Martin,ethan.martin@business.net,+1-469-854-5661,CloudTech Pro,HR Specialist,San Antonio,Germany
3786,Amelia,Taylor,amelia.taylor@hotmail.com,+1-621-391-5706,Smart Analytics,Software Engineer,Fort Worth,Canada
3787,Alexander,Gonzalez,alexander.gonzalez@yahoo.com,+1-438-463-3557,Future Enterprises,Product Manager,San Antonio,Japan
3788,Lucas,Moore,lucas.moore@outlook.com,+1-373-382-4802,Future Enterprises,Project Manager,Jacksonville,France
3789,Mason,Anderson,mason.anderson@yahoo.com,+1-871-315-1863,Innovation Labs,Sales Representative,Philadelphia,Brazil
3790,Alexander,Rodriguez,alexander.rodriguez@work.org,+1-804-693-4842,Digital Dynamics,Project Manager,San Diego,United Kingdom
3791,Isabella,Thomas,isabella.thomas@outlook.com,+1-364-917-9201,DataFlow Systems,Software Engineer,Charlotte,Australia
3792,Harper,Martinez,harper.martinez@hotmail.com,+1-438-167-6595,Global Solutions,Financial Analyst,Houston,India
3793,James,Martin,james.martin@yahoo.com,+1-732-325-2195,Acme Corp,Sales Representative,Columbus,France
3794,Benjamin,Johnson,benjamin.johnson@work.org,+1-992-324-7885,DataFlow Systems,Product Manager,Phoenix,United Kingdom
3795,Emma,Garcia,emma.garcia@work.org,+1-258-101-9888,TechStart Inc,Project Manager,San Diego,Canada
3796,Amelia,Miller,amelia.miller@outlook.com,+1-879-322-8586,Acme Corp,Financial Analyst,Jacksonville,Canada
3797,James,Miller,james.miller@company.com,+1-340-501-8825,Global Solutions,Project Manager,Los Angeles,Germany
3798,Isabella,Rodriguez,isabella.rodriguez@business.net,+1-281-899-1741,NextGen Software,Project Manager,San Diego,Japan
3799,Mia,Martinez,mia.martinez@gmail.com,+1-881-149-3756,CloudTech Pro,Data Analyst,San Antonio,France
3800,Olivia,Wilson,olivia.wilson@work.org,+1-206-763-5538,Future Enterprises,Data Analyst,San Diego,France
3801,Benjamin,Lopez,benjamin.lopez@outlook.com,+1-933-682-1191,DataFlow Systems,DevOps Engineer,San Diego,Mexico
3802,Liam,Hernandez,liam.hernandez@company.com,+1-208-350-8134,NextGen Software,Financial Analyst,Houston,United Kingdom
3803,Oliver,Lopez,oliver.lopez@company.com,+1-700-496-6323,Digital Dynamics,DevOps Engineer,Los Angeles,United States
3804,Liam,Smith,liam.smith@yahoo.com,+1-687-432-7362,CloudTech Pro,Project Manager,New York,United Kingdom
3805,Emma,Wilson,emma.wilson@work.org,+1-775-445-5222,TechStart Inc,Marketing Manager,Columbus,Canada
3806,Mason,Brown,mason.brown@business.net,+1-782-260-5290,Digital Dynamics,Sales Representative,San Diego,Australia
3807,Ethan,Miller,ethan.miller@yahoo.com,+1-308-706-6380,Digital Dynamics,Product Manager,New York,Mexico
3808,Harper,Johnson,harper.johnson@work.org,+1-636-468-8189,Digital Dynamics,Data Analyst,San Jose,Canada
3809,Evelyn,Gonzalez,evelyn.gonzalez@hotmail.com,+1-570-158-2549,Innovation Labs,Software Engineer,Dallas,Australia
3810,Lucas,Anderson,lucas.anderson@work.org,+1-276-897-1678,Future Enterprises,HR Specialist,Fort Worth,United Kingdom
3811,William,Moore,william.moore@work.org,+1-945-926-2095,Global Solutions,Project Manager,Los Angeles,United Kingdom
3812,Evelyn,Anderson,evelyn.anderson@company.com,+1-974-279-1468,Digital Dynamics,Software Engineer,Jacksonville,United States
3813,James,Anderson,james.anderson@business.net,+1-745-559-9875,TechStart Inc,Sales Representative,Austin,United Kingdom
3814,Lucas,Gonzalez,lucas.gonzalez@outlook.com,+1-624-545-6257,Innovation Labs,UX Designer,Phoenix,Mexico
3815,Ethan,Smith,ethan.smith@yahoo.com,+1-918-350-7038,DataFlow Systems,Financial Analyst,Austin,Mexico
3816,Isabella,Gonzalez,isabella.gonzalez@gmail.com,+1-650-781-4182,Future Enterprises,Sales Representative,Charlotte,Japan
3817,Lucas,Taylor,lucas.taylor@hotmail.com,+1-875-665-5425,Global Solutions,Financial Analyst,Los Angeles,Australia
3818,Benjamin,Martin,benjamin.martin@gmail.com,+1-496-692-1660,CloudTech Pro,Software Engineer,Phoenix,Germany
3819,Amelia,Smith,amelia.smith@work.org,+1-891-624-4473,DataFlow Systems,HR Specialist,Fort Worth,Brazil
3820,Ethan,Taylor,ethan.taylor@business.net,+1-702-169-3789,Digital Dynamics,Product Manager,Austin,Japan
3821,Evelyn,Johnson,evelyn.johnson@work.org,+1-683-393-5026,CloudTech Pro,HR Specialist,Jacksonville,Australia
3822,Ethan,Davis,ethan.davis@yahoo.com,+1-358-703-1494,Digital Dynamics,DevOps Engineer,Jacksonville,France
3823,Charlotte,Thomas,charlotte.thomas@yahoo.com,+1-977-666-9276,Global Solutions,Financial Analyst,San Diego,Germany
3824,Olivia,Martinez,olivia.martinez@work.org,+1-357-711-4309,Innovation Labs,Data Analyst,Dallas,Canada
3825,William,Lopez,william.lopez@gmail.com,+1-281-369-1665,Future Enterprises,Product Manager,Dallas,Germany
3826,Alexander,Garcia,alexander.garcia@outlook.com,+1-451-610-2626,TechStart Inc,UX Designer,Los Angeles,Brazil
3827,Mia,Martin,mia.martin@work.org,+1-561-258-9370,CloudTech Pro,Sales Representative,Philadelphia,Mexico
3828,Noah,Brown,noah.brown@business.net,+1-312-876-8935,CloudTech Pro,Software Engineer,Houston,India
3829,Noah,Garcia,noah.garcia@gmail.com,+1-694-210-6054,Acme Corp,DevOps Engineer,Austin,France
3830,Charlotte,Garcia,charlotte.garcia@work.org,+1-856-186-6703,DataFlow Systems,Sales Representative,Fort Worth,India
3831,Mason,Davis,mason.davis@company.com,+1-741-106-1105,Innovation Labs,Financial Analyst,Houston,Japan
3832,Liam,Smith,liam.smith@yahoo.com,+1-315-693-3385,CloudTech Pro,HR Specialist,Charlotte,United Kingdom
3833,Olivia,Moore,olivia.moore@gmail.com,+1-480-149-7792,CloudTech Pro,Project Manager,Chicago,United States
3834,Amelia,Taylor,amelia.taylor@work.org,+1-413-744-8858,Acme Corp,Product Manager,Columbus,Australia
3835,Sophia,Davis,sophia.davis@company.com,+1-241-159-4377,Digital Dynamics,Product Manager,Columbus,Japan
3836,Charlotte,Miller,charlotte.miller@outlook.com,+1-271-385-3541,Smart Analytics,UX Designer,New York,Australia
3837,Evelyn,Hernandez,evelyn.hernandez@hotmail.com,+1-823-614-6895,NextGen Software,Marketing Manager,Los Angeles,United States
3838,Mason,Davis,mason.davis@hotmail.com,+1-212-459-9381,Smart Analytics,Financial Analyst,San Diego,Japan
3839,James,Brown,james.brown@yahoo.com,+1-837-672-2789,Future Enterprises,Data Analyst,Charlotte,Germany
3840,Benjamin,Lopez,benjamin.lopez@yahoo.com,+1-758-812-6182,Smart Analytics,Project Manager,Austin,Brazil
3841,Emma,Hernandez,emma.hernandez@hotmail.com,+1-397-977-5364,NextGen Software,Sales Representative,Fort Worth,India
3842,Sophia,Hernandez,sophia.hernandez@gmail.com,+1-600-714-4943,DataFlow Systems,Financial Analyst,Dallas,United States
3843,Sophia,Lopez,sophia.lopez@hotmail.com,+1-311-463-9677,NextGen Software,Product Manager,San Jose,Australia
3844,Olivia,Jones,olivia.jones@business.net,+1-241-843-4381,Innovation Labs,UX Designer,Columbus,Australia
3845,Noah,Taylor,noah.taylor@work.org,+1-580-453-2643,CloudTech Pro,Financial Analyst,Jacksonville,Canada
3846,Benjamin,Brown,benjamin.brown@hotmail.com,+1-818-715-2777,Innovation Labs,Software Engineer,Dallas,Japan
3847,Evelyn,Miller,evelyn.miller@company.com,+1-440-457-4350,TechStart Inc,HR Specialist,San Antonio,United States
3848,Benjamin,Garcia,benjamin.garcia@gmail.com,+1-611-898-3808,Global Solutions,DevOps Engineer,Houston,India
3849,Mia,Rodriguez,mia.rodriguez@gmail.com,+1-679-687-3459,TechStart Inc,Financial Analyst,Philadelphia,Germany
3850,Ava,Martinez,ava.martinez@hotmail.com,+1-435-523-7721,Digital Dynamics,HR Specialist,Austin,Germany
3851,Amelia,Martinez,amelia.martinez@hotmail.com,+1-312-460-9426,Future Enterprises,Product Manager,Columbus,United Kingdom
3852,Benjamin,Jones,benjamin.jones@gmail.com,+1-614-717-1919,DataFlow Systems,Product Manager,Fort Worth,India
3853,Noah,Davis,noah.davis@business.net,+1-686-587-7615,Innovation Labs,Marketing Manager,San Jose,Germany
3854,Emma,Anderson,emma.anderson@business.net,+1-845-326-6335,Digital Dynamics,Product Manager,San Jose,Germany
3855,Noah,Moore,noah.moore@gmail.com,+1-763-430-3397,Digital Dynamics,Data Analyst,New York,Germany
3856,James,Anderson,james.anderson@company.com,+1-614-895-1183,CloudTech Pro,UX Designer,Jacksonville,India
3857,Evelyn,Johnson,evelyn.johnson@outlook.com,+1-507-836-5084,DataFlow Systems,Software Engineer,Austin,Mexico
3858,Evelyn,Davis,evelyn.davis@company.com,+1-628-998-4557,Innovation Labs,Sales Representative,Philadelphia,India
3859,Evelyn,Rodriguez,evelyn.rodriguez@company.com,+1-545-751-5206,CloudTech Pro,Product Manager,Jacksonville,Germany
3860,Amelia,Williams,amelia.williams@business.net,+1-977-422-4592,CloudTech Pro,Product Manager,San Antonio,Germany
3861,Alexander,Wilson,alexander.wilson@company.com,+1-545-871-3053,Global Solutions,DevOps Engineer,Los Angeles,India
3862,Benjamin,Smith,benjamin.smith@yahoo.com,+1-476-923-3964,Innovation Labs,Product Manager,Fort Worth,France
3863,Lucas,Martin,lucas.martin@hotmail.com,+1-635-948-4831,Innovation Labs,HR Specialist,Phoenix,Canada
3864,Charlotte,Smith,charlotte.smith@company.com,+1-992-649-6377,DataFlow Systems,HR Specialist,Fort Worth,Japan
3865,Mia,Anderson,mia.anderson@work.org,+1-538-544-6257,Acme Corp,DevOps Engineer,Phoenix,Canada
3866,William,Lopez,william.lopez@yahoo.com,+1-218-800-2917,NextGen Software,Product Manager,New York,Canada
3867,Amelia,Rodriguez,amelia.rodriguez@business.net,+1-338-311-1435,Acme Corp,Sales Representative,Dallas,Australia
3868,Noah,Jones,noah.jones@business.net,+1-232-126-7380,DataFlow Systems,Financial Analyst,Columbus,France
3869,Oliver,Martin,oliver.martin@yahoo.com,+1-319-410-3751,TechStart Inc,Financial Analyst,Jacksonville,Brazil
3870,Oliver,Garcia,oliver.garcia@outlook.com,+1-970-568-5398,Future Enterprises,Sales Representative,San Antonio,Australia
3871,James,Hernandez,james.hernandez@gmail.com,+1-605-984-8138,NextGen Software,Sales Representative,Charlotte,United Kingdom
3872,Noah,Moore,noah.moore@yahoo.com,+1-374-355-4100,NextGen Software,Sales Representative,Philadelphia,France
3873,William,Davis,william.davis@work.org,+1-915-483-4929,DataFlow Systems,Marketing Manager,Fort Worth,Germany
3874,Ava,Lopez,ava.lopez@work.org,+1-902-977-4554,CloudTech Pro,Sales Representative,Los Angeles,Japan
3875,Oliver,Smith,oliver.smith@business.net,+1-743-896-7138,Smart Analytics,Sales Representative,Charlotte,United States
3876,Evelyn,Jones,evelyn.jones@company.com,+1-427-985-7268,NextGen Software,Product Manager,Phoenix,Australia
3877,Oliver,Smith,oliver.smith@company.com,+1-660-348-7429,Smart Analytics,Software Engineer,San Jose,Mexico
3878,Mia,Jackson,mia.jackson@company.com,+1-553-489-6278,CloudTech Pro,Data Analyst,Chicago,India
3879,Sophia,Wilson,sophia.wilson@gmail.com,+1-701-239-8978,Digital Dynamics,Product Manager,San Jose,United States
3880,Isabella,Lopez,isabella.lopez@outlook.com,+1-235-264-4392,Global Solutions,DevOps Engineer,Fort Worth,United States
3881,Emma,Jones,emma.jones@gmail.com,+1-688-255-9907,Innovation Labs,Software Engineer,San Antonio,Japan
3882,Ethan,Gonzalez,ethan.gonzalez@outlook.com,+1-764-531-1133,TechStart Inc,Product Manager,Columbus,United States
3883,Mason,Taylor,mason.taylor@hotmail.com,+1-250-548-9322,Innovation Labs,Financial Analyst,Houston,Mexico
3884,Oliver,Wilson,oliver.wilson@business.net,+1-695-267-1607,NextGen Software,Marketing Manager,Austin,Australia
3885,Amelia,Gonzalez,amelia.gonzalez@hotmail.com,+1-416-412-6905,NextGen Software,Sales Representative,San Diego,United States
3886,Noah,Thomas,noah.thomas@gmail.com,+1-231-239-4275,CloudTech Pro,Product Manager,Chicago,Japan
3887,Mia,Wilson,mia.wilson@business.net,+1-732-379-9143,Future Enterprises,Software Engineer,Dallas,Canada
3888,Benjamin,Miller,benjamin.miller@business.net,+1-538-146-5174,Future Enterprises,Project Manager,New York,France
3889,Liam,Wilson,liam.wilson@outlook.com,+1-398-693-1237,CloudTech Pro,Sales Representative,Dallas,Brazil
3890,Emma,Anderson,emma.anderson@outlook.com,+1-558-331-4889,Innovation Labs,HR Specialist,Austin,France
3891,Oliver,Gonzalez,oliver.gonzalez@outlook.com,+1-705-216-1455,Acme Corp,UX Designer,Charlotte,United States
3892,James,Williams,james.williams@business.net,+1-297-386-2809,Future Enterprises,UX Designer,New York,India
3893,Oliver,Taylor,oliver.taylor@outlook.com,+1-380-283-7825,Acme Corp,Sales Representative,Columbus,France
3894,Lucas,Lopez,lucas.lopez@work.org,+1-927-785-5363,NextGen Software,Project Manager,Chicago,United States
3895,Olivia,Jackson,olivia.jackson@company.com,+1-960-446-9271,DataFlow Systems,Project Manager,Fort Worth,United Kingdom
3896,Alexander,Davis,alexander.davis@hotmail.com,+1-551-449-6507,NextGen Software,Project Manager,Los Angeles,Brazil
3897,Ava,Garcia,ava.garcia@company.com,+1-927-672-8240,Acme Corp,Sales Representative,Dallas,Japan
3898,Charlotte,Garcia,charlotte.garcia@yahoo.com,+1-312-458-6520,TechStart Inc,Software Engineer,New York,Canada
3899,Charlotte,Jones,charlotte.jones@company.com,+1-404-833-6275,Global Solutions,Software Engineer,Houston,Japan
3900,Liam,Gonzalez,liam.gonzalez@work.org,+1-974-212-1180,Innovation Labs,Sales Representative,Charlotte,United States
3901,Evelyn,Taylor,evelyn.taylor@hotmail.com,+1-859-276-8072,CloudTech Pro,Sales Representative,San Diego,India
3902,Sophia,Johnson,sophia.johnson@company.com,+1-298-931-9233,Global Solutions,Data Analyst,San Jose,Australia
3903,William,Miller,william.miller@outlook.com,+1-896-976-9249,Acme Corp,Data Analyst,Philadelphia,France
3904,Liam,Taylor,liam.taylor@business.net,+1-722-796-3600,DataFlow Systems,Data Analyst,Houston,India
3905,Ethan,Moore,ethan.moore@work.org,+1-878-233-1591,Acme Corp,Sales Representative,New York,Canada
3906,Harper,Lopez,harper.lopez@company.com,+1-312-155-8526,CloudTech Pro,Product Manager,Charlotte,Japan
3907,Liam,Hernandez,liam.hernandez@outlook.com,+1-787-451-2941,Future Enterprises,Marketing Manager,San Antonio,United States
3908,Olivia,Williams,olivia.williams@company.com,+1-457-687-8007,TechStart Inc,UX Designer,Austin,United States
3909,Mason,Rodriguez,mason.rodriguez@gmail.com,+1-952-281-2761,Acme Corp,Project Manager,Charlotte,Brazil
3910,Ava,Rodriguez,ava.rodriguez@outlook.com,+1-670-743-3469,Acme Corp,Financial Analyst,San Antonio,Brazil
3911,Oliver,Davis,oliver.davis@yahoo.com,+1-768-388-6595,Digital Dynamics,Project Manager,Charlotte,India
3912,Sophia,Taylor,sophia.taylor@business.net,+1-411-910-3482,Digital Dynamics,Product Manager,Los Angeles,Japan
3913,Isabella,Rodriguez,isabella.rodriguez@work.org,+1-275-977-4278,Future Enterprises,Product Manager,Houston,Japan
3914,Benjamin,Martin,benjamin.martin@yahoo.com,+1-724-251-5391,CloudTech Pro,Sales Representative,Fort Worth,Mexico
3915,Oliver,Thomas,oliver.thomas@work.org,+1-271-218-4405,CloudTech Pro,Sales Representative,Los Angeles,Canada
3916,Lucas,Davis,lucas.davis@gmail.com,+1-848-228-3458,Future Enterprises,UX Designer,San Antonio,Canada
3917,Evelyn,Anderson,evelyn.anderson@work.org,+1-277-834-3463,Acme Corp,Project Manager,New York,Australia
3918,James,Lopez,james.lopez@work.org,+1-673-755-1081,Global Solutions,Financial Analyst,Austin,United States
3919,William,Moore,william.moore@company.com,+1-360-779-4049,Digital Dynamics,HR Specialist,Columbus,Japan
3920,Benjamin,Davis,benjamin.davis@business.net,+1-723-709-1067,DataFlow Systems,Financial Analyst,New York,Australia
3921,Emma,Martin,emma.martin@hotmail.com,+1-310-879-3788,Global Solutions,Marketing Manager,San Diego,Canada
3922,Olivia,Brown,olivia.brown@yahoo.com,+1-252-994-6031,DataFlow Systems,Sales Representative,Jacksonville,Brazil
3923,Charlotte,Wilson,charlotte.wilson@hotmail.com,+1-755-973-6939,DataFlow Systems,UX Designer,Dallas,France
3924,Isabella,Rodriguez,isabella.rodriguez@yahoo.com,+1-827-703-5712,DataFlow Systems,Data Analyst,Fort Worth,Japan
3925,Benjamin,Martin,benjamin.martin@business.net,+1-703-780-5397,Future Enterprises,UX Designer,San Jose,United States
3926,Liam,Hernandez,liam.hernandez@company.com,+1-246-251-4951,Future Enterprises,HR Specialist,Phoenix,India
3927,Emma,Anderson,emma.anderson@work.org,+1-204-204-3810,Acme Corp,Software Engineer,Houston,Japan
3928,Noah,Hernandez,noah.hernandez@company.com,+1-766-147-4323,Smart Analytics,DevOps Engineer,Fort Worth,France
3929,Sophia,Miller,sophia.miller@yahoo.com,+1-262-194-6191,Innovation Labs,DevOps Engineer,San Diego,Australia
3930,Mia,Miller,mia.miller@company.com,+1-446-891-3380,Digital Dynamics,Software Engineer,Los Angeles,Canada
3931,Olivia,Smith,olivia.smith@yahoo.com,+1-260-476-2451,TechStart Inc,HR Specialist,San Diego,Brazil
3932,Harper,Rodriguez,harper.rodriguez@work.org,+1-585-282-4439,Acme Corp,DevOps Engineer,New York,Australia
3933,Charlotte,Thomas,charlotte.thomas@work.org,+1-918-565-6763,Digital Dynamics,Project Manager,Los Angeles,India
3934,Evelyn,Smith,evelyn.smith@company.com,+1-205-800-8122,Smart Analytics,Data Analyst,Austin,France
3935,Ava,Johnson,ava.johnson@hotmail.com,+1-882-331-8221,CloudTech Pro,Sales Representative,San Jose,France
3936,Charlotte,Jones,charlotte.jones@gmail.com,+1-315-655-1492,NextGen Software,Project Manager,Los Angeles,United Kingdom
3937,James,Taylor,james.taylor@yahoo.com,+1-219-381-5786,Future Enterprises,Data Analyst,Columbus,United States
3938,James,Williams,james.williams@business.net,+1-905-531-2354,Smart Analytics,Project Manager,Philadelphia,Mexico
3939,Harper,Lopez,harper.lopez@hotmail.com,+1-237-517-6697,NextGen Software,Data Analyst,Los Angeles,Canada
3940,Emma,Johnson,emma.johnson@hotmail.com,+1-371-394-6977,TechStart Inc,Product Manager,Columbus,France
3941,Oliver,Jackson,oliver.jackson@gmail.com,+1-551-128-9903,Global Solutions,UX Designer,Philadelphia,Germany
3942,James,Rodriguez,james.rodriguez@work.org,+1-210-656-6387,Global Solutions,Software Engineer,Austin,France
3943,Mason,Rodriguez,mason.rodriguez@gmail.com,+1-317-579-9872,Acme Corp,HR Specialist,Chicago,Canada
3944,Evelyn,Hernandez,evelyn.hernandez@gmail.com,+1-494-407-4571,Future Enterprises,Data Analyst,Columbus,France
3945,Harper,Garcia,harper.garcia@company.com,+1-449-149-3920,Innovation Labs,Project Manager,San Jose,India
3946,Mia,Thomas,mia.thomas@work.org,+1-904-769-2188,CloudTech Pro,Marketing Manager,Fort Worth,Japan
3947,Oliver,Lopez,oliver.lopez@hotmail.com,+1-721-681-2269,Innovation Labs,Project Manager,Jacksonville,Canada
3948,Mason,Hernandez,mason.hernandez@business.net,+1-564-564-1284,CloudTech Pro,Financial Analyst,Phoenix,Australia
3949,Oliver,Williams,oliver.williams@outlook.com,+1-982-114-2188,Acme Corp,Sales Representative,New York,France
3950,James,Anderson,james.anderson@yahoo.com,+1-543-477-4564,Digital Dynamics,Financial Analyst,Jacksonville,Brazil
3951,Isabella,Taylor,isabella.taylor@company.com,+1-890-606-3095,TechStart Inc,Sales Representative,Chicago,India
3952,Ava,Martin,ava.martin@hotmail.com,+1-651-519-4211,Future Enterprises,Marketing Manager,Los Angeles,Brazil
3953,Benjamin,Garcia,benjamin.garcia@hotmail.com,+1-528-771-2725,CloudTech Pro,Project Manager,Los Angeles,Brazil
3954,Noah,Moore,noah.moore@business.net,+1-604-891-6018,Global Solutions,Sales Representative,Columbus,Mexico
3955,William,Gonzalez,william.gonzalez@business.net,+1-860-609-3054,Global Solutions,Marketing Manager,New York,Mexico
3956,Liam,Jackson,liam.jackson@company.com,+1-326-159-7288,DataFlow Systems,Financial Analyst,San Jose,Germany
3957,Isabella,Jones,isabella.jones@outlook.com,+1-616-607-5390,Acme Corp,UX Designer,Jacksonville,Mexico
3958,Ethan,Anderson,ethan.anderson@outlook.com,+1-580-655-6301,NextGen Software,Software Engineer,Los Angeles,Germany
3959,Amelia,Brown,amelia.brown@outlook.com,+1-381-589-3627,Acme Corp,HR Specialist,Los Angeles,Japan
3960,Alexander,Moore,alexander.moore@gmail.com,+1-935-174-7507,Innovation Labs,DevOps Engineer,San Antonio,Mexico
3961,Liam,Martin,liam.martin@work.org,+1-216-838-3644,Global Solutions,HR Specialist,Houston,India
3962,Oliver,Jackson,oliver.jackson@gmail.com,+1-984-532-5864,CloudTech Pro,Project Manager,Dallas,Brazil
3963,Evelyn,Taylor,evelyn.taylor@business.net,+1-498-241-2516,DataFlow Systems,HR Specialist,Columbus,Japan
3964,Oliver,Hernandez,oliver.hernandez@yahoo.com,+1-515-419-8495,Smart Analytics,Project Manager,San Jose,Mexico
3965,Isabella,Wilson,isabella.wilson@outlook.com,+1-413-496-3832,Global Solutions,HR Specialist,San Antonio,United Kingdom
3966,Mason,Johnson,mason.johnson@gmail.com,+1-921-832-7990,Digital Dynamics,Project Manager,San Jose,Canada
3967,James,Johnson,james.johnson@yahoo.com,+1-442-531-7351,CloudTech Pro,Software Engineer,New York,United States
3968,Ethan,Wilson,ethan.wilson@yahoo.com,+1-411-589-1695,CloudTech Pro,Product Manager,Columbus,Australia
3969,Benjamin,Anderson,benjamin.anderson@gmail.com,+1-728-507-8357,TechStart Inc,Project Manager,San Jose,Australia
3970,Ava,Davis,ava.davis@work.org,+1-385-142-6589,TechStart Inc,DevOps Engineer,San Jose,Mexico
3971,Ava,Taylor,ava.taylor@yahoo.com,+1-464-830-4733,Acme Corp,Financial Analyst,San Antonio,Australia
3972,Olivia,Smith,olivia.smith@business.net,+1-412-386-9979,Future Enterprises,UX Designer,Jacksonville,India
3973,Charlotte,Moore,charlotte.moore@outlook.com,+1-873-236-2679,Acme Corp,UX Designer,Houston,India
3974,Emma,Martinez,emma.martinez@gmail.com,+1-841-927-6726,NextGen Software,Project Manager,San Diego,France
3975,Ava,Miller,ava.miller@gmail.com,+1-955-126-9333,Innovation Labs,Financial Analyst,San Jose,Mexico
3976,Emma,Moore,emma.moore@outlook.com,+1-990-328-8363,Digital Dynamics,Software Engineer,Phoenix,United States
3977,Charlotte,Martinez,charlotte.martinez@business.net,+1-595-514-9659,TechStart Inc,UX Designer,Charlotte,United Kingdom
3978,William,Taylor,william.taylor@outlook.com,+1-333-520-5007,CloudTech Pro,Marketing Manager,Houston,Japan
3979,Amelia,Jackson,amelia.jackson@company.com,+1-522-969-7200,Digital Dynamics,DevOps Engineer,Jacksonville,Brazil
3980,Alexander,Gonzalez,alexander.gonzalez@gmail.com,+1-966-338-4754,TechStart Inc,Financial Analyst,Chicago,Brazil
3981,Mason,Wilson,mason.wilson@hotmail.com,+1-926-529-4392,Innovation Labs,HR Specialist,Fort Worth,Germany
3982,Mia,Lopez,mia.lopez@yahoo.com,+1-715-292-3582,CloudTech Pro,Marketing Manager,Chicago,India
3983,Sophia,Hernandez,sophia.hernandez@yahoo.com,+1-971-471-5340,NextGen Software,UX Designer,Columbus,Mexico
3984,Evelyn,Martin,evelyn.martin@hotmail.com,+1-788-203-1777,Global Solutions,HR Specialist,Chicago,United Kingdom
3985,Evelyn,Brown,evelyn.brown@work.org,+1-229-140-5262,DataFlow Systems,HR Specialist,Houston,Brazil
3986,Charlotte,Wilson,charlotte.wilson@outlook.com,+1-606-913-8672,Innovation Labs,Financial Analyst,New York,Germany
3987,Isabella,Garcia,isabella.garcia@yahoo.com,+1-641-237-3008,Innovation Labs,HR Specialist,Phoenix,Japan
3988,Liam,Davis,liam.davis@yahoo.com,+1-674-632-5854,CloudTech Pro,UX Designer,Chicago,Japan
3989,Olivia,Martinez,olivia.martinez@hotmail.com,+1-802-494-9343,Smart Analytics,Project Manager,San Jose,France
3990,Isabella,Moore,isabella.moore@company.com,+1-749-336-7649,CloudTech Pro,Product Manager,San Jose,Japan
3991,James,Miller,james.miller@work.org,+1-477-770-2462,Digital Dynamics,Data Analyst,San Antonio,India
3992,Amelia,Jackson,amelia.jackson@business.net,+1-815-869-1287,CloudTech Pro,Software Engineer,San Diego,Canada
3993,Noah,Davis,noah.davis@business.net,+1-305-224-6099,Innovation Labs,Marketing Manager,Dallas,Mexico
3994,Sophia,Smith,sophia.smith@outlook.com,+1-889-371-3103,Digital Dynamics,Project Manager,Jacksonville,India
3995,Emma,Smith,emma.smith@yahoo.com,+1-623-786-7265,Innovation Labs,UX Designer,Charlotte,Mexico
3996,Liam,Lopez,liam.lopez@outlook.com,+1-860-897-1835,TechStart Inc,Product Manager,Los Angeles,United States
3997,Isabella,Garcia,isabella.garcia@gmail.com,+1-453-884-3225,Innovation Labs,Software Engineer,Houston,France
3998,Isabella,Moore,isabella.moore@yahoo.com,+1-333-599-1482,Global Solutions,Product Manager,San Diego,United States
3999,Lucas,Taylor,lucas.taylor@company.com,+1-452-892-7458,Global Solutions,Data Analyst,Los Angeles,Mexico
4000,Sophia,Miller,sophia.miller@company.com,+1-796-347-2415,Future Enterprises,HR Specialist,San Diego,Canada
4001,Lucas,Thomas,lucas.thomas@work.org,+1-249-529-5790,NextGen Software,Product Manager,Los Angeles,Brazil
4002,Benjamin,Rodriguez,benjamin.rodriguez@business.net,+1-350-994-6256,Acme Corp,UX Designer,Los Angeles,France
4003,Alexander,Johnson,alexander.johnson@work.org,+1-821-182-3219,TechStart Inc,Sales Representative,Austin,Canada
4004,Mason,Moore,mason.moore@business.net,+1-978-284-8310,Acme Corp,Marketing Manager,Dallas,Germany
4005,Amelia,Smith,amelia.smith@outlook.com,+1-361-404-1574,DataFlow Systems,DevOps Engineer,San Diego,Canada
4006,Ava,Jackson,ava.jackson@gmail.com,+1-780-857-8851,Innovation Labs,Product Manager,Austin,United States
4007,Harper,Martinez,harper.martinez@yahoo.com,+1-640-312-5944,Innovation Labs,HR Specialist,Charlotte,Germany
4008,Ava,Martin,ava.martin@company.com,+1-822-940-8801,Acme Corp,Project Manager,Houston,Canada
4009,James,Moore,james.moore@gmail.com,+1-645-263-3839,NextGen Software,Financial Analyst,Charlotte,United States
4010,Ethan,Wilson,ethan.wilson@outlook.com,+1-930-259-8123,Global Solutions,Marketing Manager,Chicago,United Kingdom
4011,Ethan,Miller,ethan.miller@business.net,+1-594-811-5680,DataFlow Systems,Sales Representative,San Jose,United Kingdom
4012,Mia,Davis,mia.davis@work.org,+1-974-665-9626,CloudTech Pro,Data Analyst,Los Angeles,United States
4013,James,Smith,james.smith@gmail.com,+1-502-996-1002,Global Solutions,Software Engineer,Los Angeles,Canada
4014,Evelyn,Jones,evelyn.jones@yahoo.com,+1-739-145-9004,Innovation Labs,UX Designer,Philadelphia,France
4015,Alexander,Miller,alexander.miller@outlook.com,+1-730-910-6501,CloudTech Pro,Project Manager,Philadelphia,Canada
4016,Emma,Garcia,emma.garcia@business.net,+1-872-455-2569,CloudTech Pro,UX Designer,Fort Worth,France
4017,Noah,Brown,noah.brown@gmail.com,+1-979-365-9236,Smart Analytics,Product Manager,Houston,Brazil
4018,Mia,Martin,mia.martin@yahoo.com,+1-533-969-1493,NextGen Software,Financial Analyst,Dallas,Canada
4019,Ava,Garcia,ava.garcia@yahoo.com,+1-665-262-3860,Smart Analytics,Marketing Manager,Charlotte,Brazil
4020,Noah,Rodriguez,noah.rodriguez@yahoo.com,+1-394-277-7741,DataFlow Systems,Product Manager,New York,France
4021,Mason,Hernandez,mason.hernandez@outlook.com,+1-685-710-1650,Acme Corp,Data Analyst,San Diego,Canada
4022,Evelyn,Lopez,evelyn.lopez@gmail.com,+1-881-567-7070,NextGen Software,Project Manager,San Diego,France
4023,Lucas,Williams,lucas.williams@business.net,+1-285-681-7256,DataFlow Systems,Project Manager,Philadelphia,France
4024,Evelyn,Brown,evelyn.brown@outlook.com,+1-819-115-6142,TechStart Inc,Software Engineer,Philadelphia,Australia
4025,Oliver,Johnson,oliver.johnson@hotmail.com,+1-491-302-8590,Acme Corp,DevOps Engineer,San Antonio,Australia
4026,Evelyn,Williams,evelyn.williams@hotmail.com,+1-427-245-1831,Global Solutions,Project Manager,Columbus,Mexico
4027,Ava,Davis,ava.davis@hotmail.com,+1-283-670-1174,Global Solutions,Software Engineer,Columbus,Australia
4028,Alexander,Jones,alexander.jones@gmail.com,+1-525-157-6566,CloudTech Pro,HR Specialist,Fort Worth,Germany
4029,Harper,Brown,harper.brown@yahoo.com,+1-347-159-7119,Digital Dynamics,HR Specialist,New York,Mexico
4030,Liam,Johnson,liam.johnson@company.com,+1-948-893-6026,CloudTech Pro,DevOps Engineer,Phoenix,Germany
4031,Amelia,Gonzalez,amelia.gonzalez@company.com,+1-972-297-3602,DataFlow Systems,Financial Analyst,Phoenix,United Kingdom
4032,Sophia,Williams,sophia.williams@business.net,+1-377-627-6479,Future Enterprises,HR Specialist,Jacksonville,Mexico
4033,Sophia,Hernandez,sophia.hernandez@work.org,+1-328-294-5090,DataFlow Systems,Software Engineer,Houston,Germany
4034,Olivia,Anderson,olivia.anderson@company.com,+1-679-182-4718,Global Solutions,Product Manager,Columbus,Canada
4035,Ethan,Johnson,ethan.johnson@gmail.com,+1-891-429-2864,Digital Dynamics,Project Manager,San Diego,Australia
4036,Ava,Thomas,ava.thomas@company.com,+1-692-403-5958,Future Enterprises,Marketing Manager,Fort Worth,France
4037,Noah,Brown,noah.brown@company.com,+1-347-312-8476,DataFlow Systems,DevOps Engineer,Austin,Australia
4038,Amelia,Hernandez,amelia.hernandez@yahoo.com,+1-813-742-1120,NextGen Software,HR Specialist,Phoenix,Japan
4039,Alexander,Taylor,alexander.taylor@business.net,+1-561-823-5856,DataFlow Systems,Software Engineer,New York,Brazil
4040,Ava,Garcia,ava.garcia@work.org,+1-523-843-9560,TechStart Inc,Financial Analyst,Austin,United Kingdom
4041,Noah,Wilson,noah.wilson@business.net,+1-587-323-1951,Acme Corp,Project Manager,Los Angeles,Australia
4042,Mason,Gonzalez,mason.gonzalez@gmail.com,+1-524-751-5210,Digital Dynamics,DevOps Engineer,Jacksonville,Australia
4043,Mia,Johnson,mia.johnson@business.net,+1-449-661-7940,Future Enterprises,UX Designer,Houston,Germany
4044,Benjamin,Williams,benjamin.williams@work.org,+1-644-975-2180,Acme Corp,UX Designer,San Diego,Canada
4045,Olivia,Miller,olivia.miller@hotmail.com,+1-765-518-2002,DataFlow Systems,Software Engineer,Los Angeles,United Kingdom
4046,Mia,Martin,mia.martin@work.org,+1-510-729-6408,CloudTech Pro,Marketing Manager,Fort Worth,United Kingdom
4047,Ethan,Thomas,ethan.thomas@yahoo.com,+1-632-967-8771,Smart Analytics,DevOps Engineer,San Jose,Germany
4048,Evelyn,Gonzalez,evelyn.gonzalez@hotmail.com,+1-384-367-6756,DataFlow Systems,Project Manager,Austin,France
4049,Ethan,Jones,ethan.jones@gmail.com,+1-949-549-9194,TechStart Inc,UX Designer,Fort Worth,India
4050,James,Thomas,james.thomas@hotmail.com,+1-620-798-7126,TechStart Inc,HR Specialist,San Jose,Germany
4051,Lucas,Jackson,lucas.jackson@work.org,+1-862-637-3355,TechStart Inc,Sales Representative,Philadelphia,Australia
4052,Evelyn,Jones,evelyn.jones@work.org,+1-691-310-7666,Acme Corp,Sales Representative,San Diego,France
4053,Oliver,Williams,oliver.williams@yahoo.com,+1-301-647-8290,Future Enterprises,DevOps Engineer,Charlotte,Germany
4054,Olivia,Wilson,olivia.wilson@gmail.com,+1-608-201-8687,TechStart Inc,Sales Representative,Columbus,Mexico
4055,Mia,Williams,mia.williams@yahoo.com,+1-554-554-4910,DataFlow Systems,DevOps Engineer,Philadelphia,United Kingdom
4056,Sophia,Garcia,sophia.garcia@business.net,+1-796-259-8157,CloudTech Pro,Sales Representative,Columbus,India
4057,William,Martin,william.martin@company.com,+1-998-769-3390,Innovation Labs,Data Analyst,Charlotte,France
4058,William,Taylor,william.taylor@gmail.com,+1-530-740-7973,Future Enterprises,UX Designer,San Diego,United States
4059,Sophia,Lopez,sophia.lopez@outlook.com,+1-802-839-2642,Innovation Labs,UX Designer,Houston,Mexico
4060,James,Davis,james.davis@gmail.com,+1-895-777-5909,Future Enterprises,UX Designer,San Diego,United Kingdom
4061,Isabella,Martinez,isabella.martinez@work.org,+1-252-580-9862,DataFlow Systems,Financial Analyst,San Antonio,Canada
4062,Charlotte,Wilson,charlotte.wilson@work.org,+1-347-764-3294,Acme Corp,HR Specialist,Jacksonville,Mexico
4063,Emma,Garcia,emma.garcia@outlook.com,+1-992-151-3370,Smart Analytics,Product Manager,Philadelphia,United Kingdom
4064,Oliver,Martinez,oliver.martinez@business.net,+1-361-552-7751,CloudTech Pro,Sales Representative,Fort Worth,Brazil
4065,Benjamin,Lopez,benjamin.lopez@yahoo.com,+1-597-560-4464,Innovation Labs,Marketing Manager,Phoenix,Japan
4066,Noah,Johnson,noah.johnson@business.net,+1-692-308-4074,Global Solutions,Data Analyst,Chicago,Mexico
4067,Harper,Taylor,harper.taylor@gmail.com,+1-715-423-6225,Future Enterprises,DevOps Engineer,Los Angeles,Canada
4068,Mason,Davis,mason.davis@outlook.com,+1-737-399-3952,CloudTech Pro,UX Designer,Fort Worth,Mexico
4069,Amelia,Hernandez,amelia.hernandez@gmail.com,+1-784-375-4616,Global Solutions,Software Engineer,San Jose,France
4070,Lucas,Garcia,lucas.garcia@hotmail.com,+1-492-477-4358,CloudTech Pro,Marketing Manager,Austin,United States
4071,Lucas,Brown,lucas.brown@yahoo.com,+1-889-527-6475,Acme Corp,Product Manager,San Antonio,Australia
4072,Olivia,Gonzalez,olivia.gonzalez@company.com,+1-817-986-1890,TechStart Inc,Financial Analyst,Jacksonville,India
4073,Ava,Thomas,ava.thomas@gmail.com,+1-439-556-4702,CloudTech Pro,Data Analyst,Austin,United Kingdom
4074,Ava,Moore,ava.moore@outlook.com,+1-929-804-7763,Digital Dynamics,Financial Analyst,Phoenix,Brazil
4075,Alexander,Miller,alexander.miller@hotmail.com,+1-239-179-8885,Global Solutions,HR Specialist,Charlotte,India
4076,Mia,Johnson,mia.johnson@work.org,+1-868-325-5336,CloudTech Pro,Product Manager,San Jose,United States
4077,James,Williams,james.williams@work.org,+1-531-431-2681,Innovation Labs,Data Analyst,Philadelphia,Brazil
4078,Mason,Moore,mason.moore@gmail.com,+1-973-593-6588,TechStart Inc,Financial Analyst,San Antonio,United States
4079,James,Johnson,james.johnson@work.org,+1-593-978-4363,Global Solutions,UX Designer,Los Angeles,Japan
4080,Liam,Johnson,liam.johnson@yahoo.com,+1-348-959-1358,Future Enterprises,UX Designer,Fort Worth,India
4081,Mia,Wilson,mia.wilson@outlook.com,+1-748-358-3258,DataFlow Systems,Product Manager,Dallas,Australia
4082,Oliver,Jackson,oliver.jackson@outlook.com,+1-487-553-5138,DataFlow Systems,HR Specialist,Jacksonville,United States
4083,Benjamin,Anderson,benjamin.anderson@work.org,+1-750-239-5032,Innovation Labs,DevOps Engineer,Los Angeles,Japan
4084,Benjamin,Anderson,benjamin.anderson@yahoo.com,+1-643-113-1117,Digital Dynamics,Financial Analyst,Chicago,Japan
4085,Charlotte,Martinez,charlotte.martinez@hotmail.com,+1-890-276-7888,Future Enterprises,Marketing Manager,San Diego,Canada
4086,Mia,Williams,mia.williams@gmail.com,+1-232-371-5561,Global Solutions,UX Designer,New York,India
4087,Charlotte,Thomas,charlotte.thomas@business.net,+1-440-436-4771,Acme Corp,Software Engineer,Phoenix,Mexico
4088,Isabella,Gonzalez,isabella.gonzalez@outlook.com,+1-836-559-9532,Future Enterprises,Product Manager,Fort Worth,Germany
4089,Noah,Brown,noah.brown@yahoo.com,+1-496-500-6004,TechStart Inc,Data Analyst,Columbus,India
4090,Noah,Brown,noah.brown@yahoo.com,+1-428-767-8953,Digital Dynamics,UX Designer,Houston,France
4091,Noah,Hernandez,noah.hernandez@hotmail.com,+1-458-993-6950,Acme Corp,UX Designer,New York,Japan
4092,Charlotte,Martin,charlotte.martin@company.com,+1-342-259-6958,Innovation Labs,Project Manager,San Antonio,Japan
4093,Ethan,Miller,ethan.miller@business.net,+1-280-904-9366,DataFlow Systems,Software Engineer,Columbus,Australia
4094,Alexander,Garcia,alexander.garcia@work.org,+1-816-838-6639,TechStart Inc,Financial Analyst,Dallas,United States
4095,James,Garcia,james.garcia@gmail.com,+1-349-430-3493,Innovation Labs,Marketing Manager,Fort Worth,Japan
4096,Noah,Martin,noah.martin@company.com,+1-813-859-1790,CloudTech Pro,Sales Representative,San Antonio,United Kingdom
4097,Sophia,Hernandez,sophia.hernandez@outlook.com,+1-959-699-6652,Digital Dynamics,UX Designer,Columbus,France
4098,Amelia,Smith,amelia.smith@work.org,+1-208-349-1225,CloudTech Pro,HR Specialist,Los Angeles,Australia
4099,Noah,Garcia,noah.garcia@gmail.com,+1-935-175-4287,Digital Dynamics,UX Designer,Phoenix,Japan
4100,Oliver,Rodriguez,oliver.rodriguez@company.com,+1-807-197-7524,DataFlow Systems,Product Manager,San Antonio,Canada
4101,Harper,Lopez,harper.lopez@business.net,+1-614-420-4216,Acme Corp,Marketing Manager,Chicago,Australia
4102,Evelyn,Thomas,evelyn.thomas@hotmail.com,+1-818-914-6565,TechStart Inc,Software Engineer,Austin,United Kingdom
4103,Amelia,Davis,amelia.davis@yahoo.com,+1-895-923-5435,Acme Corp,Product Manager,Chicago,France
4104,James,Garcia,james.garcia@business.net,+1-892-673-2636,Digital Dynamics,Financial Analyst,San Antonio,Canada
4105,Benjamin,Gonzalez,benjamin.gonzalez@gmail.com,+1-407-621-9551,CloudTech Pro,Data Analyst,Columbus,Mexico
4106,Olivia,Taylor,olivia.taylor@gmail.com,+1-368-418-6788,NextGen Software,DevOps Engineer,Chicago,United States
4107,Emma,Wilson,emma.wilson@yahoo.com,+1-605-701-6643,CloudTech Pro,UX Designer,Jacksonville,France
4108,Noah,Thomas,noah.thomas@hotmail.com,+1-805-395-4746,Future Enterprises,Sales Representative,Dallas,Brazil
4109,Evelyn,Taylor,evelyn.taylor@hotmail.com,+1-547-358-4369,Smart Analytics,Product Manager,San Jose,United Kingdom
4110,William,Anderson,william.anderson@work.org,+1-809-784-9310,Acme Corp,Product Manager,Jacksonville,France
4111,Harper,Williams,harper.williams@business.net,+1-259-449-8629,Innovation Labs,HR Specialist,Houston,United States
4112,Oliver,Williams,oliver.williams@outlook.com,+1-844-261-5884,Innovation Labs,Software Engineer,Columbus,Brazil
4113,Liam,Martin,liam.martin@company.com,+1-330-841-5826,Global Solutions,Marketing Manager,Phoenix,Australia
4114,Mia,Hernandez,mia.hernandez@work.org,+1-307-980-2741,CloudTech Pro,UX Designer,Los Angeles,France
4115,Charlotte,Jackson,charlotte.jackson@hotmail.com,+1-957-974-7555,TechStart Inc,UX Designer,San Jose,United States
4116,Oliver,Gonzalez,oliver.gonzalez@work.org,+1-703-719-4928,NextGen Software,Product Manager,Dallas,United Kingdom
4117,Lucas,Taylor,lucas.taylor@yahoo.com,+1-473-856-5796,CloudTech Pro,Sales Representative,Austin,United Kingdom
4118,Isabella,Moore,isabella.moore@business.net,+1-675-896-3596,Smart Analytics,Product Manager,Chicago,United States
4119,Liam,Davis,liam.davis@hotmail.com,+1-982-223-2832,Global Solutions,Financial Analyst,Dallas,Brazil
4120,Charlotte,Miller,charlotte.miller@gmail.com,+1-660-753-2113,DataFlow Systems,DevOps Engineer,Dallas,Canada
4121,Benjamin,Lopez,benjamin.lopez@company.com,+1-343-642-7285,TechStart Inc,HR Specialist,Chicago,India
4122,Evelyn,Martin,evelyn.martin@work.org,+1-933-656-8819,Global Solutions,Marketing Manager,San Antonio,India
4123,James,Smith,james.smith@yahoo.com,+1-790-699-4498,Acme Corp,Sales Representative,Phoenix,Germany
4124,Ava,Martin,ava.martin@hotmail.com,+1-231-455-4542,DataFlow Systems,DevOps Engineer,Jacksonville,Mexico
4125,Harper,Smith,harper.smith@business.net,+1-817-910-9776,DataFlow Systems,Product Manager,Chicago,Germany
4126,Ethan,Martinez,ethan.martinez@gmail.com,+1-279-568-7322,Acme Corp,Marketing Manager,New York,United Kingdom
4127,James,Brown,james.brown@gmail.com,+1-829-440-8415,CloudTech Pro,UX Designer,Columbus,Japan
4128,Charlotte,Smith,charlotte.smith@hotmail.com,+1-844-184-3060,Innovation Labs,Sales Representative,Los Angeles,India
4129,Emma,Thomas,emma.thomas@work.org,+1-299-717-4958,Digital Dynamics,Project Manager,Phoenix,Canada
4130,Ava,Martinez,ava.martinez@hotmail.com,+1-625-857-1167,Digital Dynamics,DevOps Engineer,Austin,India
4131,Emma,Moore,emma.moore@company.com,+1-811-990-3594,Innovation Labs,UX Designer,Houston,Mexico
4132,Olivia,Miller,olivia.miller@hotmail.com,+1-293-637-6315,Future Enterprises,HR Specialist,Jacksonville,India
4133,Mia,Garcia,mia.garcia@yahoo.com,+1-724-379-6605,Smart Analytics,Data Analyst,San Jose,India
4134,Ethan,Jones,ethan.jones@gmail.com,+1-416-898-1783,Digital Dynamics,Financial Analyst,New York,Australia
4135,William,Jones,william.jones@company.com,+1-541-578-5691,Digital Dynamics,Product Manager,Fort Worth,India
4136,Olivia,Taylor,olivia.taylor@hotmail.com,+1-736-851-9736,Smart Analytics,Data Analyst,New York,Australia
4137,Olivia,Martin,olivia.martin@company.com,+1-319-216-8909,NextGen Software,Financial Analyst,Philadelphia,Australia
4138,Benjamin,Jackson,benjamin.jackson@work.org,+1-246-306-2290,Global Solutions,Sales Representative,Philadelphia,United States
4139,James,Taylor,james.taylor@company.com,+1-688-158-2296,Global Solutions,UX Designer,Austin,France
4140,Oliver,Jones,oliver.jones@gmail.com,+1-990-276-2753,Digital Dynamics,Financial Analyst,New York,Mexico
4141,Harper,Brown,harper.brown@gmail.com,+1-704-136-1071,CloudTech Pro,Sales Representative,Charlotte,Mexico
4142,Harper,Smith,harper.smith@business.net,+1-950-827-8047,Innovation Labs,Project Manager,San Diego,Japan
4143,Charlotte,Martin,charlotte.martin@outlook.com,+1-389-415-8778,CloudTech Pro,UX Designer,Columbus,Canada
4144,Alexander,Anderson,alexander.anderson@business.net,+1-425-944-9269,Global Solutions,Marketing Manager,New York,Brazil
4145,Liam,Thomas,liam.thomas@business.net,+1-864-558-1779,Innovation Labs,UX Designer,Phoenix,France
4146,Harper,Martin,harper.martin@work.org,+1-268-102-8887,Innovation Labs,Sales Representative,Fort Worth,Australia
4147,Amelia,Moore,amelia.moore@outlook.com,+1-540-129-8303,CloudTech Pro,Sales Representative,San Antonio,Canada
4148,Noah,Brown,noah.brown@outlook.com,+1-949-894-9310,Future Enterprises,Project Manager,Los Angeles,Canada
4149,Alexander,Smith,alexander.smith@company.com,+1-445-407-4564,Future Enterprises,DevOps Engineer,Philadelphia,Canada
4150,Mia,Jones,mia.jones@gmail.com,+1-690-235-1662,Future Enterprises,Software Engineer,Los Angeles,Brazil
4151,James,Martin,james.martin@outlook.com,+1-466-272-2736,Future Enterprises,Sales Representative,New York,Germany
4152,Olivia,Lopez,olivia.lopez@business.net,+1-935-848-5641,Innovation Labs,UX Designer,Chicago,Canada
4153,Olivia,Garcia,olivia.garcia@yahoo.com,+1-879-980-9849,CloudTech Pro,Project Manager,San Diego,Germany
4154,Sophia,Davis,sophia.davis@gmail.com,+1-304-208-7594,CloudTech Pro,Financial Analyst,New York,Germany
4155,Sophia,Jackson,sophia.jackson@outlook.com,+1-427-107-4699,Digital Dynamics,Software Engineer,Philadelphia,Germany
4156,Ava,Anderson,ava.anderson@yahoo.com,+1-446-177-2388,Future Enterprises,HR Specialist,New York,Australia
4157,Mia,Smith,mia.smith@outlook.com,+1-794-574-1613,Innovation Labs,DevOps Engineer,Charlotte,United States
4158,Amelia,Miller,amelia.miller@business.net,+1-384-277-6599,CloudTech Pro,Sales Representative,Los Angeles,Germany
4159,Liam,Rodriguez,liam.rodriguez@outlook.com,+1-275-926-9962,Digital Dynamics,Financial Analyst,San Jose,France
4160,Charlotte,Williams,charlotte.williams@hotmail.com,+1-691-379-2907,CloudTech Pro,Data Analyst,Houston,United States
4161,Benjamin,Wilson,benjamin.wilson@company.com,+1-255-145-1717,CloudTech Pro,Sales Representative,Los Angeles,Australia
4162,Lucas,Gonzalez,lucas.gonzalez@yahoo.com,+1-352-418-8022,Global Solutions,Marketing Manager,Columbus,India
4163,Ethan,Smith,ethan.smith@outlook.com,+1-996-495-9278,Acme Corp,Product Manager,Los Angeles,India
4164,Harper,Martin,harper.martin@yahoo.com,+1-537-350-5936,Smart Analytics,Project Manager,Los Angeles,Canada
4165,Oliver,Davis,oliver.davis@yahoo.com,+1-797-378-8602,Global Solutions,Project Manager,Fort Worth,Japan
4166,Isabella,Garcia,isabella.garcia@hotmail.com,+1-983-893-3715,Smart Analytics,Project Manager,Fort Worth,Mexico
4167,Mia,Hernandez,mia.hernandez@work.org,+1-391-388-4358,TechStart Inc,Product Manager,San Diego,United States
4168,Lucas,Anderson,lucas.anderson@outlook.com,+1-230-790-5900,Digital Dynamics,Data Analyst,San Jose,Brazil
4169,Liam,Hernandez,liam.hernandez@business.net,+1-600-619-6167,Innovation Labs,Software Engineer,New York,Mexico
4170,Liam,Jackson,liam.jackson@gmail.com,+1-550-736-4064,Digital Dynamics,Data Analyst,Fort Worth,Germany
4171,Lucas,Wilson,lucas.wilson@outlook.com,+1-967-952-4802,Innovation Labs,Marketing Manager,Austin,United States
4172,Ava,Hernandez,ava.hernandez@work.org,+1-785-217-8146,Global Solutions,Marketing Manager,San Diego,Canada
4173,Benjamin,Williams,benjamin.williams@gmail.com,+1-874-478-5019,NextGen Software,Project Manager,Charlotte,Mexico
4174,Alexander,Gonzalez,alexander.gonzalez@business.net,+1-278-686-2092,Acme Corp,Sales Representative,Dallas,Canada
4175,Isabella,Miller,isabella.miller@company.com,+1-773-401-2414,TechStart Inc,Financial Analyst,San Jose,Japan
4176,Liam,Davis,liam.davis@hotmail.com,+1-542-831-9579,Acme Corp,Sales Representative,New York,United Kingdom
4177,Harper,Smith,harper.smith@yahoo.com,+1-935-961-9792,Global Solutions,Marketing Manager,Dallas,Canada
4178,Mason,Taylor,mason.taylor@business.net,+1-402-726-2146,TechStart Inc,Software Engineer,San Jose,Germany
4179,Oliver,Gonzalez,oliver.gonzalez@gmail.com,+1-937-609-2486,Global Solutions,Software Engineer,Chicago,Australia
4180,Isabella,Smith,isabella.smith@work.org,+1-267-726-3285,TechStart Inc,Financial Analyst,Phoenix,India
4181,James,Moore,james.moore@company.com,+1-820-735-3744,Global Solutions,Product Manager,Fort Worth,India
4182,Sophia,Wilson,sophia.wilson@gmail.com,+1-675-290-8214,Global Solutions,Financial Analyst,Fort Worth,United States
4183,Sophia,Martin,sophia.martin@gmail.com,+1-907-379-2701,Innovation Labs,DevOps Engineer,San Antonio,United Kingdom
4184,Evelyn,Moore,evelyn.moore@yahoo.com,+1-983-168-9185,CloudTech Pro,DevOps Engineer,Austin,India
4185,Harper,Taylor,harper.taylor@company.com,+1-789-896-4227,Innovation Labs,HR Specialist,Fort Worth,Australia
4186,Alexander,Williams,alexander.williams@outlook.com,+1-409-106-8667,TechStart Inc,HR Specialist,Los Angeles,United Kingdom
4187,James,Williams,james.williams@outlook.com,+1-464-706-5788,Smart Analytics,Product Manager,Los Angeles,United States
4188,Harper,Wilson,harper.wilson@company.com,+1-590-319-8630,Acme Corp,Software Engineer,Chicago,Australia
4189,Ava,Wilson,ava.wilson@hotmail.com,+1-769-544-4726,DataFlow Systems,Data Analyst,Philadelphia,United States
4190,Mason,Johnson,mason.johnson@yahoo.com,+1-589-217-9012,Digital Dynamics,DevOps Engineer,Austin,Canada
4191,William,Davis,william.davis@hotmail.com,+1-569-639-5777,Innovation Labs,UX Designer,San Antonio,Brazil
4192,James,Martin,james.martin@business.net,+1-536-717-9632,Future Enterprises,Project Manager,San Antonio,United Kingdom
4193,Sophia,Miller,sophia.miller@gmail.com,+1-331-742-7168,Digital Dynamics,Marketing Manager,Austin,Mexico
4194,Mia,Johnson,mia.johnson@work.org,+1-478-110-9266,Smart Analytics,Data Analyst,Charlotte,United Kingdom
4195,Mason,Wilson,mason.wilson@company.com,+1-292-250-2694,Acme Corp,Project Manager,Los Angeles,France
4196,Harper,Thomas,harper.thomas@yahoo.com,+1-273-917-3763,CloudTech Pro,Software Engineer,San Jose,United States
4197,Ava,Moore,ava.moore@gmail.com,+1-692-845-5972,NextGen Software,Project Manager,San Diego,United States
4198,Mason,Wilson,mason.wilson@gmail.com,+1-972-677-1337,NextGen Software,HR Specialist,Houston,Canada
4199,James,Anderson,james.anderson@work.org,+1-234-839-5370,TechStart Inc,Project Manager,Dallas,France
4200,Olivia,Smith,olivia.smith@outlook.com,+1-429-721-4384,Acme Corp,HR Specialist,San Antonio,Mexico
4201,Ethan,Martinez,ethan.martinez@business.net,+1-846-680-7074,CloudTech Pro,Product Manager,San Antonio,Australia
4202,Sophia,Hernandez,sophia.hernandez@yahoo.com,+1-360-697-6710,Acme Corp,UX Designer,Philadelphia,India
4203,Emma,Wilson,emma.wilson@business.net,+1-711-911-4773,DataFlow Systems,Financial Analyst,Fort Worth,Australia
4204,William,Thomas,william.thomas@work.org,+1-954-619-5686,TechStart Inc,DevOps Engineer,Houston,France
4205,Alexander,Rodriguez,alexander.rodriguez@gmail.com,+1-909-870-8572,Digital Dynamics,UX Designer,Phoenix,Canada
4206,Amelia,Martinez,amelia.martinez@yahoo.com,+1-652-966-4390,DataFlow Systems,Data Analyst,Chicago,Australia
4207,Evelyn,Moore,evelyn.moore@outlook.com,+1-693-556-8918,Digital Dynamics,Product Manager,San Antonio,Australia
4208,Isabella,Anderson,isabella.anderson@company.com,+1-304-705-4561,Future Enterprises,Sales Representative,Phoenix,Japan
4209,Oliver,Wilson,oliver.wilson@gmail.com,+1-818-251-2160,Global Solutions,Product Manager,Dallas,Australia
4210,Noah,Thomas,noah.thomas@outlook.com,+1-745-739-7565,Digital Dynamics,Financial Analyst,Phoenix,Japan
4211,Evelyn,Johnson,evelyn.johnson@hotmail.com,+1-226-444-6294,Innovation Labs,Marketing Manager,San Antonio,Japan
4212,Alexander,Smith,alexander.smith@yahoo.com,+1-400-747-6075,Innovation Labs,Project Manager,San Jose,United States
4213,Ava,Brown,ava.brown@gmail.com,+1-327-124-1609,Future Enterprises,DevOps Engineer,Houston,Japan
4214,Sophia,Thomas,sophia.thomas@gmail.com,+1-486-112-3823,Future Enterprises,UX Designer,San Diego,Japan
4215,Ethan,Rodriguez,ethan.rodriguez@work.org,+1-517-884-6096,Acme Corp,Financial Analyst,Houston,Japan
4216,Mason,Hernandez,mason.hernandez@gmail.com,+1-466-213-5573,Acme Corp,Financial Analyst,San Jose,India
4217,William,Garcia,william.garcia@hotmail.com,+1-239-881-6044,Future Enterprises,Sales Representative,Philadelphia,Brazil
4218,Noah,Moore,noah.moore@hotmail.com,+1-572-171-6651,Global Solutions,Marketing Manager,San Antonio,Japan
4219,Oliver,Williams,oliver.williams@company.com,+1-720-175-2992,Innovation Labs,Software Engineer,Los Angeles,United Kingdom
4220,Isabella,Martin,isabella.martin@work.org,+1-562-327-3319,DataFlow Systems,Software Engineer,Charlotte,Japan
4221,Benjamin,Rodriguez,benjamin.rodriguez@hotmail.com,+1-772-741-6035,Future Enterprises,Software Engineer,Jacksonville,Australia
4222,Ava,Jackson,ava.jackson@business.net,+1-472-986-8762,Smart Analytics,DevOps Engineer,San Diego,United States
4223,Charlotte,Davis,charlotte.davis@work.org,+1-746-619-7461,Digital Dynamics,Project Manager,Austin,United Kingdom
4224,Amelia,Davis,amelia.davis@yahoo.com,+1-999-308-1339,Innovation Labs,Software Engineer,San Antonio,United Kingdom
4225,Evelyn,Taylor,evelyn.taylor@company.com,+1-889-484-7490,Digital Dynamics,Product Manager,San Jose,United States
4226,Sophia,Davis,sophia.davis@gmail.com,+1-891-344-2253,CloudTech Pro,Financial Analyst,Jacksonville,Australia
4227,Harper,Anderson,harper.anderson@gmail.com,+1-998-705-6804,CloudTech Pro,DevOps Engineer,Philadelphia,Mexico
4228,Liam,Lopez,liam.lopez@work.org,+1-266-860-7806,Digital Dynamics,Sales Representative,Philadelphia,Brazil
4229,Emma,Rodriguez,emma.rodriguez@business.net,+1-773-548-3934,DataFlow Systems,Software Engineer,Houston,Australia
4230,Oliver,Jackson,oliver.jackson@work.org,+1-543-747-5303,Digital Dynamics,HR Specialist,Phoenix,Japan
4231,Olivia,Wilson,olivia.wilson@business.net,+1-600-463-4958,TechStart Inc,Project Manager,Austin,Mexico
4232,Amelia,Jackson,amelia.jackson@outlook.com,+1-794-415-5500,Innovation Labs,Sales Representative,Dallas,Germany
4233,Amelia,Anderson,amelia.anderson@gmail.com,+1-895-402-8645,Smart Analytics,Product Manager,Houston,Brazil
4234,Isabella,Thomas,isabella.thomas@outlook.com,+1-275-615-6481,TechStart Inc,UX Designer,San Antonio,United States
4235,Oliver,Anderson,oliver.anderson@hotmail.com,+1-497-913-2183,Global Solutions,Data Analyst,New York,India
4236,Emma,Gonzalez,emma.gonzalez@work.org,+1-233-220-4998,DataFlow Systems,Product Manager,Jacksonville,India
4237,Benjamin,Hernandez,benjamin.hernandez@outlook.com,+1-495-693-2803,Digital Dynamics,Financial Analyst,Jacksonville,Australia
4238,Liam,Moore,liam.moore@yahoo.com,+1-968-226-4326,Global Solutions,Project Manager,Fort Worth,Japan
4239,William,Anderson,william.anderson@business.net,+1-388-515-3540,Digital Dynamics,Sales Representative,New York,Canada
4240,William,Thomas,william.thomas@company.com,+1-691-603-2246,Future Enterprises,HR Specialist,Fort Worth,Brazil
4241,William,Miller,william.miller@business.net,+1-798-219-4325,TechStart Inc,Sales Representative,Houston,Canada
4242,Benjamin,Johnson,benjamin.johnson@gmail.com,+1-636-330-6598,CloudTech Pro,UX Designer,Chicago,United Kingdom
4243,William,Rodriguez,william.rodriguez@work.org,+1-465-564-3661,Smart Analytics,Sales Representative,Philadelphia,Germany
4244,William,Moore,william.moore@hotmail.com,+1-472-899-2657,Innovation Labs,DevOps Engineer,Philadelphia,Australia
4245,Alexander,Garcia,alexander.garcia@gmail.com,+1-202-739-9268,NextGen Software,Project Manager,Dallas,Canada
4246,Evelyn,Jackson,evelyn.jackson@business.net,+1-441-353-9852,Smart Analytics,Software Engineer,Los Angeles,India
4247,Mason,Miller,mason.miller@hotmail.com,+1-675-680-6774,CloudTech Pro,UX Designer,Fort Worth,France
4248,Lucas,Gonzalez,lucas.gonzalez@hotmail.com,+1-715-623-9375,Innovation Labs,Software Engineer,Phoenix,Canada
4249,Mason,Garcia,mason.garcia@work.org,+1-449-652-8737,Future Enterprises,UX Designer,Los Angeles,Canada
4250,Liam,Miller,liam.miller@work.org,+1-532-122-7185,Smart Analytics,Sales Representative,Jacksonville,Germany
4251,Lucas,Brown,lucas.brown@outlook.com,+1-833-239-9294,NextGen Software,DevOps Engineer,Fort Worth,United States
4252,James,Jackson,james.jackson@company.com,+1-214-899-1428,TechStart Inc,Sales Representative,Philadelphia,India
4253,Mia,Rodriguez,mia.rodriguez@yahoo.com,+1-713-928-3048,DataFlow Systems,UX Designer,Philadelphia,United States
4254,Sophia,Hernandez,sophia.hernandez@yahoo.com,+1-943-233-5726,NextGen Software,Marketing Manager,Dallas,Japan
4255,James,Johnson,james.johnson@business.net,+1-350-614-8979,Future Enterprises,DevOps Engineer,San Diego,Japan
4256,Isabella,Anderson,isabella.anderson@hotmail.com,+1-201-425-2805,DataFlow Systems,Sales Representative,New York,United States
4257,Liam,Martin,liam.martin@outlook.com,+1-371-224-9733,NextGen Software,Data Analyst,Dallas,France
4258,James,Taylor,james.taylor@outlook.com,+1-663-584-5901,NextGen Software,Data Analyst,Chicago,Canada
4259,Isabella,Martinez,isabella.martinez@hotmail.com,+1-554-920-7242,Smart Analytics,Project Manager,Fort Worth,France
4260,Ethan,Taylor,ethan.taylor@gmail.com,+1-566-998-6054,Acme Corp,Data Analyst,Columbus,France
4261,Oliver,Williams,oliver.williams@yahoo.com,+1-892-952-4409,Digital Dynamics,UX Designer,Philadelphia,Australia
4262,Oliver,Garcia,oliver.garcia@yahoo.com,+1-950-407-1059,Digital Dynamics,UX Designer,San Diego,Mexico
4263,Sophia,Miller,sophia.miller@yahoo.com,+1-923-808-2206,Innovation Labs,HR Specialist,Fort Worth,Australia
4264,Emma,Johnson,emma.johnson@company.com,+1-333-150-9525,Future Enterprises,UX Designer,Houston,United States
4265,Alexander,Moore,alexander.moore@outlook.com,+1-696-938-7447,Future Enterprises,DevOps Engineer,Philadelphia,United Kingdom
4266,Ava,Miller,ava.miller@yahoo.com,+1-608-506-3555,CloudTech Pro,Data Analyst,Fort Worth,Australia
4267,Emma,Martinez,emma.martinez@gmail.com,+1-909-170-9731,Global Solutions,Data Analyst,Austin,India
4268,Ava,Wilson,ava.wilson@work.org,+1-997-397-6159,Future Enterprises,DevOps Engineer,Dallas,Canada
4269,Mia,Miller,mia.miller@yahoo.com,+1-489-281-1388,Future Enterprises,Sales Representative,Columbus,Australia
4270,Alexander,Jones,alexander.jones@outlook.com,+1-828-668-3614,Future Enterprises,UX Designer,Chicago,United Kingdom
4271,Noah,Martinez,noah.martinez@hotmail.com,+1-448-831-6653,Innovation Labs,Data Analyst,Jacksonville,Mexico
4272,Noah,Jones,noah.jones@outlook.com,+1-373-693-7100,TechStart Inc,Software Engineer,Houston,United States
4273,Ava,Johnson,ava.johnson@gmail.com,+1-557-961-8572,Acme Corp,Software Engineer,Columbus,United States
4274,Isabella,Johnson,isabella.johnson@work.org,+1-915-599-1763,Global Solutions,Product Manager,San Jose,United Kingdom
4275,Oliver,Williams,oliver.williams@hotmail.com,+1-393-640-6441,Acme Corp,Data Analyst,San Antonio,Australia
4276,Amelia,Garcia,amelia.garcia@company.com,+1-372-231-3190,DataFlow Systems,Financial Analyst,San Jose,Germany
4277,William,Martin,william.martin@gmail.com,+1-965-597-1643,Innovation Labs,Marketing Manager,San Antonio,United Kingdom
4278,Emma,Davis,emma.davis@business.net,+1-294-624-7953,DataFlow Systems,Sales Representative,Philadelphia,France
4279,Mia,Jackson,mia.jackson@outlook.com,+1-359-334-1338,TechStart Inc,Financial Analyst,Jacksonville,France
4280,Isabella,Williams,isabella.williams@hotmail.com,+1-854-351-1608,CloudTech Pro,Data Analyst,Dallas,Germany
4281,Evelyn,Davis,evelyn.davis@hotmail.com,+1-877-625-9175,TechStart Inc,Sales Representative,Chicago,Japan
4282,Olivia,Jones,olivia.jones@outlook.com,+1-824-708-9549,TechStart Inc,HR Specialist,Columbus,India
4283,Oliver,Martin,oliver.martin@yahoo.com,+1-749-275-3699,TechStart Inc,Data Analyst,Houston,India
4284,Mason,Jackson,mason.jackson@company.com,+1-604-195-6284,TechStart Inc,Software Engineer,Columbus,Mexico
4285,Mason,Rodriguez,mason.rodriguez@gmail.com,+1-700-111-7921,Future Enterprises,UX Designer,Philadelphia,Germany
4286,Lucas,Jackson,lucas.jackson@hotmail.com,+1-754-740-7357,TechStart Inc,Sales Representative,Philadelphia,Brazil
4287,Amelia,Miller,amelia.miller@company.com,+1-925-431-1841,TechStart Inc,UX Designer,Fort Worth,United Kingdom
4288,Mason,Miller,mason.miller@work.org,+1-224-187-5942,DataFlow Systems,HR Specialist,Los Angeles,Brazil
4289,Oliver,Martinez,oliver.martinez@gmail.com,+1-454-785-4888,Future Enterprises,Product Manager,Dallas,Germany
4290,William,Jackson,william.jackson@yahoo.com,+1-381-389-4906,TechStart Inc,Sales Representative,Philadelphia,Australia
4291,Harper,Taylor,harper.taylor@business.net,+1-772-398-3303,TechStart Inc,HR Specialist,Charlotte,United Kingdom
4292,Mason,Martin,mason.martin@outlook.com,+1-774-411-4893,Future Enterprises,Software Engineer,Dallas,India
4293,Liam,Williams,liam.williams@yahoo.com,+1-368-675-2799,NextGen Software,Data Analyst,Columbus,Mexico
4294,Noah,Gonzalez,noah.gonzalez@business.net,+1-433-969-9239,NextGen Software,Product Manager,Dallas,France
4295,Oliver,Moore,oliver.moore@business.net,+1-458-444-2481,TechStart Inc,Sales Representative,Houston,Mexico
4296,Ava,Martin,ava.martin@yahoo.com,+1-449-377-9207,Digital Dynamics,DevOps Engineer,New York,United States
4297,Noah,Moore,noah.moore@gmail.com,+1-572-915-3883,Acme Corp,DevOps Engineer,San Jose,France
4298,Liam,Williams,liam.williams@outlook.com,+1-634-802-9588,Innovation Labs,DevOps Engineer,Chicago,Canada
4299,Alexander,Anderson,alexander.anderson@hotmail.com,+1-700-419-9945,Future Enterprises,Sales Representative,San Antonio,Canada
4300,Liam,Anderson,liam.anderson@company.com,+1-458-563-3290,Future Enterprises,Software Engineer,Los Angeles,Brazil
4301,Sophia,Smith,sophia.smith@work.org,+1-444-543-7389,Digital Dynamics,Product Manager,San Jose,United States
4302,Oliver,Garcia,oliver.garcia@hotmail.com,+1-770-567-2648,Digital Dynamics,DevOps Engineer,Austin,Canada
4303,Ava,Rodriguez,ava.rodriguez@hotmail.com,+1-623-659-4482,Acme Corp,Data Analyst,Austin,France
4304,Sophia,Williams,sophia.williams@work.org,+1-631-899-3803,Innovation Labs,Marketing Manager,San Antonio,France
4305,William,Taylor,william.taylor@yahoo.com,+1-310-487-6404,NextGen Software,Data Analyst,Houston,Australia
4306,Lucas,Johnson,lucas.johnson@company.com,+1-683-822-7962,Future Enterprises,Marketing Manager,Charlotte,United Kingdom
4307,William,Gonzalez,william.gonzalez@business.net,+1-223-628-4913,DataFlow Systems,Financial Analyst,Fort Worth,France
4308,Olivia,Jackson,olivia.jackson@business.net,+1-812-816-5972,Innovation Labs,Marketing Manager,San Antonio,Australia
4309,Ethan,Williams,ethan.williams@business.net,+1-485-353-1458,Digital Dynamics,UX Designer,Phoenix,Japan
4310,Isabella,Johnson,isabella.johnson@hotmail.com,+1-884-513-5280,DataFlow Systems,Data Analyst,Dallas,United States
4311,Evelyn,Williams,evelyn.williams@business.net,+1-977-292-4111,DataFlow Systems,HR Specialist,Jacksonville,United Kingdom
4312,Amelia,Jackson,amelia.jackson@gmail.com,+1-798-138-9457,TechStart Inc,Software Engineer,Austin,Germany
4313,Mason,Hernandez,mason.hernandez@yahoo.com,+1-785-239-5113,DataFlow Systems,Product Manager,San Antonio,Canada
4314,Sophia,Jones,sophia.jones@work.org,+1-914-722-5203,Future Enterprises,Software Engineer,Phoenix,United States
4315,Lucas,Gonzalez,lucas.gonzalez@yahoo.com,+1-897-689-7872,CloudTech Pro,Product Manager,Columbus,Canada
4316,Isabella,Anderson,isabella.anderson@work.org,+1-319-183-9221,DataFlow Systems,DevOps Engineer,Phoenix,Canada
4317,Ava,Moore,ava.moore@gmail.com,+1-242-130-3373,Global Solutions,Data Analyst,Philadelphia,Mexico
4318,Olivia,Smith,olivia.smith@work.org,+1-557-905-7333,DataFlow Systems,Project Manager,Dallas,India
4319,Mia,Smith,mia.smith@hotmail.com,+1-443-703-6249,TechStart Inc,Software Engineer,Houston,Mexico
4320,William,Brown,william.brown@outlook.com,+1-995-622-8598,NextGen Software,Marketing Manager,Phoenix,Germany
4321,James,Rodriguez,james.rodriguez@business.net,+1-205-810-3204,Acme Corp,UX Designer,San Diego,Mexico
4322,James,Rodriguez,james.rodriguez@business.net,+1-859-615-1401,Future Enterprises,Data Analyst,Charlotte,Mexico
4323,Ethan,Martin,ethan.martin@company.com,+1-780-594-5164,NextGen Software,Project Manager,Los Angeles,Australia
4324,Ava,Jones,ava.jones@business.net,+1-525-557-7347,Innovation Labs,Data Analyst,Jacksonville,Mexico
4325,Isabella,Garcia,isabella.garcia@company.com,+1-923-455-5710,TechStart Inc,Sales Representative,Phoenix,Brazil
4326,Ava,Thomas,ava.thomas@yahoo.com,+1-464-604-2233,Innovation Labs,Financial Analyst,Los Angeles,United States
4327,Alexander,Jackson,alexander.jackson@company.com,+1-694-551-6198,Innovation Labs,Data Analyst,Phoenix,Germany
4328,James,Wilson,james.wilson@gmail.com,+1-808-491-8447,Innovation Labs,Project Manager,Houston,India
4329,Olivia,Thomas,olivia.thomas@work.org,+1-364-846-1466,Acme Corp,Sales Representative,New York,United Kingdom
4330,James,Brown,james.brown@gmail.com,+1-622-614-4687,Innovation Labs,UX Designer,Columbus,Japan
4331,Alexander,Brown,alexander.brown@company.com,+1-772-873-1886,Acme Corp,Project Manager,Austin,United States
4332,Sophia,Martin,sophia.martin@hotmail.com,+1-249-608-5762,Innovation Labs,Sales Representative,Philadelphia,Australia
4333,Liam,Taylor,liam.taylor@business.net,+1-996-475-8086,Innovation Labs,DevOps Engineer,Jacksonville,Germany
4334,Sophia,Smith,sophia.smith@business.net,+1-339-947-4349,CloudTech Pro,UX Designer,San Antonio,India
4335,Alexander,Jackson,alexander.jackson@hotmail.com,+1-920-251-1797,Acme Corp,Project Manager,San Diego,Mexico
4336,Amelia,Martinez,amelia.martinez@company.com,+1-693-642-4611,TechStart Inc,UX Designer,New York,France
4337,Liam,Martinez,liam.martinez@business.net,+1-384-914-7379,Acme Corp,HR Specialist,Los Angeles,France
4338,Olivia,Brown,olivia.brown@company.com,+1-542-401-9364,Innovation Labs,Product Manager,San Diego,Brazil
4339,Amelia,Anderson,amelia.anderson@work.org,+1-503-124-3979,Innovation Labs,Marketing Manager,Austin,Germany
4340,Harper,Gonzalez,harper.gonzalez@hotmail.com,+1-784-308-9809,Future Enterprises,Data Analyst,Chicago,United States
4341,Evelyn,Moore,evelyn.moore@hotmail.com,+1-417-101-9401,NextGen Software,Sales Representative,Fort Worth,United Kingdom
4342,Mia,Hernandez,mia.hernandez@outlook.com,+1-279-887-3433,Digital Dynamics,Product Manager,Los Angeles,Brazil
4343,William,Davis,william.davis@yahoo.com,+1-295-898-7524,Future Enterprises,HR Specialist,Jacksonville,United States
4344,Charlotte,Lopez,charlotte.lopez@outlook.com,+1-511-681-3816,Future Enterprises,Product Manager,New York,Australia
4345,Alexander,Anderson,alexander.anderson@yahoo.com,+1-765-763-8907,Innovation Labs,Software Engineer,San Diego,Japan
4346,Oliver,Lopez,oliver.lopez@gmail.com,+1-923-212-7557,CloudTech Pro,Data Analyst,Fort Worth,Brazil
4347,Olivia,Gonzalez,olivia.gonzalez@hotmail.com,+1-925-877-6715,DataFlow Systems,UX Designer,Philadelphia,Canada
4348,James,Jones,james.jones@work.org,+1-437-100-1003,CloudTech Pro,HR Specialist,Jacksonville,Germany
4349,Mia,Thomas,mia.thomas@work.org,+1-267-401-3823,Acme Corp,Financial Analyst,Jacksonville,India
4350,Mason,Miller,mason.miller@yahoo.com,+1-685-709-5846,Acme Corp,HR Specialist,Austin,Australia
4351,Ethan,Brown,ethan.brown@gmail.com,+1-215-110-1762,CloudTech Pro,UX Designer,Philadelphia,France
4352,Noah,Johnson,noah.johnson@work.org,+1-857-117-1529,CloudTech Pro,Marketing Manager,Jacksonville,France
4353,William,Williams,william.williams@gmail.com,+1-420-497-6610,Smart Analytics,DevOps Engineer,Chicago,Canada
4354,Lucas,Rodriguez,lucas.rodriguez@outlook.com,+1-295-959-7638,CloudTech Pro,Financial Analyst,Phoenix,France
4355,Noah,Taylor,noah.taylor@business.net,+1-792-952-2186,Digital Dynamics,Financial Analyst,Philadelphia,Germany
4356,Ethan,Garcia,ethan.garcia@outlook.com,+1-937-214-6988,Smart Analytics,Marketing Manager,Austin,Brazil
4357,Charlotte,Lopez,charlotte.lopez@outlook.com,+1-440-971-3220,Future Enterprises,Product Manager,Dallas,Japan
4358,Charlotte,Brown,charlotte.brown@outlook.com,+1-658-219-8349,Acme Corp,Marketing Manager,Chicago,India
4359,Olivia,Hernandez,olivia.hernandez@yahoo.com,+1-863-426-2249,Smart Analytics,Financial Analyst,Philadelphia,Australia
4360,Ava,Jones,ava.jones@work.org,+1-807-603-2530,Acme Corp,DevOps Engineer,Philadelphia,Australia
4361,Lucas,Martinez,lucas.martinez@hotmail.com,+1-699-401-2757,NextGen Software,HR Specialist,Dallas,France
4362,Mason,Johnson,mason.johnson@company.com,+1-441-984-8717,NextGen Software,Software Engineer,Chicago,Mexico
4363,Emma,Wilson,emma.wilson@hotmail.com,+1-588-789-5303,DataFlow Systems,Data Analyst,Phoenix,Brazil
4364,Ava,Williams,ava.williams@hotmail.com,+1-578-638-1083,Digital Dynamics,HR Specialist,Houston,United Kingdom
4365,Mia,Smith,mia.smith@work.org,+1-248-118-7199,Digital Dynamics,Software Engineer,San Diego,United States
4366,Mason,Jones,mason.jones@outlook.com,+1-286-980-8267,TechStart Inc,Product Manager,Philadelphia,Australia
4367,William,Johnson,william.johnson@gmail.com,+1-842-467-1057,TechStart Inc,Software Engineer,Chicago,Brazil
4368,Mason,Miller,mason.miller@work.org,+1-740-174-4709,Global Solutions,Marketing Manager,Fort Worth,Mexico
4369,Mason,Gonzalez,mason.gonzalez@outlook.com,+1-395-782-6172,NextGen Software,Financial Analyst,Fort Worth,Germany
4370,Benjamin,Lopez,benjamin.lopez@work.org,+1-712-112-3483,NextGen Software,Sales Representative,Jacksonville,United Kingdom
4371,Ava,Johnson,ava.johnson@yahoo.com,+1-653-369-7072,Innovation Labs,HR Specialist,Fort Worth,Mexico
4372,Oliver,Taylor,oliver.taylor@gmail.com,+1-556-459-5741,NextGen Software,Financial Analyst,Houston,Brazil
4373,Isabella,Martinez,isabella.martinez@outlook.com,+1-339-700-1038,Acme Corp,Financial Analyst,Phoenix,United States
4374,Lucas,Lopez,lucas.lopez@business.net,+1-618-528-9523,Future Enterprises,Financial Analyst,Philadelphia,Brazil
4375,Mia,Moore,mia.moore@outlook.com,+1-524-365-4130,Future Enterprises,Data Analyst,Philadelphia,United Kingdom
4376,Liam,Rodriguez,liam.rodriguez@gmail.com,+1-215-621-5798,DataFlow Systems,Financial Analyst,Los Angeles,Australia
4377,Mia,Wilson,mia.wilson@hotmail.com,+1-744-123-7355,Acme Corp,Marketing Manager,Fort Worth,Japan
4378,Mason,Martin,mason.martin@gmail.com,+1-533-942-7253,NextGen Software,Marketing Manager,Philadelphia,United States
4379,Mia,Gonzalez,mia.gonzalez@yahoo.com,+1-264-936-2684,Digital Dynamics,Project Manager,Charlotte,United States
4380,Sophia,Johnson,sophia.johnson@work.org,+1-322-452-8627,Future Enterprises,Sales Representative,Dallas,United States
4381,Charlotte,Brown,charlotte.brown@outlook.com,+1-369-345-8086,Innovation Labs,Data Analyst,Charlotte,United Kingdom
4382,Charlotte,Lopez,charlotte.lopez@yahoo.com,+1-584-703-4689,Digital Dynamics,Sales Representative,Phoenix,Japan
4383,Amelia,Martin,amelia.martin@company.com,+1-907-144-6781,Future Enterprises,Marketing Manager,San Jose,Germany
4384,William,Smith,william.smith@business.net,+1-843-523-8510,CloudTech Pro,Software Engineer,Jacksonville,India
4385,Isabella,Wilson,isabella.wilson@outlook.com,+1-396-251-5982,Digital Dynamics,UX Designer,Charlotte,Germany
4386,Isabella,Martin,isabella.martin@gmail.com,+1-368-833-4260,DataFlow Systems,Data Analyst,Austin,Brazil
4387,Amelia,Johnson,amelia.johnson@work.org,+1-824-311-6639,Global Solutions,Financial Analyst,Jacksonville,Brazil
4388,Liam,Wilson,liam.wilson@company.com,+1-860-721-3738,Acme Corp,Financial Analyst,Philadelphia,United States
4389,Charlotte,Wilson,charlotte.wilson@outlook.com,+1-755-972-5222,Global Solutions,Sales Representative,Chicago,India
4390,Ethan,Rodriguez,ethan.rodriguez@business.net,+1-208-609-2566,Digital Dynamics,Product Manager,San Antonio,Australia
4391,Noah,Hernandez,noah.hernandez@company.com,+1-527-233-7334,Digital Dynamics,Software Engineer,Philadelphia,Mexico
4392,Mason,Hernandez,mason.hernandez@company.com,+1-593-931-9854,Acme Corp,Marketing Manager,Los Angeles,France
4393,Noah,Hernandez,noah.hernandez@work.org,+1-932-923-7811,NextGen Software,Product Manager,Dallas,United Kingdom
4394,William,Martinez,william.martinez@business.net,+1-676-545-8851,Innovation Labs,Sales Representative,Austin,India
4395,Evelyn,Martin,evelyn.martin@outlook.com,+1-760-938-5728,TechStart Inc,UX Designer,Charlotte,Canada
4396,Noah,Thomas,noah.thomas@gmail.com,+1-766-324-8342,Smart Analytics,Project Manager,Austin,Mexico
4397,Harper,Johnson,harper.johnson@outlook.com,+1-931-489-7112,CloudTech Pro,DevOps Engineer,Los Angeles,India
4398,James,Anderson,james.anderson@work.org,+1-758-578-2604,Acme Corp,HR Specialist,Columbus,Canada
4399,Liam,Miller,liam.miller@company.com,+1-392-500-2569,Acme Corp,Software Engineer,San Jose,United States
4400,Olivia,Brown,olivia.brown@company.com,+1-261-229-3139,Acme Corp,Marketing Manager,New York,United Kingdom
4401,Emma,Hernandez,emma.hernandez@work.org,+1-275-597-1950,NextGen Software,Sales Representative,San Antonio,Japan
4402,Charlotte,Taylor,charlotte.taylor@yahoo.com,+1-715-145-6908,DataFlow Systems,DevOps Engineer,Chicago,India
4403,James,Gonzalez,james.gonzalez@yahoo.com,+1-389-419-1080,Future Enterprises,Sales Representative,Phoenix,Germany
4404,Liam,Moore,liam.moore@hotmail.com,+1-246-775-2621,CloudTech Pro,Sales Representative,Houston,India
4405,Mia,Moore,mia.moore@hotmail.com,+1-957-529-7653,DataFlow Systems,HR Specialist,Austin,Mexico
4406,Noah,Hernandez,noah.hernandez@work.org,+1-293-755-9334,Global Solutions,Sales Representative,Houston,Australia
4407,Ava,Hernandez,ava.hernandez@yahoo.com,+1-314-725-9133,DataFlow Systems,Sales Representative,Los Angeles,France
4408,Isabella,Martinez,isabella.martinez@work.org,+1-214-944-5580,Innovation Labs,Project Manager,New York,Brazil
4409,Benjamin,Garcia,benjamin.garcia@business.net,+1-248-192-4923,CloudTech Pro,Project Manager,Philadelphia,Canada
4410,Lucas,Jackson,lucas.jackson@yahoo.com,+1-237-455-6821,NextGen Software,UX Designer,New York,France
4411,Benjamin,Rodriguez,benjamin.rodriguez@hotmail.com,+1-907-884-5807,TechStart Inc,HR Specialist,Houston,Canada
4412,Ava,Taylor,ava.taylor@gmail.com,+1-773-833-7057,DataFlow Systems,DevOps Engineer,Houston,Canada
4413,Mia,Rodriguez,mia.rodriguez@gmail.com,+1-488-335-7960,Smart Analytics,Project Manager,New York,France
4414,Noah,Jones,noah.jones@outlook.com,+1-372-512-4168,Acme Corp,Product Manager,Jacksonville,France
4415,Ethan,Davis,ethan.davis@work.org,+1-662-647-3500,Global Solutions,Project Manager,Columbus,Canada
4416,James,Taylor,james.taylor@outlook.com,+1-368-608-3097,Global Solutions,Software Engineer,Houston,Brazil
4417,Oliver,Wilson,oliver.wilson@business.net,+1-219-468-3988,Future Enterprises,Financial Analyst,San Antonio,India
4418,Oliver,Thomas,oliver.thomas@work.org,+1-517-555-1933,Innovation Labs,Marketing Manager,Los Angeles,Germany
4419,Lucas,Jones,lucas.jones@work.org,+1-846-547-5692,Future Enterprises,Marketing Manager,Phoenix,France
4420,Sophia,Taylor,sophia.taylor@hotmail.com,+1-223-500-7162,TechStart Inc,DevOps Engineer,Chicago,United States
4421,Amelia,Martinez,amelia.martinez@company.com,+1-878-368-2880,Innovation Labs,DevOps Engineer,Austin,Brazil
4422,William,Martin,william.martin@business.net,+1-243-425-4954,CloudTech Pro,Marketing Manager,Charlotte,United Kingdom
4423,Amelia,Miller,amelia.miller@yahoo.com,+1-604-267-4626,Innovation Labs,Sales Representative,San Diego,Canada
4424,Isabella,Davis,isabella.davis@gmail.com,+1-570-465-2094,NextGen Software,Marketing Manager,New York,Brazil
4425,James,Rodriguez,james.rodriguez@company.com,+1-986-577-5160,DataFlow Systems,Product Manager,Charlotte,Japan
4426,Mason,Moore,mason.moore@outlook.com,+1-214-607-7045,Global Solutions,Data Analyst,Phoenix,Canada
4427,Charlotte,Thomas,charlotte.thomas@gmail.com,+1-839-302-6185,Acme Corp,Marketing Manager,San Diego,Germany
4428,Amelia,Martin,amelia.martin@company.com,+1-867-340-3276,TechStart Inc,Data Analyst,Charlotte,Germany
4429,Emma,Brown,emma.brown@hotmail.com,+1-871-494-3785,Digital Dynamics,Financial Analyst,San Antonio,India
4430,Charlotte,Martin,charlotte.martin@business.net,+1-777-683-6039,Innovation Labs,HR Specialist,Fort Worth,Brazil
4431,Ethan,Davis,ethan.davis@work.org,+1-424-234-5034,Future Enterprises,UX Designer,Fort Worth,France
4432,Harper,Anderson,harper.anderson@yahoo.com,+1-747-729-9519,Digital Dynamics,Product Manager,Houston,Mexico
4433,Ethan,Gonzalez,ethan.gonzalez@company.com,+1-763-509-8105,DataFlow Systems,UX Designer,New York,Japan
4434,Lucas,Lopez,lucas.lopez@work.org,+1-468-681-1345,Acme Corp,Marketing Manager,San Jose,Australia
4435,Sophia,Miller,sophia.miller@gmail.com,+1-283-817-4571,CloudTech Pro,Data Analyst,Charlotte,Mexico
4436,Amelia,Brown,amelia.brown@outlook.com,+1-487-816-6821,Acme Corp,Data Analyst,Houston,United Kingdom
4437,William,Williams,william.williams@outlook.com,+1-925-138-2527,Global Solutions,HR Specialist,San Antonio,Canada
4438,Amelia,Martinez,amelia.martinez@company.com,+1-245-528-4297,Digital Dynamics,Product Manager,Los Angeles,Australia
4439,Ava,Smith,ava.smith@company.com,+1-220-210-5506,Digital Dynamics,DevOps Engineer,Dallas,France
4440,Sophia,Lopez,sophia.lopez@outlook.com,+1-785-154-5408,TechStart Inc,Product Manager,Columbus,Australia
4441,Alexander,Martinez,alexander.martinez@outlook.com,+1-891-762-7983,Global Solutions,Sales Representative,Fort Worth,Brazil
4442,Ethan,Smith,ethan.smith@business.net,+1-775-302-6527,Future Enterprises,HR Specialist,Dallas,Canada
4443,Sophia,Davis,sophia.davis@company.com,+1-351-368-6635,Digital Dynamics,Marketing Manager,Dallas,Canada
4444,William,Martinez,william.martinez@gmail.com,+1-444-222-4142,Smart Analytics,Data Analyst,New York,India
4445,Charlotte,Moore,charlotte.moore@outlook.com,+1-872-233-2097,Global Solutions,Marketing Manager,San Diego,France
4446,Sophia,Martin,sophia.martin@company.com,+1-487-908-3406,Innovation Labs,Financial Analyst,Chicago,United States
4447,Mia,Brown,mia.brown@business.net,+1-979-501-8969,Future Enterprises,Sales Representative,Philadelphia,United States
4448,Harper,Hernandez,harper.hernandez@yahoo.com,+1-920-325-2192,Smart Analytics,Product Manager,Philadelphia,France
4449,James,Wilson,james.wilson@outlook.com,+1-655-630-5923,Future Enterprises,HR Specialist,San Jose,Canada
4450,Lucas,Garcia,lucas.garcia@business.net,+1-479-131-2524,DataFlow Systems,HR Specialist,Fort Worth,Japan
4451,Charlotte,Gonzalez,charlotte.gonzalez@hotmail.com,+1-497-707-7474,DataFlow Systems,Software Engineer,San Diego,India
4452,Emma,Williams,emma.williams@gmail.com,+1-799-210-9148,Digital Dynamics,Marketing Manager,Philadelphia,Brazil
4453,Charlotte,Garcia,charlotte.garcia@business.net,+1-709-403-1718,Smart Analytics,UX Designer,Los Angeles,Germany
4454,Ava,Smith,ava.smith@yahoo.com,+1-328-248-5912,CloudTech Pro,UX Designer,New York,United Kingdom
4455,Evelyn,Miller,evelyn.miller@hotmail.com,+1-763-547-6297,Acme Corp,UX Designer,Phoenix,Canada
4456,Mia,Thomas,mia.thomas@gmail.com,+1-737-320-1710,Digital Dynamics,Data Analyst,Los Angeles,Brazil
4457,Sophia,Garcia,sophia.garcia@hotmail.com,+1-296-953-6922,Digital Dynamics,Marketing Manager,Dallas,Mexico
4458,Alexander,Martin,alexander.martin@hotmail.com,+1-456-832-5180,NextGen Software,Product Manager,Charlotte,Canada
4459,Emma,Hernandez,emma.hernandez@gmail.com,+1-645-494-5521,NextGen Software,Project Manager,Jacksonville,United Kingdom
4460,Mia,Anderson,mia.anderson@yahoo.com,+1-302-575-8293,CloudTech Pro,UX Designer,Los Angeles,France
4461,Liam,Rodriguez,liam.rodriguez@hotmail.com,+1-650-651-1408,Global Solutions,Sales Representative,Chicago,Canada
4462,Mason,Johnson,mason.johnson@outlook.com,+1-285-791-2951,DataFlow Systems,Marketing Manager,Charlotte,Japan
4463,Amelia,Jackson,amelia.jackson@work.org,+1-747-123-8396,CloudTech Pro,DevOps Engineer,San Antonio,Germany
4464,Harper,Williams,harper.williams@company.com,+1-939-499-6376,Innovation Labs,UX Designer,Philadelphia,Japan
4465,Mia,Taylor,mia.taylor@yahoo.com,+1-358-162-7378,Future Enterprises,UX Designer,Los Angeles,Japan
4466,Ava,Garcia,ava.garcia@yahoo.com,+1-991-558-8743,TechStart Inc,DevOps Engineer,Dallas,Mexico
4467,Lucas,Johnson,lucas.johnson@gmail.com,+1-629-281-6731,Global Solutions,Financial Analyst,San Jose,Mexico
4468,Lucas,Rodriguez,lucas.rodriguez@outlook.com,+1-597-525-4487,Acme Corp,Data Analyst,Los Angeles,Canada
4469,Amelia,Rodriguez,amelia.rodriguez@company.com,+1-392-825-3179,DataFlow Systems,Product Manager,Los Angeles,Mexico
4470,William,Lopez,william.lopez@business.net,+1-898-952-7810,Acme Corp,Software Engineer,Phoenix,United States
4471,Ava,Wilson,ava.wilson@work.org,+1-443-437-9897,Digital Dynamics,HR Specialist,Los Angeles,France
4472,William,Martinez,william.martinez@work.org,+1-486-289-5288,Future Enterprises,DevOps Engineer,San Diego,Australia
4473,Noah,Hernandez,noah.hernandez@gmail.com,+1-549-482-5599,TechStart Inc,HR Specialist,Phoenix,Japan
4474,Mason,Martinez,mason.martinez@hotmail.com,+1-376-512-2633,CloudTech Pro,Project Manager,San Jose,India
4475,Amelia,Jackson,amelia.jackson@gmail.com,+1-647-590-2195,Smart Analytics,HR Specialist,Philadelphia,Mexico
4476,Sophia,Lopez,sophia.lopez@business.net,+1-291-975-3119,Digital Dynamics,Software Engineer,San Diego,Canada
4477,Alexander,Thomas,alexander.thomas@outlook.com,+1-917-725-7496,TechStart Inc,HR Specialist,Los Angeles,France
4478,Mason,Gonzalez,mason.gonzalez@gmail.com,+1-229-197-8974,Global Solutions,Software Engineer,San Diego,Brazil
4479,Olivia,Rodriguez,olivia.rodriguez@hotmail.com,+1-421-204-2146,Future Enterprises,Financial Analyst,Columbus,Brazil
4480,Olivia,Rodriguez,olivia.rodriguez@work.org,+1-305-979-4067,Acme Corp,Project Manager,Phoenix,Mexico
4481,Ava,Gonzalez,ava.gonzalez@work.org,+1-992-605-9569,Global Solutions,Sales Representative,Charlotte,Mexico
4482,Charlotte,Lopez,charlotte.lopez@gmail.com,+1-825-130-5572,Smart Analytics,UX Designer,Charlotte,Canada
4483,Emma,Miller,emma.miller@work.org,+1-420-125-8007,Innovation Labs,Product Manager,Dallas,United States
4484,Harper,Wilson,harper.wilson@outlook.com,+1-257-874-6278,CloudTech Pro,HR Specialist,San Antonio,Germany
4485,Mia,Taylor,mia.taylor@hotmail.com,+1-798-152-2585,Digital Dynamics,HR Specialist,San Diego,United Kingdom
4486,Emma,Thomas,emma.thomas@work.org,+1-242-766-6943,Future Enterprises,Marketing Manager,San Jose,Japan
4487,Noah,Lopez,noah.lopez@company.com,+1-493-592-6476,Digital Dynamics,Data Analyst,Dallas,France
4488,Mia,Thomas,mia.thomas@outlook.com,+1-260-314-8091,Digital Dynamics,Financial Analyst,Philadelphia,France
4489,Ava,Rodriguez,ava.rodriguez@hotmail.com,+1-952-959-7762,DataFlow Systems,Data Analyst,New York,Japan
4490,Charlotte,Wilson,charlotte.wilson@yahoo.com,+1-616-690-9565,DataFlow Systems,UX Designer,Chicago,Australia
4491,Amelia,Garcia,amelia.garcia@gmail.com,+1-538-426-1386,TechStart Inc,Project Manager,Fort Worth,Australia
4492,Liam,Wilson,liam.wilson@business.net,+1-949-224-3350,Global Solutions,Software Engineer,Jacksonville,Germany
4493,Isabella,Martin,isabella.martin@gmail.com,+1-883-695-9782,CloudTech Pro,Data Analyst,Los Angeles,Mexico
4494,Oliver,Wilson,oliver.wilson@work.org,+1-833-438-6193,TechStart Inc,Data Analyst,San Diego,Germany
4495,Harper,Miller,harper.miller@outlook.com,+1-496-101-7554,Global Solutions,Software Engineer,Phoenix,Australia
4496,Ava,Thomas,ava.thomas@yahoo.com,+1-871-471-7539,Smart Analytics,Product Manager,Philadelphia,Mexico
4497,Alexander,Anderson,alexander.anderson@work.org,+1-775-331-5395,Smart Analytics,DevOps Engineer,Dallas,United States
4498,Mia,Thomas,mia.thomas@business.net,+1-362-529-8466,CloudTech Pro,Marketing Manager,San Jose,United States
4499,Oliver,Johnson,oliver.johnson@gmail.com,+1-642-174-8796,CloudTech Pro,Financial Analyst,Fort Worth,Australia
4500,Emma,Lopez,emma.lopez@company.com,+1-388-124-3615,CloudTech Pro,HR Specialist,San Antonio,India
4501,Ava,Martinez,ava.martinez@outlook.com,+1-982-355-3976,Future Enterprises,Software Engineer,Los Angeles,Germany
4502,Ethan,Brown,ethan.brown@work.org,+1-420-573-8487,TechStart Inc,Project Manager,Chicago,Mexico
4503,William,Garcia,william.garcia@hotmail.com,+1-393-737-5078,NextGen Software,Software Engineer,Houston,India
4504,Sophia,Garcia,sophia.garcia@gmail.com,+1-911-792-8711,Global Solutions,Project Manager,San Diego,Brazil
4505,William,Martinez,william.martinez@hotmail.com,+1-962-757-3027,DataFlow Systems,UX Designer,Charlotte,United Kingdom
4506,Sophia,Johnson,sophia.johnson@gmail.com,+1-556-128-3775,NextGen Software,HR Specialist,Philadelphia,India
4507,Mason,Williams,mason.williams@yahoo.com,+1-858-464-8926,CloudTech Pro,Sales Representative,Charlotte,United Kingdom
4508,Liam,Gonzalez,liam.gonzalez@work.org,+1-261-966-9551,Acme Corp,DevOps Engineer,Jacksonville,Mexico
4509,Amelia,Williams,amelia.williams@work.org,+1-657-590-9051,CloudTech Pro,Sales Representative,Fort Worth,Japan
4510,Noah,Johnson,noah.johnson@yahoo.com,+1-237-848-6436,Innovation Labs,HR Specialist,Chicago,France
4511,William,Lopez,william.lopez@yahoo.com,+1-384-769-7857,Digital Dynamics,Sales Representative,New York,Japan
4512,Sophia,Martin,sophia.martin@yahoo.com,+1-600-884-6004,Innovation Labs,Software Engineer,Los Angeles,United Kingdom
4513,Oliver,Anderson,oliver.anderson@hotmail.com,+1-511-604-7367,Innovation Labs,Sales Representative,Phoenix,Mexico
4514,Olivia,Wilson,olivia.wilson@yahoo.com,+1-957-603-6602,Smart Analytics,Product Manager,Charlotte,Mexico
4515,William,Moore,william.moore@yahoo.com,+1-665-805-4443,Global Solutions,HR Specialist,New York,Australia
4516,Emma,Davis,emma.davis@yahoo.com,+1-600-299-6303,Innovation Labs,Sales Representative,Charlotte,India
4517,William,Wilson,william.wilson@gmail.com,+1-460-547-5666,DataFlow Systems,Software Engineer,Houston,France
4518,Lucas,Wilson,lucas.wilson@gmail.com,+1-713-563-1668,DataFlow Systems,Project Manager,San Antonio,India
4519,Ethan,Hernandez,ethan.hernandez@outlook.com,+1-415-570-1772,TechStart Inc,HR Specialist,San Diego,Brazil
4520,Benjamin,Lopez,benjamin.lopez@outlook.com,+1-987-968-4590,NextGen Software,Project Manager,San Diego,India
4521,Evelyn,Gonzalez,evelyn.gonzalez@work.org,+1-771-691-2017,Future Enterprises,Financial Analyst,San Diego,United States
4522,William,Wilson,william.wilson@company.com,+1-808-750-5095,Innovation Labs,DevOps Engineer,Fort Worth,Australia
4523,Oliver,Wilson,oliver.wilson@company.com,+1-756-281-8253,NextGen Software,DevOps Engineer,Houston,France
4524,Charlotte,Brown,charlotte.brown@hotmail.com,+1-272-278-5154,NextGen Software,DevOps Engineer,Dallas,United Kingdom
4525,Ava,Johnson,ava.johnson@hotmail.com,+1-572-664-4212,DataFlow Systems,Financial Analyst,Houston,Japan
4526,Alexander,Miller,alexander.miller@business.net,+1-854-814-2224,Smart Analytics,Financial Analyst,Fort Worth,United States
4527,James,Garcia,james.garcia@gmail.com,+1-541-608-3518,TechStart Inc,Data Analyst,Chicago,France
4528,Olivia,Lopez,olivia.lopez@work.org,+1-336-537-7826,Smart Analytics,UX Designer,Los Angeles,United Kingdom
4529,Noah,Hernandez,noah.hernandez@company.com,+1-674-542-6602,Future Enterprises,Marketing Manager,Austin,India
4530,Benjamin,Smith,benjamin.smith@hotmail.com,+1-425-504-4595,Innovation Labs,Data Analyst,New York,Canada
4531,William,Johnson,william.johnson@business.net,+1-227-653-5297,Innovation Labs,UX Designer,Phoenix,Brazil
4532,Isabella,Rodriguez,isabella.rodriguez@business.net,+1-807-154-3302,NextGen Software,Software Engineer,San Antonio,United Kingdom
4533,Benjamin,Miller,benjamin.miller@work.org,+1-890-430-3527,Digital Dynamics,Software Engineer,Philadelphia,United States
4534,Benjamin,Anderson,benjamin.anderson@outlook.com,+1-602-171-8194,Innovation Labs,Data Analyst,Phoenix,Australia
4535,Lucas,Thomas,lucas.thomas@company.com,+1-634-933-2015,Smart Analytics,Project Manager,Los Angeles,United Kingdom
4536,Alexander,Lopez,alexander.lopez@work.org,+1-545-783-3680,TechStart Inc,HR Specialist,Phoenix,India
4537,Emma,Wilson,emma.wilson@gmail.com,+1-273-235-9624,Smart Analytics,Product Manager,Charlotte,France
4538,Noah,Martinez,noah.martinez@yahoo.com,+1-408-929-4703,Digital Dynamics,Marketing Manager,San Jose,Australia
4539,Lucas,Johnson,lucas.johnson@business.net,+1-774-537-6048,Smart Analytics,Sales Representative,Charlotte,India
4540,Emma,Gonzalez,emma.gonzalez@yahoo.com,+1-598-172-4625,NextGen Software,Sales Representative,New York,Japan
4541,Isabella,Miller,isabella.miller@gmail.com,+1-381-366-9327,Future Enterprises,DevOps Engineer,San Antonio,France
4542,Alexander,Lopez,alexander.lopez@yahoo.com,+1-662-375-4891,NextGen Software,DevOps Engineer,San Jose,Brazil
4543,Evelyn,Brown,evelyn.brown@outlook.com,+1-281-126-9209,Global Solutions,UX Designer,Phoenix,India
4544,James,Jones,james.jones@company.com,+1-210-680-8749,NextGen Software,Product Manager,Columbus,Japan
4545,Charlotte,Johnson,charlotte.johnson@work.org,+1-307-348-2113,Future Enterprises,DevOps Engineer,Columbus,United States
4546,Mason,Anderson,mason.anderson@gmail.com,+1-359-876-2349,Future Enterprises,Financial Analyst,Dallas,United Kingdom
4547,Mason,Jones,mason.jones@yahoo.com,+1-464-522-5349,Smart Analytics,Financial Analyst,Jacksonville,Australia
4548,Noah,Taylor,noah.taylor@company.com,+1-285-280-3460,Innovation Labs,Data Analyst,San Diego,Mexico
4549,Charlotte,Hernandez,charlotte.hernandez@work.org,+1-920-116-2226,Acme Corp,Product Manager,Los Angeles,Canada
4550,Liam,Williams,liam.williams@work.org,+1-389-112-1093,Smart Analytics,UX Designer,Chicago,India
4551,Emma,Lopez,emma.lopez@work.org,+1-373-568-5635,Innovation Labs,Data Analyst,Philadelphia,Mexico
4552,Mason,Taylor,mason.taylor@hotmail.com,+1-332-875-4576,CloudTech Pro,Project Manager,Los Angeles,India
4553,Ethan,Davis,ethan.davis@outlook.com,+1-636-930-1289,Innovation Labs,Sales Representative,Charlotte,Japan
4554,Sophia,Moore,sophia.moore@business.net,+1-425-356-6231,Future Enterprises,Software Engineer,San Antonio,Canada
4555,Emma,Wilson,emma.wilson@company.com,+1-239-872-3059,CloudTech Pro,Data Analyst,Austin,Japan
4556,Mason,Johnson,mason.johnson@gmail.com,+1-670-868-2127,Digital Dynamics,Data Analyst,Chicago,France
4557,Charlotte,Moore,charlotte.moore@yahoo.com,+1-708-323-7574,Acme Corp,Marketing Manager,Austin,United States
4558,Mason,Wilson,mason.wilson@yahoo.com,+1-287-814-9712,CloudTech Pro,Project Manager,Los Angeles,United States
4559,Lucas,Thomas,lucas.thomas@gmail.com,+1-619-536-4381,Smart Analytics,Data Analyst,Charlotte,France
4560,William,Garcia,william.garcia@gmail.com,+1-838-371-1048,DataFlow Systems,Sales Representative,San Jose,Australia
4561,Oliver,Taylor,oliver.taylor@hotmail.com,+1-403-625-6205,CloudTech Pro,Product Manager,Fort Worth,Japan
4562,Evelyn,Anderson,evelyn.anderson@hotmail.com,+1-855-662-1614,Innovation Labs,Sales Representative,Charlotte,Mexico
4563,Ethan,Anderson,ethan.anderson@yahoo.com,+1-212-758-1903,Future Enterprises,HR Specialist,Fort Worth,United States
4564,Noah,Williams,noah.williams@yahoo.com,+1-594-966-6393,Digital Dynamics,UX Designer,Houston,India
4565,Ethan,Martin,ethan.martin@gmail.com,+1-959-350-9217,Acme Corp,Financial Analyst,Fort Worth,Mexico
4566,Lucas,Brown,lucas.brown@hotmail.com,+1-584-764-3824,Future Enterprises,Software Engineer,Houston,India
4567,Mia,Brown,mia.brown@gmail.com,+1-869-127-1142,Future Enterprises,Project Manager,Columbus,Germany
4568,Oliver,Jones,oliver.jones@hotmail.com,+1-244-420-4027,DataFlow Systems,Sales Representative,San Jose,India
4569,Emma,Garcia,emma.garcia@gmail.com,+1-620-352-4400,Acme Corp,Project Manager,Columbus,Germany
4570,Sophia,Jones,sophia.jones@company.com,+1-255-338-3769,Acme Corp,Marketing Manager,San Antonio,France
4571,Olivia,Jones,olivia.jones@hotmail.com,+1-415-647-9630,Future Enterprises,Sales Representative,San Jose,Germany
4572,Ava,Smith,ava.smith@yahoo.com,+1-205-518-9906,Digital Dynamics,Product Manager,Phoenix,United States
4573,Evelyn,Brown,evelyn.brown@hotmail.com,+1-738-748-7940,Innovation Labs,Sales Representative,Jacksonville,Australia
4574,Benjamin,Wilson,benjamin.wilson@yahoo.com,+1-705-219-9130,Acme Corp,HR Specialist,Austin,Mexico
4575,Mia,Jackson,mia.jackson@hotmail.com,+1-278-407-6665,CloudTech Pro,Software Engineer,Los Angeles,France
4576,Mia,Garcia,mia.garcia@gmail.com,+1-548-835-1188,Acme Corp,UX Designer,Jacksonville,Mexico
4577,Charlotte,Gonzalez,charlotte.gonzalez@yahoo.com,+1-630-723-4043,NextGen Software,Data Analyst,Houston,Brazil
4578,Benjamin,Wilson,benjamin.wilson@gmail.com,+1-620-587-2972,Acme Corp,Marketing Manager,Los Angeles,Brazil
4579,Noah,Martinez,noah.martinez@company.com,+1-401-118-8822,TechStart Inc,HR Specialist,Jacksonville,Mexico
4580,Sophia,Thomas,sophia.thomas@company.com,+1-900-186-2276,CloudTech Pro,Sales Representative,Phoenix,Germany
4581,James,Wilson,james.wilson@yahoo.com,+1-820-295-1587,CloudTech Pro,HR Specialist,Austin,Japan
4582,Mia,Jackson,mia.jackson@work.org,+1-577-684-2298,Smart Analytics,Data Analyst,Chicago,Japan
4583,Amelia,Johnson,amelia.johnson@gmail.com,+1-426-532-8271,Smart Analytics,Financial Analyst,Dallas,Mexico
4584,Alexander,Anderson,alexander.anderson@business.net,+1-363-345-3750,Global Solutions,Financial Analyst,San Jose,Germany
4585,Noah,Smith,noah.smith@hotmail.com,+1-648-579-8943,Smart Analytics,Marketing Manager,Columbus,Germany
4586,Lucas,Anderson,lucas.anderson@work.org,+1-485-624-9729,Innovation Labs,Product Manager,Dallas,United States
4587,Lucas,Moore,lucas.moore@business.net,+1-549-879-6211,Global Solutions,Product Manager,Dallas,Canada
4588,James,Miller,james.miller@business.net,+1-720-224-8516,TechStart Inc,Software Engineer,New York,United Kingdom
4589,Noah,Martinez,noah.martinez@hotmail.com,+1-862-338-4832,Future Enterprises,Data Analyst,Phoenix,Germany
4590,Oliver,Lopez,oliver.lopez@company.com,+1-846-568-9948,TechStart Inc,DevOps Engineer,Charlotte,Canada
4591,Charlotte,Hernandez,charlotte.hernandez@gmail.com,+1-977-282-8982,TechStart Inc,Product Manager,Austin,Brazil
4592,Mia,Lopez,mia.lopez@gmail.com,+1-522-151-9363,Innovation Labs,Marketing Manager,Charlotte,Germany
4593,Charlotte,Gonzalez,charlotte.gonzalez@work.org,+1-316-714-7638,CloudTech Pro,Data Analyst,Fort Worth,France
4594,Liam,Hernandez,liam.hernandez@outlook.com,+1-864-309-7950,Innovation Labs,Data Analyst,Houston,United Kingdom
4595,Mason,Martin,mason.martin@outlook.com,+1-915-563-3689,Innovation Labs,Data Analyst,Fort Worth,Australia
4596,Olivia,Brown,olivia.brown@gmail.com,+1-502-776-2144,Innovation Labs,DevOps Engineer,San Antonio,France
4597,Amelia,Davis,amelia.davis@yahoo.com,+1-302-332-3594,CloudTech Pro,Project Manager,Phoenix,Mexico
4598,Lucas,Hernandez,lucas.hernandez@company.com,+1-264-605-9910,Smart Analytics,HR Specialist,Los Angeles,India
4599,Noah,Martinez,noah.martinez@work.org,+1-473-990-6888,Acme Corp,Software Engineer,San Jose,United States
4600,Amelia,Thomas,amelia.thomas@outlook.com,+1-492-941-5112,Smart Analytics,Marketing Manager,San Jose,Brazil
4601,Alexander,Brown,alexander.brown@hotmail.com,+1-561-904-8928,TechStart Inc,Sales Representative,Jacksonville,Canada
4602,Mason,Martin,mason.martin@business.net,+1-244-901-4708,NextGen Software,Data Analyst,San Jose,Brazil
4603,Olivia,Gonzalez,olivia.gonzalez@company.com,+1-615-641-1391,Global Solutions,Sales Representative,Fort Worth,Canada
4604,Ava,Johnson,ava.johnson@yahoo.com,+1-306-600-6760,TechStart Inc,Product Manager,Phoenix,Australia
4605,Mia,Jackson,mia.jackson@yahoo.com,+1-735-289-3483,Smart Analytics,HR Specialist,Dallas,India
4606,Alexander,Taylor,alexander.taylor@business.net,+1-554-762-7508,TechStart Inc,Sales Representative,Los Angeles,Germany
4607,Oliver,Wilson,oliver.wilson@work.org,+1-589-863-4023,Acme Corp,Sales Representative,Philadelphia,Japan
4608,Isabella,Martin,isabella.martin@hotmail.com,+1-786-397-2633,TechStart Inc,Software Engineer,Phoenix,France
4609,Evelyn,Rodriguez,evelyn.rodriguez@gmail.com,+1-484-778-3670,Future Enterprises,DevOps Engineer,Chicago,Canada
4610,Evelyn,Jackson,evelyn.jackson@company.com,+1-538-848-3170,TechStart Inc,Marketing Manager,Fort Worth,Japan
4611,Harper,Williams,harper.williams@business.net,+1-832-752-6649,Future Enterprises,HR Specialist,Phoenix,Japan
4612,Ava,Martinez,ava.martinez@gmail.com,+1-761-196-1162,Innovation Labs,UX Designer,Fort Worth,Brazil
4613,William,Williams,william.williams@yahoo.com,+1-677-738-9524,DataFlow Systems,Data Analyst,Jacksonville,Australia
4614,Liam,Rodriguez,liam.rodriguez@business.net,+1-205-109-1971,Future Enterprises,DevOps Engineer,New York,Brazil
4615,Lucas,Garcia,lucas.garcia@gmail.com,+1-210-238-5490,Smart Analytics,Marketing Manager,Los Angeles,Brazil
4616,James,Taylor,james.taylor@work.org,+1-648-244-9662,DataFlow Systems,Project Manager,Austin,France
4617,Benjamin,Hernandez,benjamin.hernandez@yahoo.com,+1-835-829-6244,Digital Dynamics,Product Manager,Jacksonville,United Kingdom
4618,Charlotte,Jackson,charlotte.jackson@work.org,+1-724-791-4141,TechStart Inc,Marketing Manager,San Diego,United States
4619,Harper,Jones,harper.jones@work.org,+1-466-788-5219,Acme Corp,HR Specialist,San Diego,Japan
4620,William,Moore,william.moore@work.org,+1-800-419-2389,CloudTech Pro,Sales Representative,Fort Worth,Japan
4621,Amelia,Taylor,amelia.taylor@yahoo.com,+1-912-312-8853,Future Enterprises,Marketing Manager,Jacksonville,India
4622,Oliver,Lopez,oliver.lopez@yahoo.com,+1-659-671-6787,CloudTech Pro,Data Analyst,Los Angeles,United States
4623,Emma,Johnson,emma.johnson@company.com,+1-750-527-3019,NextGen Software,Financial Analyst,Columbus,Canada
4624,Charlotte,Williams,charlotte.williams@work.org,+1-840-679-6525,CloudTech Pro,Marketing Manager,San Antonio,Mexico
4625,Mia,Jackson,mia.jackson@company.com,+1-945-480-8842,Smart Analytics,Marketing Manager,Charlotte,United Kingdom
4626,James,Smith,james.smith@work.org,+1-318-792-5919,CloudTech Pro,HR Specialist,Chicago,Japan